recommendation_id,item_id,source_facility,destination_facility,route_id,policy_id,transfer_qty,forecasted_effect,confidence,broker_outcome,policy_reason,created_at
DHA-REC-0001,MED-ITEM-0001,MTF-0001,MTF-0038,DHA-ROUTE-0001,DHA-POL-0001,13,prevents projected stockout,0.82,proceed,Routine item; donor remains above safety stock and route supports storage needs,2026-09-08T08:00:00.000Z
DHA-REC-0002,MED-ITEM-0002,MTF-0002,MTF-0039,DHA-ROUTE-0002,DHA-POL-0002,13,adds 24 hours of coverage,0.58,gather_more_evidence,Demand forecast confidence is below 70 percent,2026-09-08T08:09:00.000Z
DHA-REC-0003,MED-ITEM-0003,MTF-0003,MTF-0040,DHA-ROUTE-0003,DHA-POL-0003,19,restores safety stock,0.93,human_review,Transfer leaves donor facility near minimum safety stock,2026-09-08T08:18:00.000Z
DHA-REC-0004,MED-ITEM-0004,MTF-0004,MTF-0041,DHA-ROUTE-0004,DHA-POL-0004,29,supports surge demand,0.76,escalate,Controlled or high-consequence materiel requires elevated review,2026-09-08T08:27:00.000Z
DHA-REC-0005,MED-ITEM-0005,MTF-0005,MTF-0042,DHA-ROUTE-0005,DHA-POL-0005,35,prevents projected stockout,0.82,deny,Required cold-chain capability is unavailable on the selected route,2026-09-08T08:36:00.000Z
DHA-REC-0006,MED-ITEM-0006,MTF-0006,MTF-0043,DHA-ROUTE-0006,DHA-POL-0006,29,adds 24 hours of coverage,0.9,proceed,Routine item; donor remains above safety stock and route supports storage needs,2026-09-08T08:45:00.000Z
DHA-REC-0007,MED-ITEM-0007,MTF-0007,MTF-0044,DHA-ROUTE-0007,DHA-POL-0007,7,restores safety stock,0.66,gather_more_evidence,Demand forecast confidence is below 70 percent,2026-09-08T08:54:00.000Z
DHA-REC-0008,MED-ITEM-0008,MTF-0008,MTF-0045,DHA-ROUTE-0008,DHA-POL-0008,1,supports surge demand,0.92,human_review,Transfer leaves donor facility near minimum safety stock,2026-09-08T09:03:00.000Z
DHA-REC-0009,MED-ITEM-0009,MTF-0009,MTF-0046,DHA-ROUTE-0009,DHA-POL-0009,40,prevents projected stockout,0.82,escalate,Controlled or high-consequence materiel requires elevated review,2026-09-08T09:12:00.000Z
DHA-REC-0010,MED-ITEM-0010,MTF-0010,MTF-0047,DHA-ROUTE-0010,DHA-POL-0010,24,adds 24 hours of coverage,0.77,deny,Required cold-chain capability is unavailable on the selected route,2026-09-08T09:21:00.000Z
DHA-REC-0011,MED-ITEM-0011,MTF-0011,MTF-0048,DHA-ROUTE-0011,DHA-POL-0011,81,restores safety stock,0.79,proceed,Routine item; donor remains above safety stock and route supports storage needs,2026-09-08T09:30:00.000Z
DHA-REC-0012,MED-ITEM-0012,MTF-0012,MTF-0049,DHA-ROUTE-0012,DHA-POL-0012,17,supports surge demand,0.51,gather_more_evidence,Demand forecast confidence is below 70 percent,2026-09-08T09:39:00.000Z
DHA-REC-0013,MED-ITEM-0013,MTF-0013,MTF-0050,DHA-ROUTE-0013,DHA-POL-0013,11,prevents projected stockout,0.89,human_review,Transfer leaves donor facility near minimum safety stock,2026-09-08T09:48:00.000Z
DHA-REC-0014,MED-ITEM-0014,MTF-0014,MTF-0051,DHA-ROUTE-0014,DHA-POL-0014,14,adds 24 hours of coverage,0.81,escalate,Controlled or high-consequence materiel requires elevated review,2026-09-08T09:57:00.000Z
DHA-REC-0015,MED-ITEM-0015,MTF-0015,MTF-0052,DHA-ROUTE-0015,DHA-POL-0015,70,restores safety stock,0.9,deny,Required cold-chain capability is unavailable on the selected route,2026-09-08T10:06:00.000Z
DHA-REC-0016,MED-ITEM-0016,MTF-0016,MTF-0053,DHA-ROUTE-0016,DHA-POL-0016,104,supports surge demand,0.85,proceed,Routine item; donor remains above safety stock and route supports storage needs,2026-09-08T10:15:00.000Z
DHA-REC-0017,MED-ITEM-0017,MTF-0017,MTF-0054,DHA-ROUTE-0017,DHA-POL-0017,6,prevents projected stockout,0.62,gather_more_evidence,Demand forecast confidence is below 70 percent,2026-09-08T10:24:00.000Z
DHA-REC-0018,MED-ITEM-0018,MTF-0018,MTF-0055,DHA-ROUTE-0018,DHA-POL-0018,3,adds 24 hours of coverage,0.91,human_review,Transfer leaves donor facility near minimum safety stock,2026-09-08T10:33:00.000Z
DHA-REC-0019,MED-ITEM-0019,MTF-0019,MTF-0056,DHA-ROUTE-0019,DHA-POL-0019,8,restores safety stock,0.93,escalate,Controlled or high-consequence materiel requires elevated review,2026-09-08T10:42:00.000Z
DHA-REC-0020,MED-ITEM-0020,MTF-0020,MTF-0057,DHA-ROUTE-0020,DHA-POL-0020,5,supports surge demand,0.86,deny,Required cold-chain capability is unavailable on the selected route,2026-09-08T10:51:00.000Z
DHA-REC-0021,MED-ITEM-0021,MTF-0021,MTF-0058,DHA-ROUTE-0021,DHA-POL-0021,122,prevents projected stockout,0.86,proceed,Routine item; donor remains above safety stock and route supports storage needs,2026-09-08T11:00:00.000Z
DHA-REC-0022,MED-ITEM-0022,MTF-0022,MTF-0059,DHA-ROUTE-0022,DHA-POL-0022,43,adds 24 hours of coverage,0.6,gather_more_evidence,Demand forecast confidence is below 70 percent,2026-09-08T11:09:00.000Z
DHA-REC-0023,MED-ITEM-0023,MTF-0023,MTF-0060,DHA-ROUTE-0023,DHA-POL-0023,7,restores safety stock,0.91,human_review,Transfer leaves donor facility near minimum safety stock,2026-09-08T11:18:00.000Z
DHA-REC-0024,MED-ITEM-0024,MTF-0024,MTF-0061,DHA-ROUTE-0024,DHA-POL-0024,70,supports surge demand,0.84,escalate,Controlled or high-consequence materiel requires elevated review,2026-09-08T11:27:00.000Z
DHA-REC-0025,MED-ITEM-0025,MTF-0025,MTF-0062,DHA-ROUTE-0025,DHA-POL-0025,43,prevents projected stockout,0.86,deny,Required cold-chain capability is unavailable on the selected route,2026-09-08T11:36:00.000Z
DHA-REC-0026,MED-ITEM-0026,MTF-0026,MTF-0063,DHA-ROUTE-0026,DHA-POL-0026,27,adds 24 hours of coverage,0.95,proceed,Routine item; donor remains above safety stock and route supports storage needs,2026-09-08T11:45:00.000Z
DHA-REC-0027,MED-ITEM-0027,MTF-0027,MTF-0064,DHA-ROUTE-0027,DHA-POL-0027,52,restores safety stock,0.61,gather_more_evidence,Demand forecast confidence is below 70 percent,2026-09-08T11:54:00.000Z
DHA-REC-0028,MED-ITEM-0028,MTF-0028,MTF-0065,DHA-ROUTE-0028,DHA-POL-0028,12,supports surge demand,0.82,human_review,Transfer leaves donor facility near minimum safety stock,2026-09-08T12:03:00.000Z
DHA-REC-0029,MED-ITEM-0029,MTF-0029,MTF-0066,DHA-ROUTE-0029,DHA-POL-0029,8,prevents projected stockout,0.92,escalate,Controlled or high-consequence materiel requires elevated review,2026-09-08T12:12:00.000Z
DHA-REC-0030,MED-ITEM-0030,MTF-0030,MTF-0067,DHA-ROUTE-0030,DHA-POL-0030,59,adds 24 hours of coverage,0.9,deny,Required cold-chain capability is unavailable on the selected route,2026-09-08T12:21:00.000Z
DHA-REC-0031,MED-ITEM-0031,MTF-0031,MTF-0068,DHA-ROUTE-0031,DHA-POL-0031,142,restores safety stock,0.8,proceed,Routine item; donor remains above safety stock and route supports storage needs,2026-09-08T12:30:00.000Z
DHA-REC-0032,MED-ITEM-0032,MTF-0032,MTF-0069,DHA-ROUTE-0032,DHA-POL-0032,39,supports surge demand,0.49,gather_more_evidence,Demand forecast confidence is below 70 percent,2026-09-08T12:39:00.000Z
DHA-REC-0033,MED-ITEM-0033,MTF-0033,MTF-0070,DHA-ROUTE-0033,DHA-POL-0033,10,prevents projected stockout,0.78,human_review,Transfer leaves donor facility near minimum safety stock,2026-09-08T12:48:00.000Z
DHA-REC-0034,MED-ITEM-0034,MTF-0034,MTF-0071,DHA-ROUTE-0034,DHA-POL-0034,6,adds 24 hours of coverage,0.87,escalate,Controlled or high-consequence materiel requires elevated review,2026-09-08T12:57:00.000Z
DHA-REC-0035,MED-ITEM-0035,MTF-0035,MTF-0072,DHA-ROUTE-0035,DHA-POL-0035,13,restores safety stock,0.77,deny,Required cold-chain capability is unavailable on the selected route,2026-09-08T13:06:00.000Z
DHA-REC-0036,MED-ITEM-0036,MTF-0036,MTF-0073,DHA-ROUTE-0036,DHA-POL-0036,9,supports surge demand,0.88,proceed,Routine item; donor remains above safety stock and route supports storage needs,2026-09-08T13:15:00.000Z
DHA-REC-0037,MED-ITEM-0037,MTF-0037,MTF-0074,DHA-ROUTE-0037,DHA-POL-0037,33,prevents projected stockout,0.66,gather_more_evidence,Demand forecast confidence is below 70 percent,2026-09-08T13:24:00.000Z
DHA-REC-0038,MED-ITEM-0038,MTF-0038,MTF-0075,DHA-ROUTE-0038,DHA-POL-0038,9,adds 24 hours of coverage,0.88,human_review,Transfer leaves donor facility near minimum safety stock,2026-09-08T13:33:00.000Z
DHA-REC-0039,MED-ITEM-0039,MTF-0039,MTF-0076,DHA-ROUTE-0039,DHA-POL-0039,45,restores safety stock,0.89,escalate,Controlled or high-consequence materiel requires elevated review,2026-09-08T13:42:00.000Z
DHA-REC-0040,MED-ITEM-0040,MTF-0040,MTF-0077,DHA-ROUTE-0040,DHA-POL-0040,18,supports surge demand,0.84,deny,Required cold-chain capability is unavailable on the selected route,2026-09-08T13:51:00.000Z
DHA-REC-0041,MED-ITEM-0041,MTF-0041,MTF-0078,DHA-ROUTE-0041,DHA-POL-0041,38,prevents projected stockout,0.86,proceed,Routine item; donor remains above safety stock and route supports storage needs,2026-09-08T14:00:00.000Z
DHA-REC-0042,MED-ITEM-0042,MTF-0042,MTF-0079,DHA-ROUTE-0042,DHA-POL-0042,43,adds 24 hours of coverage,0.53,gather_more_evidence,Demand forecast confidence is below 70 percent,2026-09-08T14:09:00.000Z
DHA-REC-0043,MED-ITEM-0043,MTF-0043,MTF-0080,DHA-ROUTE-0043,DHA-POL-0043,21,restores safety stock,0.79,human_review,Transfer leaves donor facility near minimum safety stock,2026-09-08T14:18:00.000Z
DHA-REC-0044,MED-ITEM-0044,MTF-0044,MTF-0081,DHA-ROUTE-0044,DHA-POL-0044,42,supports surge demand,0.94,escalate,Controlled or high-consequence materiel requires elevated review,2026-09-08T14:27:00.000Z
DHA-REC-0045,MED-ITEM-0045,MTF-0045,MTF-0082,DHA-ROUTE-0045,DHA-POL-0045,7,prevents projected stockout,0.84,deny,Required cold-chain capability is unavailable on the selected route,2026-09-08T14:36:00.000Z
DHA-REC-0046,MED-ITEM-0046,MTF-0046,MTF-0083,DHA-ROUTE-0046,DHA-POL-0046,5,adds 24 hours of coverage,0.83,proceed,Routine item; donor remains above safety stock and route supports storage needs,2026-09-08T14:45:00.000Z
DHA-REC-0047,MED-ITEM-0047,MTF-0047,MTF-0084,DHA-ROUTE-0047,DHA-POL-0047,33,restores safety stock,0.55,gather_more_evidence,Demand forecast confidence is below 70 percent,2026-09-08T14:54:00.000Z
DHA-REC-0048,MED-ITEM-0048,MTF-0048,MTF-0085,DHA-ROUTE-0048,DHA-POL-0048,14,supports surge demand,0.77,human_review,Transfer leaves donor facility near minimum safety stock,2026-09-08T15:03:00.000Z
DHA-REC-0049,MED-ITEM-0049,MTF-0049,MTF-0086,DHA-ROUTE-0049,DHA-POL-0049,45,prevents projected stockout,0.76,escalate,Controlled or high-consequence materiel requires elevated review,2026-09-08T15:12:00.000Z
DHA-REC-0050,MED-ITEM-0050,MTF-0050,MTF-0087,DHA-ROUTE-0050,DHA-POL-0050,28,adds 24 hours of coverage,0.81,deny,Required cold-chain capability is unavailable on the selected route,2026-09-08T15:21:00.000Z
DHA-REC-0051,MED-ITEM-0051,MTF-0051,MTF-0088,DHA-ROUTE-0051,DHA-POL-0051,172,restores safety stock,0.86,proceed,Routine item; donor remains above safety stock and route supports storage needs,2026-09-08T15:30:00.000Z
DHA-REC-0052,MED-ITEM-0052,MTF-0052,MTF-0089,DHA-ROUTE-0052,DHA-POL-0052,15,supports surge demand,0.62,gather_more_evidence,Demand forecast confidence is below 70 percent,2026-09-08T15:39:00.000Z
DHA-REC-0053,MED-ITEM-0053,MTF-0053,MTF-0090,DHA-ROUTE-0053,DHA-POL-0053,15,prevents projected stockout,0.92,human_review,Transfer leaves donor facility near minimum safety stock,2026-09-08T15:48:00.000Z
DHA-REC-0054,MED-ITEM-0054,MTF-0054,MTF-0091,DHA-ROUTE-0054,DHA-POL-0054,23,adds 24 hours of coverage,0.87,escalate,Controlled or high-consequence materiel requires elevated review,2026-09-08T15:57:00.000Z
DHA-REC-0055,MED-ITEM-0055,MTF-0055,MTF-0092,DHA-ROUTE-0055,DHA-POL-0055,30,restores safety stock,0.96,deny,Required cold-chain capability is unavailable on the selected route,2026-09-08T16:06:00.000Z
DHA-REC-0056,MED-ITEM-0056,MTF-0056,MTF-0093,DHA-ROUTE-0056,DHA-POL-0056,27,supports surge demand,0.82,proceed,Routine item; donor remains above safety stock and route supports storage needs,2026-09-08T16:15:00.000Z
DHA-REC-0057,MED-ITEM-0057,MTF-0057,MTF-0094,DHA-ROUTE-0057,DHA-POL-0057,32,prevents projected stockout,0.56,gather_more_evidence,Demand forecast confidence is below 70 percent,2026-09-08T16:24:00.000Z
DHA-REC-0058,MED-ITEM-0058,MTF-0058,MTF-0095,DHA-ROUTE-0058,DHA-POL-0058,15,adds 24 hours of coverage,0.93,human_review,Transfer leaves donor facility near minimum safety stock,2026-09-08T16:33:00.000Z
DHA-REC-0059,MED-ITEM-0059,MTF-0059,MTF-0096,DHA-ROUTE-0059,DHA-POL-0059,15,restores safety stock,0.94,escalate,Controlled or high-consequence materiel requires elevated review,2026-09-08T16:42:00.000Z
DHA-REC-0060,MED-ITEM-0060,MTF-0060,MTF-0097,DHA-ROUTE-0060,DHA-POL-0060,26,supports surge demand,0.94,deny,Required cold-chain capability is unavailable on the selected route,2026-09-08T16:51:00.000Z
DHA-REC-0061,MED-ITEM-0061,MTF-0061,MTF-0098,DHA-ROUTE-0061,DHA-POL-0061,124,prevents projected stockout,0.77,proceed,Routine item; donor remains above safety stock and route supports storage needs,2026-09-08T17:00:00.000Z
DHA-REC-0062,MED-ITEM-0062,MTF-0062,MTF-0099,DHA-ROUTE-0062,DHA-POL-0062,7,adds 24 hours of coverage,0.64,gather_more_evidence,Demand forecast confidence is below 70 percent,2026-09-08T17:09:00.000Z
DHA-REC-0063,MED-ITEM-0063,MTF-0063,MTF-0100,DHA-ROUTE-0063,DHA-POL-0063,12,restores safety stock,0.76,human_review,Transfer leaves donor facility near minimum safety stock,2026-09-08T17:18:00.000Z
DHA-REC-0064,MED-ITEM-0064,MTF-0064,MTF-0101,DHA-ROUTE-0064,DHA-POL-0064,40,supports surge demand,0.79,escalate,Controlled or high-consequence materiel requires elevated review,2026-09-08T17:27:00.000Z
DHA-REC-0065,MED-ITEM-0065,MTF-0065,MTF-0102,DHA-ROUTE-0065,DHA-POL-0065,46,prevents projected stockout,0.77,deny,Required cold-chain capability is unavailable on the selected route,2026-09-08T17:36:00.000Z
DHA-REC-0066,MED-ITEM-0066,MTF-0066,MTF-0103,DHA-ROUTE-0066,DHA-POL-0066,54,adds 24 hours of coverage,0.78,proceed,Routine item; donor remains above safety stock and route supports storage needs,2026-09-08T17:45:00.000Z
DHA-REC-0067,MED-ITEM-0067,MTF-0067,MTF-0104,DHA-ROUTE-0067,DHA-POL-0067,21,restores safety stock,0.55,gather_more_evidence,Demand forecast confidence is below 70 percent,2026-09-08T17:54:00.000Z
DHA-REC-0068,MED-ITEM-0068,MTF-0068,MTF-0105,DHA-ROUTE-0068,DHA-POL-0068,17,supports surge demand,0.89,human_review,Transfer leaves donor facility near minimum safety stock,2026-09-08T18:03:00.000Z
DHA-REC-0069,MED-ITEM-0069,MTF-0069,MTF-0106,DHA-ROUTE-0069,DHA-POL-0069,17,prevents projected stockout,0.85,escalate,Controlled or high-consequence materiel requires elevated review,2026-09-08T18:12:00.000Z
DHA-REC-0070,MED-ITEM-0070,MTF-0070,MTF-0107,DHA-ROUTE-0070,DHA-POL-0070,13,adds 24 hours of coverage,0.93,deny,Required cold-chain capability is unavailable on the selected route,2026-09-08T18:21:00.000Z
DHA-REC-0071,MED-ITEM-0071,MTF-0071,MTF-0108,DHA-ROUTE-0071,DHA-POL-0071,16,restores safety stock,0.9,proceed,Routine item; donor remains above safety stock and route supports storage needs,2026-09-08T18:30:00.000Z
DHA-REC-0072,MED-ITEM-0072,MTF-0072,MTF-0109,DHA-ROUTE-0072,DHA-POL-0072,39,supports surge demand,0.59,gather_more_evidence,Demand forecast confidence is below 70 percent,2026-09-08T18:39:00.000Z
DHA-REC-0073,MED-ITEM-0073,MTF-0073,MTF-0110,DHA-ROUTE-0073,DHA-POL-0073,9,prevents projected stockout,0.93,human_review,Transfer leaves donor facility near minimum safety stock,2026-09-08T18:48:00.000Z
DHA-REC-0074,MED-ITEM-0074,MTF-0074,MTF-0111,DHA-ROUTE-0074,DHA-POL-0074,9,adds 24 hours of coverage,0.86,escalate,Controlled or high-consequence materiel requires elevated review,2026-09-08T18:57:00.000Z
DHA-REC-0075,MED-ITEM-0075,MTF-0075,MTF-0112,DHA-ROUTE-0075,DHA-POL-0075,6,restores safety stock,0.84,deny,Required cold-chain capability is unavailable on the selected route,2026-09-08T19:06:00.000Z
DHA-REC-0076,MED-ITEM-0076,MTF-0076,MTF-0113,DHA-ROUTE-0076,DHA-POL-0076,171,supports surge demand,0.93,proceed,Routine item; donor remains above safety stock and route supports storage needs,2026-09-08T19:15:00.000Z
DHA-REC-0077,MED-ITEM-0077,MTF-0077,MTF-0114,DHA-ROUTE-0077,DHA-POL-0077,67,prevents projected stockout,0.53,gather_more_evidence,Demand forecast confidence is below 70 percent,2026-09-08T19:24:00.000Z
DHA-REC-0078,MED-ITEM-0078,MTF-0078,MTF-0115,DHA-ROUTE-0078,DHA-POL-0078,15,adds 24 hours of coverage,0.88,human_review,Transfer leaves donor facility near minimum safety stock,2026-09-08T19:33:00.000Z
DHA-REC-0079,MED-ITEM-0079,MTF-0079,MTF-0116,DHA-ROUTE-0079,DHA-POL-0079,22,restores safety stock,0.78,escalate,Controlled or high-consequence materiel requires elevated review,2026-09-08T19:42:00.000Z
DHA-REC-0080,MED-ITEM-0080,MTF-0080,MTF-0117,DHA-ROUTE-0080,DHA-POL-0080,23,supports surge demand,0.87,deny,Required cold-chain capability is unavailable on the selected route,2026-09-08T19:51:00.000Z
DHA-REC-0081,MED-ITEM-0081,MTF-0081,MTF-0118,DHA-ROUTE-0081,DHA-POL-0081,23,prevents projected stockout,0.95,proceed,Routine item; donor remains above safety stock and route supports storage needs,2026-09-08T20:00:00.000Z
DHA-REC-0082,MED-ITEM-0082,MTF-0082,MTF-0119,DHA-ROUTE-0082,DHA-POL-0082,10,adds 24 hours of coverage,0.66,gather_more_evidence,Demand forecast confidence is below 70 percent,2026-09-08T20:09:00.000Z
DHA-REC-0083,MED-ITEM-0083,MTF-0083,MTF-0120,DHA-ROUTE-0083,DHA-POL-0083,12,restores safety stock,0.92,human_review,Transfer leaves donor facility near minimum safety stock,2026-09-08T20:18:00.000Z
DHA-REC-0084,MED-ITEM-0084,MTF-0084,MTF-0121,DHA-ROUTE-0084,DHA-POL-0084,11,supports surge demand,0.96,escalate,Controlled or high-consequence materiel requires elevated review,2026-09-08T20:27:00.000Z
DHA-REC-0085,MED-ITEM-0085,MTF-0085,MTF-0122,DHA-ROUTE-0085,DHA-POL-0085,5,prevents projected stockout,0.93,deny,Required cold-chain capability is unavailable on the selected route,2026-09-08T20:36:00.000Z
DHA-REC-0086,MED-ITEM-0086,MTF-0086,MTF-0123,DHA-ROUTE-0086,DHA-POL-0086,105,adds 24 hours of coverage,0.8,proceed,Routine item; donor remains above safety stock and route supports storage needs,2026-09-08T20:45:00.000Z
DHA-REC-0087,MED-ITEM-0087,MTF-0087,MTF-0124,DHA-ROUTE-0087,DHA-POL-0087,17,restores safety stock,0.66,gather_more_evidence,Demand forecast confidence is below 70 percent,2026-09-08T20:54:00.000Z
DHA-REC-0088,MED-ITEM-0088,MTF-0088,MTF-0125,DHA-ROUTE-0088,DHA-POL-0088,19,supports surge demand,0.89,human_review,Transfer leaves donor facility near minimum safety stock,2026-09-08T21:03:00.000Z
DHA-REC-0089,MED-ITEM-0089,MTF-0089,MTF-0126,DHA-ROUTE-0089,DHA-POL-0089,7,prevents projected stockout,0.8,escalate,Controlled or high-consequence materiel requires elevated review,2026-09-08T21:12:00.000Z
DHA-REC-0090,MED-ITEM-0090,MTF-0090,MTF-0127,DHA-ROUTE-0090,DHA-POL-0090,13,adds 24 hours of coverage,0.79,deny,Required cold-chain capability is unavailable on the selected route,2026-09-08T21:21:00.000Z
DHA-REC-0091,MED-ITEM-0091,MTF-0091,MTF-0128,DHA-ROUTE-0091,DHA-POL-0091,100,restores safety stock,0.83,proceed,Routine item; donor remains above safety stock and route supports storage needs,2026-09-08T21:30:00.000Z
DHA-REC-0092,MED-ITEM-0092,MTF-0092,MTF-0129,DHA-ROUTE-0092,DHA-POL-0092,49,supports surge demand,0.69,gather_more_evidence,Demand forecast confidence is below 70 percent,2026-09-08T21:39:00.000Z
DHA-REC-0093,MED-ITEM-0093,MTF-0093,MTF-0130,DHA-ROUTE-0093,DHA-POL-0093,19,prevents projected stockout,0.79,human_review,Transfer leaves donor facility near minimum safety stock,2026-09-08T21:48:00.000Z
DHA-REC-0094,MED-ITEM-0094,MTF-0094,MTF-0131,DHA-ROUTE-0094,DHA-POL-0094,8,adds 24 hours of coverage,0.77,escalate,Controlled or high-consequence materiel requires elevated review,2026-09-08T21:57:00.000Z
DHA-REC-0095,MED-ITEM-0095,MTF-0095,MTF-0132,DHA-ROUTE-0095,DHA-POL-0095,45,restores safety stock,0.89,deny,Required cold-chain capability is unavailable on the selected route,2026-09-08T22:06:00.000Z
DHA-REC-0096,MED-ITEM-0096,MTF-0096,MTF-0133,DHA-ROUTE-0096,DHA-POL-0096,69,supports surge demand,0.78,proceed,Routine item; donor remains above safety stock and route supports storage needs,2026-09-08T22:15:00.000Z
DHA-REC-0097,MED-ITEM-0097,MTF-0097,MTF-0134,DHA-ROUTE-0097,DHA-POL-0097,60,prevents projected stockout,0.61,gather_more_evidence,Demand forecast confidence is below 70 percent,2026-09-08T22:24:00.000Z
DHA-REC-0098,MED-ITEM-0098,MTF-0098,MTF-0135,DHA-ROUTE-0098,DHA-POL-0098,16,adds 24 hours of coverage,0.86,human_review,Transfer leaves donor facility near minimum safety stock,2026-09-08T22:33:00.000Z
DHA-REC-0099,MED-ITEM-0099,MTF-0099,MTF-0136,DHA-ROUTE-0099,DHA-POL-0099,33,restores safety stock,0.78,escalate,Controlled or high-consequence materiel requires elevated review,2026-09-08T22:42:00.000Z
DHA-REC-0100,MED-ITEM-0100,MTF-0100,MTF-0137,DHA-ROUTE-0100,DHA-POL-0100,10,supports surge demand,0.95,deny,Required cold-chain capability is unavailable on the selected route,2026-09-08T22:51:00.000Z
DHA-REC-0101,MED-ITEM-0101,MTF-0101,MTF-0138,DHA-ROUTE-0101,DHA-POL-0101,102,prevents projected stockout,0.88,proceed,Routine item; donor remains above safety stock and route supports storage needs,2026-09-08T23:00:00.000Z
DHA-REC-0102,MED-ITEM-0102,MTF-0102,MTF-0139,DHA-ROUTE-0102,DHA-POL-0102,11,adds 24 hours of coverage,0.55,gather_more_evidence,Demand forecast confidence is below 70 percent,2026-09-08T23:09:00.000Z
DHA-REC-0103,MED-ITEM-0103,MTF-0103,MTF-0140,DHA-ROUTE-0103,DHA-POL-0103,15,restores safety stock,0.94,human_review,Transfer leaves donor facility near minimum safety stock,2026-09-08T23:18:00.000Z
DHA-REC-0104,MED-ITEM-0104,MTF-0104,MTF-0141,DHA-ROUTE-0104,DHA-POL-0104,17,supports surge demand,0.82,escalate,Controlled or high-consequence materiel requires elevated review,2026-09-08T23:27:00.000Z
DHA-REC-0105,MED-ITEM-0105,MTF-0105,MTF-0142,DHA-ROUTE-0105,DHA-POL-0105,51,prevents projected stockout,0.83,deny,Required cold-chain capability is unavailable on the selected route,2026-09-08T23:36:00.000Z
DHA-REC-0106,MED-ITEM-0106,MTF-0106,MTF-0143,DHA-ROUTE-0106,DHA-POL-0106,42,adds 24 hours of coverage,0.95,proceed,Routine item; donor remains above safety stock and route supports storage needs,2026-09-08T23:45:00.000Z
DHA-REC-0107,MED-ITEM-0107,MTF-0107,MTF-0144,DHA-ROUTE-0107,DHA-POL-0107,28,restores safety stock,0.67,gather_more_evidence,Demand forecast confidence is below 70 percent,2026-09-08T23:54:00.000Z
DHA-REC-0108,MED-ITEM-0108,MTF-0108,MTF-0145,DHA-ROUTE-0108,DHA-POL-0108,13,supports surge demand,0.84,human_review,Transfer leaves donor facility near minimum safety stock,2026-09-09T00:03:00.000Z
DHA-REC-0109,MED-ITEM-0109,MTF-0109,MTF-0146,DHA-ROUTE-0109,DHA-POL-0109,9,prevents projected stockout,0.91,escalate,Controlled or high-consequence materiel requires elevated review,2026-09-09T00:12:00.000Z
DHA-REC-0110,MED-ITEM-0110,MTF-0110,MTF-0147,DHA-ROUTE-0110,DHA-POL-0110,14,adds 24 hours of coverage,0.92,deny,Required cold-chain capability is unavailable on the selected route,2026-09-09T00:21:00.000Z
DHA-REC-0111,MED-ITEM-0111,MTF-0111,MTF-0148,DHA-ROUTE-0111,DHA-POL-0111,61,restores safety stock,0.86,proceed,Routine item; donor remains above safety stock and route supports storage needs,2026-09-09T00:30:00.000Z
DHA-REC-0112,MED-ITEM-0112,MTF-0112,MTF-0149,DHA-ROUTE-0112,DHA-POL-0112,8,supports surge demand,0.57,gather_more_evidence,Demand forecast confidence is below 70 percent,2026-09-09T00:39:00.000Z
DHA-REC-0113,MED-ITEM-0113,MTF-0113,MTF-0150,DHA-ROUTE-0113,DHA-POL-0113,8,prevents projected stockout,0.94,human_review,Transfer leaves donor facility near minimum safety stock,2026-09-09T00:48:00.000Z
DHA-REC-0114,MED-ITEM-0114,MTF-0114,MTF-0151,DHA-ROUTE-0114,DHA-POL-0114,17,adds 24 hours of coverage,0.93,escalate,Controlled or high-consequence materiel requires elevated review,2026-09-09T00:57:00.000Z
DHA-REC-0115,MED-ITEM-0115,MTF-0115,MTF-0152,DHA-ROUTE-0115,DHA-POL-0115,55,restores safety stock,0.84,deny,Required cold-chain capability is unavailable on the selected route,2026-09-09T01:06:00.000Z
DHA-REC-0116,MED-ITEM-0116,MTF-0116,MTF-0153,DHA-ROUTE-0116,DHA-POL-0116,49,supports surge demand,0.94,proceed,Routine item; donor remains above safety stock and route supports storage needs,2026-09-09T01:15:00.000Z
DHA-REC-0117,MED-ITEM-0117,MTF-0117,MTF-0154,DHA-ROUTE-0117,DHA-POL-0117,23,prevents projected stockout,0.5,gather_more_evidence,Demand forecast confidence is below 70 percent,2026-09-09T01:24:00.000Z
DHA-REC-0118,MED-ITEM-0118,MTF-0118,MTF-0155,DHA-ROUTE-0118,DHA-POL-0118,20,adds 24 hours of coverage,0.88,human_review,Transfer leaves donor facility near minimum safety stock,2026-09-09T01:33:00.000Z
DHA-REC-0119,MED-ITEM-0119,MTF-0119,MTF-0156,DHA-ROUTE-0119,DHA-POL-0119,44,restores safety stock,0.81,escalate,Controlled or high-consequence materiel requires elevated review,2026-09-09T01:42:00.000Z
DHA-REC-0120,MED-ITEM-0120,MTF-0120,MTF-0157,DHA-ROUTE-0120,DHA-POL-0120,56,supports surge demand,0.9,deny,Required cold-chain capability is unavailable on the selected route,2026-09-09T01:51:00.000Z
DHA-REC-0121,MED-ITEM-0121,MTF-0121,MTF-0158,DHA-ROUTE-0121,DHA-POL-0121,62,prevents projected stockout,0.91,proceed,Routine item; donor remains above safety stock and route supports storage needs,2026-09-09T02:00:00.000Z
DHA-REC-0122,MED-ITEM-0122,MTF-0122,MTF-0159,DHA-ROUTE-0122,DHA-POL-0122,31,adds 24 hours of coverage,0.62,gather_more_evidence,Demand forecast confidence is below 70 percent,2026-09-09T02:09:00.000Z
DHA-REC-0123,MED-ITEM-0123,MTF-0123,MTF-0160,DHA-ROUTE-0123,DHA-POL-0123,23,restores safety stock,0.77,human_review,Transfer leaves donor facility near minimum safety stock,2026-09-09T02:18:00.000Z
DHA-REC-0124,MED-ITEM-0124,MTF-0124,MTF-0161,DHA-ROUTE-0124,DHA-POL-0124,14,supports surge demand,0.84,escalate,Controlled or high-consequence materiel requires elevated review,2026-09-09T02:27:00.000Z
DHA-REC-0125,MED-ITEM-0125,MTF-0125,MTF-0162,DHA-ROUTE-0125,DHA-POL-0125,16,prevents projected stockout,0.85,deny,Required cold-chain capability is unavailable on the selected route,2026-09-09T02:36:00.000Z
DHA-REC-0126,MED-ITEM-0126,MTF-0126,MTF-0163,DHA-ROUTE-0126,DHA-POL-0126,47,adds 24 hours of coverage,0.83,proceed,Routine item; donor remains above safety stock and route supports storage needs,2026-09-09T02:45:00.000Z
DHA-REC-0127,MED-ITEM-0127,MTF-0127,MTF-0164,DHA-ROUTE-0127,DHA-POL-0127,54,restores safety stock,0.59,gather_more_evidence,Demand forecast confidence is below 70 percent,2026-09-09T02:54:00.000Z
DHA-REC-0128,MED-ITEM-0128,MTF-0128,MTF-0165,DHA-ROUTE-0128,DHA-POL-0128,17,supports surge demand,0.81,human_review,Transfer leaves donor facility near minimum safety stock,2026-09-09T03:03:00.000Z
DHA-REC-0129,MED-ITEM-0129,MTF-0129,MTF-0166,DHA-ROUTE-0129,DHA-POL-0129,56,prevents projected stockout,0.92,escalate,Controlled or high-consequence materiel requires elevated review,2026-09-09T03:12:00.000Z
DHA-REC-0130,MED-ITEM-0130,MTF-0130,MTF-0167,DHA-ROUTE-0130,DHA-POL-0130,23,adds 24 hours of coverage,0.83,deny,Required cold-chain capability is unavailable on the selected route,2026-09-09T03:21:00.000Z
DHA-REC-0131,MED-ITEM-0131,MTF-0131,MTF-0168,DHA-ROUTE-0131,DHA-POL-0131,68,restores safety stock,0.89,proceed,Routine item; donor remains above safety stock and route supports storage needs,2026-09-09T03:30:00.000Z
DHA-REC-0132,MED-ITEM-0132,MTF-0132,MTF-0169,DHA-ROUTE-0132,DHA-POL-0132,36,supports surge demand,0.54,gather_more_evidence,Demand forecast confidence is below 70 percent,2026-09-09T03:39:00.000Z
DHA-REC-0133,MED-ITEM-0133,MTF-0133,MTF-0170,DHA-ROUTE-0133,DHA-POL-0133,18,prevents projected stockout,0.79,human_review,Transfer leaves donor facility near minimum safety stock,2026-09-09T03:48:00.000Z
DHA-REC-0134,MED-ITEM-0134,MTF-0134,MTF-0171,DHA-ROUTE-0134,DHA-POL-0134,32,adds 24 hours of coverage,0.92,escalate,Controlled or high-consequence materiel requires elevated review,2026-09-09T03:57:00.000Z
DHA-REC-0135,MED-ITEM-0135,MTF-0135,MTF-0172,DHA-ROUTE-0135,DHA-POL-0135,23,restores safety stock,0.91,deny,Required cold-chain capability is unavailable on the selected route,2026-09-09T04:06:00.000Z
DHA-REC-0136,MED-ITEM-0136,MTF-0136,MTF-0173,DHA-ROUTE-0136,DHA-POL-0136,140,supports surge demand,0.87,proceed,Routine item; donor remains above safety stock and route supports storage needs,2026-09-09T04:15:00.000Z
DHA-REC-0137,MED-ITEM-0137,MTF-0137,MTF-0174,DHA-ROUTE-0137,DHA-POL-0137,14,prevents projected stockout,0.51,gather_more_evidence,Demand forecast confidence is below 70 percent,2026-09-09T04:24:00.000Z
DHA-REC-0138,MED-ITEM-0138,MTF-0138,MTF-0175,DHA-ROUTE-0138,DHA-POL-0138,21,adds 24 hours of coverage,0.85,human_review,Transfer leaves donor facility near minimum safety stock,2026-09-09T04:33:00.000Z
DHA-REC-0139,MED-ITEM-0139,MTF-0139,MTF-0176,DHA-ROUTE-0139,DHA-POL-0139,24,restores safety stock,0.79,escalate,Controlled or high-consequence materiel requires elevated review,2026-09-09T04:42:00.000Z
DHA-REC-0140,MED-ITEM-0140,MTF-0140,MTF-0177,DHA-ROUTE-0140,DHA-POL-0140,12,supports surge demand,0.87,deny,Required cold-chain capability is unavailable on the selected route,2026-09-09T04:51:00.000Z
DHA-REC-0141,MED-ITEM-0141,MTF-0141,MTF-0178,DHA-ROUTE-0141,DHA-POL-0141,87,prevents projected stockout,0.81,proceed,Routine item; donor remains above safety stock and route supports storage needs,2026-09-09T05:00:00.000Z
DHA-REC-0142,MED-ITEM-0142,MTF-0142,MTF-0179,DHA-ROUTE-0142,DHA-POL-0142,45,adds 24 hours of coverage,0.49,gather_more_evidence,Demand forecast confidence is below 70 percent,2026-09-09T05:09:00.000Z
DHA-REC-0143,MED-ITEM-0143,MTF-0143,MTF-0180,DHA-ROUTE-0143,DHA-POL-0143,22,restores safety stock,0.8,human_review,Transfer leaves donor facility near minimum safety stock,2026-09-09T05:18:00.000Z
DHA-REC-0144,MED-ITEM-0144,MTF-0144,MTF-0181,DHA-ROUTE-0144,DHA-POL-0144,7,supports surge demand,0.83,escalate,Controlled or high-consequence materiel requires elevated review,2026-09-09T05:27:00.000Z
DHA-REC-0145,MED-ITEM-0145,MTF-0145,MTF-0182,DHA-ROUTE-0145,DHA-POL-0145,22,prevents projected stockout,0.77,deny,Required cold-chain capability is unavailable on the selected route,2026-09-09T05:36:00.000Z
DHA-REC-0146,MED-ITEM-0146,MTF-0146,MTF-0183,DHA-ROUTE-0146,DHA-POL-0146,60,adds 24 hours of coverage,0.88,proceed,Routine item; donor remains above safety stock and route supports storage needs,2026-09-09T05:45:00.000Z
DHA-REC-0147,MED-ITEM-0147,MTF-0147,MTF-0184,DHA-ROUTE-0147,DHA-POL-0147,35,restores safety stock,0.65,gather_more_evidence,Demand forecast confidence is below 70 percent,2026-09-09T05:54:00.000Z
DHA-REC-0148,MED-ITEM-0148,MTF-0148,MTF-0185,DHA-ROUTE-0148,DHA-POL-0148,11,supports surge demand,0.95,human_review,Transfer leaves donor facility near minimum safety stock,2026-09-09T06:03:00.000Z
DHA-REC-0149,MED-ITEM-0149,MTF-0149,MTF-0186,DHA-ROUTE-0149,DHA-POL-0149,46,prevents projected stockout,0.81,escalate,Controlled or high-consequence materiel requires elevated review,2026-09-09T06:12:00.000Z
DHA-REC-0150,MED-ITEM-0150,MTF-0150,MTF-0187,DHA-ROUTE-0150,DHA-POL-0150,30,adds 24 hours of coverage,0.89,deny,Required cold-chain capability is unavailable on the selected route,2026-09-09T06:21:00.000Z
DHA-REC-0151,MED-ITEM-0151,MTF-0151,MTF-0188,DHA-ROUTE-0151,DHA-POL-0151,61,restores safety stock,0.95,proceed,Routine item; donor remains above safety stock and route supports storage needs,2026-09-09T06:30:00.000Z
DHA-REC-0152,MED-ITEM-0152,MTF-0152,MTF-0189,DHA-ROUTE-0152,DHA-POL-0152,36,supports surge demand,0.56,gather_more_evidence,Demand forecast confidence is below 70 percent,2026-09-09T06:39:00.000Z
DHA-REC-0153,MED-ITEM-0153,MTF-0153,MTF-0190,DHA-ROUTE-0153,DHA-POL-0153,25,prevents projected stockout,0.94,human_review,Transfer leaves donor facility near minimum safety stock,2026-09-09T06:48:00.000Z
DHA-REC-0154,MED-ITEM-0154,MTF-0154,MTF-0191,DHA-ROUTE-0154,DHA-POL-0154,21,adds 24 hours of coverage,0.9,escalate,Controlled or high-consequence materiel requires elevated review,2026-09-09T06:57:00.000Z
DHA-REC-0155,MED-ITEM-0155,MTF-0155,MTF-0192,DHA-ROUTE-0155,DHA-POL-0155,11,restores safety stock,0.85,deny,Required cold-chain capability is unavailable on the selected route,2026-09-09T07:06:00.000Z
DHA-REC-0156,MED-ITEM-0156,MTF-0156,MTF-0193,DHA-ROUTE-0156,DHA-POL-0156,85,supports surge demand,0.9,proceed,Routine item; donor remains above safety stock and route supports storage needs,2026-09-09T07:15:00.000Z
DHA-REC-0157,MED-ITEM-0157,MTF-0157,MTF-0194,DHA-ROUTE-0157,DHA-POL-0157,8,prevents projected stockout,0.65,gather_more_evidence,Demand forecast confidence is below 70 percent,2026-09-09T07:24:00.000Z
DHA-REC-0158,MED-ITEM-0158,MTF-0158,MTF-0195,DHA-ROUTE-0158,DHA-POL-0158,7,adds 24 hours of coverage,0.89,human_review,Transfer leaves donor facility near minimum safety stock,2026-09-09T07:33:00.000Z
DHA-REC-0159,MED-ITEM-0159,MTF-0159,MTF-0196,DHA-ROUTE-0159,DHA-POL-0159,8,restores safety stock,0.78,escalate,Controlled or high-consequence materiel requires elevated review,2026-09-09T07:42:00.000Z
DHA-REC-0160,MED-ITEM-0160,MTF-0160,MTF-0197,DHA-ROUTE-0160,DHA-POL-0160,38,supports surge demand,0.78,deny,Required cold-chain capability is unavailable on the selected route,2026-09-09T07:51:00.000Z
DHA-REC-0161,MED-ITEM-0161,MTF-0161,MTF-0198,DHA-ROUTE-0161,DHA-POL-0161,190,prevents projected stockout,0.81,proceed,Routine item; donor remains above safety stock and route supports storage needs,2026-09-09T08:00:00.000Z
DHA-REC-0162,MED-ITEM-0162,MTF-0162,MTF-0199,DHA-ROUTE-0162,DHA-POL-0162,10,adds 24 hours of coverage,0.55,gather_more_evidence,Demand forecast confidence is below 70 percent,2026-09-09T08:09:00.000Z
DHA-REC-0163,MED-ITEM-0163,MTF-0163,MTF-0200,DHA-ROUTE-0163,DHA-POL-0163,23,restores safety stock,0.83,human_review,Transfer leaves donor facility near minimum safety stock,2026-09-09T08:18:00.000Z
DHA-REC-0164,MED-ITEM-0164,MTF-0164,MTF-0201,DHA-ROUTE-0164,DHA-POL-0164,14,supports surge demand,0.83,escalate,Controlled or high-consequence materiel requires elevated review,2026-09-09T08:27:00.000Z
DHA-REC-0165,MED-ITEM-0165,MTF-0165,MTF-0202,DHA-ROUTE-0165,DHA-POL-0165,16,prevents projected stockout,0.82,deny,Required cold-chain capability is unavailable on the selected route,2026-09-09T08:36:00.000Z
DHA-REC-0166,MED-ITEM-0166,MTF-0166,MTF-0203,DHA-ROUTE-0166,DHA-POL-0166,76,adds 24 hours of coverage,0.92,proceed,Routine item; donor remains above safety stock and route supports storage needs,2026-09-09T08:45:00.000Z
DHA-REC-0167,MED-ITEM-0167,MTF-0167,MTF-0204,DHA-ROUTE-0167,DHA-POL-0167,28,restores safety stock,0.62,gather_more_evidence,Demand forecast confidence is below 70 percent,2026-09-09T08:54:00.000Z
DHA-REC-0168,MED-ITEM-0168,MTF-0168,MTF-0205,DHA-ROUTE-0168,DHA-POL-0168,9,supports surge demand,0.91,human_review,Transfer leaves donor facility near minimum safety stock,2026-09-09T09:03:00.000Z
DHA-REC-0169,MED-ITEM-0169,MTF-0169,MTF-0206,DHA-ROUTE-0169,DHA-POL-0169,14,prevents projected stockout,0.85,escalate,Controlled or high-consequence materiel requires elevated review,2026-09-09T09:12:00.000Z
DHA-REC-0170,MED-ITEM-0170,MTF-0170,MTF-0207,DHA-ROUTE-0170,DHA-POL-0170,21,adds 24 hours of coverage,0.84,deny,Required cold-chain capability is unavailable on the selected route,2026-09-09T09:21:00.000Z
DHA-REC-0171,MED-ITEM-0171,MTF-0171,MTF-0208,DHA-ROUTE-0171,DHA-POL-0171,52,restores safety stock,0.81,proceed,Routine item; donor remains above safety stock and route supports storage needs,2026-09-09T09:30:00.000Z
DHA-REC-0172,MED-ITEM-0172,MTF-0172,MTF-0209,DHA-ROUTE-0172,DHA-POL-0172,44,supports surge demand,0.62,gather_more_evidence,Demand forecast confidence is below 70 percent,2026-09-09T09:39:00.000Z
DHA-REC-0173,MED-ITEM-0173,MTF-0173,MTF-0210,DHA-ROUTE-0173,DHA-POL-0173,16,prevents projected stockout,0.76,human_review,Transfer leaves donor facility near minimum safety stock,2026-09-09T09:48:00.000Z
DHA-REC-0174,MED-ITEM-0174,MTF-0174,MTF-0211,DHA-ROUTE-0174,DHA-POL-0174,26,adds 24 hours of coverage,0.95,escalate,Controlled or high-consequence materiel requires elevated review,2026-09-09T09:57:00.000Z
DHA-REC-0175,MED-ITEM-0175,MTF-0175,MTF-0212,DHA-ROUTE-0175,DHA-POL-0175,23,restores safety stock,0.79,deny,Required cold-chain capability is unavailable on the selected route,2026-09-09T10:06:00.000Z
DHA-REC-0176,MED-ITEM-0176,MTF-0176,MTF-0213,DHA-ROUTE-0176,DHA-POL-0176,25,supports surge demand,0.82,proceed,Routine item; donor remains above safety stock and route supports storage needs,2026-09-09T10:15:00.000Z
DHA-REC-0177,MED-ITEM-0177,MTF-0177,MTF-0214,DHA-ROUTE-0177,DHA-POL-0177,18,prevents projected stockout,0.67,gather_more_evidence,Demand forecast confidence is below 70 percent,2026-09-09T10:24:00.000Z
DHA-REC-0178,MED-ITEM-0178,MTF-0178,MTF-0215,DHA-ROUTE-0178,DHA-POL-0178,6,adds 24 hours of coverage,0.89,human_review,Transfer leaves donor facility near minimum safety stock,2026-09-09T10:33:00.000Z
DHA-REC-0179,MED-ITEM-0179,MTF-0179,MTF-0216,DHA-ROUTE-0179,DHA-POL-0179,27,restores safety stock,0.88,escalate,Controlled or high-consequence materiel requires elevated review,2026-09-09T10:42:00.000Z
DHA-REC-0180,MED-ITEM-0180,MTF-0180,MTF-0217,DHA-ROUTE-0180,DHA-POL-0180,26,supports surge demand,0.9,deny,Required cold-chain capability is unavailable on the selected route,2026-09-09T10:51:00.000Z
DHA-REC-0181,MED-ITEM-0181,MTF-0181,MTF-0218,DHA-ROUTE-0181,DHA-POL-0181,15,prevents projected stockout,0.86,proceed,Routine item; donor remains above safety stock and route supports storage needs,2026-09-09T11:00:00.000Z
DHA-REC-0182,MED-ITEM-0182,MTF-0182,MTF-0219,DHA-ROUTE-0182,DHA-POL-0182,16,adds 24 hours of coverage,0.53,gather_more_evidence,Demand forecast confidence is below 70 percent,2026-09-09T11:09:00.000Z
DHA-REC-0183,MED-ITEM-0183,MTF-0183,MTF-0220,DHA-ROUTE-0183,DHA-POL-0183,2,restores safety stock,0.82,human_review,Transfer leaves donor facility near minimum safety stock,2026-09-09T11:18:00.000Z
DHA-REC-0184,MED-ITEM-0184,MTF-0184,MTF-0221,DHA-ROUTE-0184,DHA-POL-0184,50,supports surge demand,0.83,escalate,Controlled or high-consequence materiel requires elevated review,2026-09-09T11:27:00.000Z
DHA-REC-0185,MED-ITEM-0185,MTF-0185,MTF-0222,DHA-ROUTE-0185,DHA-POL-0185,12,prevents projected stockout,0.89,deny,Required cold-chain capability is unavailable on the selected route,2026-09-09T11:36:00.000Z
DHA-REC-0186,MED-ITEM-0186,MTF-0186,MTF-0223,DHA-ROUTE-0186,DHA-POL-0186,81,adds 24 hours of coverage,0.8,proceed,Routine item; donor remains above safety stock and route supports storage needs,2026-09-09T11:45:00.000Z
DHA-REC-0187,MED-ITEM-0187,MTF-0187,MTF-0224,DHA-ROUTE-0187,DHA-POL-0187,18,restores safety stock,0.59,gather_more_evidence,Demand forecast confidence is below 70 percent,2026-09-09T11:54:00.000Z
DHA-REC-0188,MED-ITEM-0188,MTF-0188,MTF-0225,DHA-ROUTE-0188,DHA-POL-0188,13,supports surge demand,0.93,human_review,Transfer leaves donor facility near minimum safety stock,2026-09-09T12:03:00.000Z
DHA-REC-0189,MED-ITEM-0189,MTF-0189,MTF-0226,DHA-ROUTE-0189,DHA-POL-0189,6,prevents projected stockout,0.8,escalate,Controlled or high-consequence materiel requires elevated review,2026-09-09T12:12:00.000Z
DHA-REC-0190,MED-ITEM-0190,MTF-0190,MTF-0227,DHA-ROUTE-0190,DHA-POL-0190,50,adds 24 hours of coverage,0.87,deny,Required cold-chain capability is unavailable on the selected route,2026-09-09T12:21:00.000Z
DHA-REC-0191,MED-ITEM-0191,MTF-0191,MTF-0228,DHA-ROUTE-0191,DHA-POL-0191,32,restores safety stock,0.79,proceed,Routine item; donor remains above safety stock and route supports storage needs,2026-09-09T12:30:00.000Z
DHA-REC-0192,MED-ITEM-0192,MTF-0192,MTF-0229,DHA-ROUTE-0192,DHA-POL-0192,9,supports surge demand,0.59,gather_more_evidence,Demand forecast confidence is below 70 percent,2026-09-09T12:39:00.000Z
DHA-REC-0193,MED-ITEM-0193,MTF-0193,MTF-0230,DHA-ROUTE-0193,DHA-POL-0193,22,prevents projected stockout,0.79,human_review,Transfer leaves donor facility near minimum safety stock,2026-09-09T12:48:00.000Z
DHA-REC-0194,MED-ITEM-0194,MTF-0194,MTF-0231,DHA-ROUTE-0194,DHA-POL-0194,31,adds 24 hours of coverage,0.81,escalate,Controlled or high-consequence materiel requires elevated review,2026-09-09T12:57:00.000Z
DHA-REC-0195,MED-ITEM-0195,MTF-0195,MTF-0232,DHA-ROUTE-0195,DHA-POL-0195,36,restores safety stock,0.84,deny,Required cold-chain capability is unavailable on the selected route,2026-09-09T13:06:00.000Z
DHA-REC-0196,MED-ITEM-0196,MTF-0196,MTF-0233,DHA-ROUTE-0196,DHA-POL-0196,35,supports surge demand,0.77,proceed,Routine item; donor remains above safety stock and route supports storage needs,2026-09-09T13:15:00.000Z
DHA-REC-0197,MED-ITEM-0197,MTF-0197,MTF-0234,DHA-ROUTE-0197,DHA-POL-0197,12,prevents projected stockout,0.58,gather_more_evidence,Demand forecast confidence is below 70 percent,2026-09-09T13:24:00.000Z
DHA-REC-0198,MED-ITEM-0198,MTF-0198,MTF-0235,DHA-ROUTE-0198,DHA-POL-0198,8,adds 24 hours of coverage,0.96,human_review,Transfer leaves donor facility near minimum safety stock,2026-09-09T13:33:00.000Z
DHA-REC-0199,MED-ITEM-0199,MTF-0199,MTF-0236,DHA-ROUTE-0199,DHA-POL-0199,9,restores safety stock,0.86,escalate,Controlled or high-consequence materiel requires elevated review,2026-09-09T13:42:00.000Z
DHA-REC-0200,MED-ITEM-0200,MTF-0200,MTF-0237,DHA-ROUTE-0200,DHA-POL-0200,20,supports surge demand,0.82,deny,Required cold-chain capability is unavailable on the selected route,2026-09-09T13:51:00.000Z
DHA-REC-0201,MED-ITEM-0201,MTF-0201,MTF-0238,DHA-ROUTE-0201,DHA-POL-0201,90,prevents projected stockout,0.86,proceed,Routine item; donor remains above safety stock and route supports storage needs,2026-09-09T14:00:00.000Z
DHA-REC-0202,MED-ITEM-0202,MTF-0202,MTF-0239,DHA-ROUTE-0202,DHA-POL-0202,46,adds 24 hours of coverage,0.65,gather_more_evidence,Demand forecast confidence is below 70 percent,2026-09-09T14:09:00.000Z
DHA-REC-0203,MED-ITEM-0203,MTF-0203,MTF-0240,DHA-ROUTE-0203,DHA-POL-0203,7,restores safety stock,0.86,human_review,Transfer leaves donor facility near minimum safety stock,2026-09-09T14:18:00.000Z
DHA-REC-0204,MED-ITEM-0204,MTF-0204,MTF-0241,DHA-ROUTE-0204,DHA-POL-0204,24,supports surge demand,0.92,escalate,Controlled or high-consequence materiel requires elevated review,2026-09-09T14:27:00.000Z
DHA-REC-0205,MED-ITEM-0205,MTF-0205,MTF-0242,DHA-ROUTE-0205,DHA-POL-0205,17,prevents projected stockout,0.96,deny,Required cold-chain capability is unavailable on the selected route,2026-09-09T14:36:00.000Z
DHA-REC-0206,MED-ITEM-0206,MTF-0206,MTF-0243,DHA-ROUTE-0206,DHA-POL-0206,158,adds 24 hours of coverage,0.85,proceed,Routine item; donor remains above safety stock and route supports storage needs,2026-09-09T14:45:00.000Z
DHA-REC-0207,MED-ITEM-0207,MTF-0207,MTF-0244,DHA-ROUTE-0207,DHA-POL-0207,9,restores safety stock,0.56,gather_more_evidence,Demand forecast confidence is below 70 percent,2026-09-09T14:54:00.000Z
DHA-REC-0208,MED-ITEM-0208,MTF-0208,MTF-0245,DHA-ROUTE-0208,DHA-POL-0208,5,supports surge demand,0.85,human_review,Transfer leaves donor facility near minimum safety stock,2026-09-09T15:03:00.000Z
DHA-REC-0209,MED-ITEM-0209,MTF-0209,MTF-0246,DHA-ROUTE-0209,DHA-POL-0209,31,prevents projected stockout,0.92,escalate,Controlled or high-consequence materiel requires elevated review,2026-09-09T15:12:00.000Z
DHA-REC-0210,MED-ITEM-0210,MTF-0210,MTF-0247,DHA-ROUTE-0210,DHA-POL-0210,22,adds 24 hours of coverage,0.89,deny,Required cold-chain capability is unavailable on the selected route,2026-09-09T15:21:00.000Z
DHA-REC-0211,MED-ITEM-0211,MTF-0211,MTF-0248,DHA-ROUTE-0211,DHA-POL-0211,11,restores safety stock,0.82,proceed,Routine item; donor remains above safety stock and route supports storage needs,2026-09-09T15:30:00.000Z
DHA-REC-0212,MED-ITEM-0212,MTF-0212,MTF-0249,DHA-ROUTE-0212,DHA-POL-0212,15,supports surge demand,0.62,gather_more_evidence,Demand forecast confidence is below 70 percent,2026-09-09T15:39:00.000Z
DHA-REC-0213,MED-ITEM-0213,MTF-0213,MTF-0250,DHA-ROUTE-0213,DHA-POL-0213,20,prevents projected stockout,0.79,human_review,Transfer leaves donor facility near minimum safety stock,2026-09-09T15:48:00.000Z
DHA-REC-0214,MED-ITEM-0214,MTF-0214,MTF-0251,DHA-ROUTE-0214,DHA-POL-0214,79,adds 24 hours of coverage,0.76,escalate,Controlled or high-consequence materiel requires elevated review,2026-09-09T15:57:00.000Z
DHA-REC-0215,MED-ITEM-0215,MTF-0215,MTF-0252,DHA-ROUTE-0215,DHA-POL-0215,33,restores safety stock,0.83,deny,Required cold-chain capability is unavailable on the selected route,2026-09-09T16:06:00.000Z
DHA-REC-0216,MED-ITEM-0216,MTF-0216,MTF-0253,DHA-ROUTE-0216,DHA-POL-0216,47,supports surge demand,0.79,proceed,Routine item; donor remains above safety stock and route supports storage needs,2026-09-09T16:15:00.000Z
DHA-REC-0217,MED-ITEM-0217,MTF-0217,MTF-0254,DHA-ROUTE-0217,DHA-POL-0217,7,prevents projected stockout,0.5,gather_more_evidence,Demand forecast confidence is below 70 percent,2026-09-09T16:24:00.000Z
DHA-REC-0218,MED-ITEM-0218,MTF-0218,MTF-0255,DHA-ROUTE-0218,DHA-POL-0218,14,adds 24 hours of coverage,0.93,human_review,Transfer leaves donor facility near minimum safety stock,2026-09-09T16:33:00.000Z
DHA-REC-0219,MED-ITEM-0219,MTF-0219,MTF-0256,DHA-ROUTE-0219,DHA-POL-0219,5,restores safety stock,0.9,escalate,Controlled or high-consequence materiel requires elevated review,2026-09-09T16:42:00.000Z
DHA-REC-0220,MED-ITEM-0220,MTF-0220,MTF-0257,DHA-ROUTE-0220,DHA-POL-0220,31,supports surge demand,0.82,deny,Required cold-chain capability is unavailable on the selected route,2026-09-09T16:51:00.000Z
DHA-REC-0221,MED-ITEM-0221,MTF-0221,MTF-0258,DHA-ROUTE-0221,DHA-POL-0221,51,prevents projected stockout,0.81,proceed,Routine item; donor remains above safety stock and route supports storage needs,2026-09-09T17:00:00.000Z
DHA-REC-0222,MED-ITEM-0222,MTF-0222,MTF-0259,DHA-ROUTE-0222,DHA-POL-0222,7,adds 24 hours of coverage,0.66,gather_more_evidence,Demand forecast confidence is below 70 percent,2026-09-09T17:09:00.000Z
DHA-REC-0223,MED-ITEM-0223,MTF-0223,MTF-0260,DHA-ROUTE-0223,DHA-POL-0223,17,restores safety stock,0.9,human_review,Transfer leaves donor facility near minimum safety stock,2026-09-09T17:18:00.000Z
DHA-REC-0224,MED-ITEM-0224,MTF-0224,MTF-0261,DHA-ROUTE-0224,DHA-POL-0224,16,supports surge demand,0.89,escalate,Controlled or high-consequence materiel requires elevated review,2026-09-09T17:27:00.000Z
DHA-REC-0225,MED-ITEM-0225,MTF-0225,MTF-0262,DHA-ROUTE-0225,DHA-POL-0225,9,prevents projected stockout,0.82,deny,Required cold-chain capability is unavailable on the selected route,2026-09-09T17:36:00.000Z
DHA-REC-0226,MED-ITEM-0226,MTF-0226,MTF-0263,DHA-ROUTE-0226,DHA-POL-0226,48,adds 24 hours of coverage,0.78,proceed,Routine item; donor remains above safety stock and route supports storage needs,2026-09-09T17:45:00.000Z
DHA-REC-0227,MED-ITEM-0227,MTF-0227,MTF-0264,DHA-ROUTE-0227,DHA-POL-0227,41,restores safety stock,0.5,gather_more_evidence,Demand forecast confidence is below 70 percent,2026-09-09T17:54:00.000Z
DHA-REC-0228,MED-ITEM-0228,MTF-0228,MTF-0265,DHA-ROUTE-0228,DHA-POL-0228,17,supports surge demand,0.78,human_review,Transfer leaves donor facility near minimum safety stock,2026-09-09T18:03:00.000Z
DHA-REC-0229,MED-ITEM-0229,MTF-0229,MTF-0266,DHA-ROUTE-0229,DHA-POL-0229,8,prevents projected stockout,0.88,escalate,Controlled or high-consequence materiel requires elevated review,2026-09-09T18:12:00.000Z
DHA-REC-0230,MED-ITEM-0230,MTF-0230,MTF-0267,DHA-ROUTE-0230,DHA-POL-0230,8,adds 24 hours of coverage,0.9,deny,Required cold-chain capability is unavailable on the selected route,2026-09-09T18:21:00.000Z
DHA-REC-0231,MED-ITEM-0231,MTF-0231,MTF-0268,DHA-ROUTE-0231,DHA-POL-0231,32,restores safety stock,0.96,proceed,Routine item; donor remains above safety stock and route supports storage needs,2026-09-09T18:30:00.000Z
DHA-REC-0232,MED-ITEM-0232,MTF-0232,MTF-0269,DHA-ROUTE-0232,DHA-POL-0232,17,supports surge demand,0.55,gather_more_evidence,Demand forecast confidence is below 70 percent,2026-09-09T18:39:00.000Z
DHA-REC-0233,MED-ITEM-0233,MTF-0233,MTF-0270,DHA-ROUTE-0233,DHA-POL-0233,3,prevents projected stockout,0.89,human_review,Transfer leaves donor facility near minimum safety stock,2026-09-09T18:48:00.000Z
DHA-REC-0234,MED-ITEM-0234,MTF-0234,MTF-0271,DHA-ROUTE-0234,DHA-POL-0234,20,adds 24 hours of coverage,0.84,escalate,Controlled or high-consequence materiel requires elevated review,2026-09-09T18:57:00.000Z
DHA-REC-0235,MED-ITEM-0235,MTF-0235,MTF-0272,DHA-ROUTE-0235,DHA-POL-0235,11,restores safety stock,0.92,deny,Required cold-chain capability is unavailable on the selected route,2026-09-09T19:06:00.000Z
DHA-REC-0236,MED-ITEM-0236,MTF-0236,MTF-0273,DHA-ROUTE-0236,DHA-POL-0236,5,supports surge demand,0.85,proceed,Routine item; donor remains above safety stock and route supports storage needs,2026-09-09T19:15:00.000Z
DHA-REC-0237,MED-ITEM-0237,MTF-0237,MTF-0274,DHA-ROUTE-0237,DHA-POL-0237,10,prevents projected stockout,0.49,gather_more_evidence,Demand forecast confidence is below 70 percent,2026-09-09T19:24:00.000Z
DHA-REC-0238,MED-ITEM-0238,MTF-0238,MTF-0275,DHA-ROUTE-0238,DHA-POL-0238,11,adds 24 hours of coverage,0.92,human_review,Transfer leaves donor facility near minimum safety stock,2026-09-09T19:33:00.000Z
DHA-REC-0239,MED-ITEM-0239,MTF-0239,MTF-0276,DHA-ROUTE-0239,DHA-POL-0239,36,restores safety stock,0.81,escalate,Controlled or high-consequence materiel requires elevated review,2026-09-09T19:42:00.000Z
DHA-REC-0240,MED-ITEM-0240,MTF-0240,MTF-0277,DHA-ROUTE-0240,DHA-POL-0240,12,supports surge demand,0.82,deny,Required cold-chain capability is unavailable on the selected route,2026-09-09T19:51:00.000Z
DHA-REC-0241,MED-ITEM-0241,MTF-0241,MTF-0278,DHA-ROUTE-0241,DHA-POL-0241,7,prevents projected stockout,0.87,proceed,Routine item; donor remains above safety stock and route supports storage needs,2026-09-09T20:00:00.000Z
DHA-REC-0242,MED-ITEM-0242,MTF-0242,MTF-0279,DHA-ROUTE-0242,DHA-POL-0242,12,adds 24 hours of coverage,0.55,gather_more_evidence,Demand forecast confidence is below 70 percent,2026-09-09T20:09:00.000Z
DHA-REC-0243,MED-ITEM-0243,MTF-0243,MTF-0280,DHA-ROUTE-0243,DHA-POL-0243,5,restores safety stock,0.81,human_review,Transfer leaves donor facility near minimum safety stock,2026-09-09T20:18:00.000Z
DHA-REC-0244,MED-ITEM-0244,MTF-0244,MTF-0281,DHA-ROUTE-0244,DHA-POL-0244,26,supports surge demand,0.84,escalate,Controlled or high-consequence materiel requires elevated review,2026-09-09T20:27:00.000Z
DHA-REC-0245,MED-ITEM-0245,MTF-0245,MTF-0282,DHA-ROUTE-0245,DHA-POL-0245,58,prevents projected stockout,0.96,deny,Required cold-chain capability is unavailable on the selected route,2026-09-09T20:36:00.000Z
DHA-REC-0246,MED-ITEM-0246,MTF-0246,MTF-0283,DHA-ROUTE-0246,DHA-POL-0246,44,adds 24 hours of coverage,0.88,proceed,Routine item; donor remains above safety stock and route supports storage needs,2026-09-09T20:45:00.000Z
DHA-REC-0247,MED-ITEM-0247,MTF-0247,MTF-0284,DHA-ROUTE-0247,DHA-POL-0247,19,restores safety stock,0.68,gather_more_evidence,Demand forecast confidence is below 70 percent,2026-09-09T20:54:00.000Z
DHA-REC-0248,MED-ITEM-0248,MTF-0248,MTF-0285,DHA-ROUTE-0248,DHA-POL-0248,4,supports surge demand,0.76,human_review,Transfer leaves donor facility near minimum safety stock,2026-09-09T21:03:00.000Z
DHA-REC-0249,MED-ITEM-0249,MTF-0249,MTF-0286,DHA-ROUTE-0249,DHA-POL-0249,6,prevents projected stockout,0.83,escalate,Controlled or high-consequence materiel requires elevated review,2026-09-09T21:12:00.000Z
DHA-REC-0250,MED-ITEM-0250,MTF-0250,MTF-0287,DHA-ROUTE-0250,DHA-POL-0250,65,adds 24 hours of coverage,0.94,deny,Required cold-chain capability is unavailable on the selected route,2026-09-09T21:21:00.000Z
DHA-REC-0251,MED-ITEM-0251,MTF-0251,MTF-0288,DHA-ROUTE-0251,DHA-POL-0251,23,restores safety stock,0.93,proceed,Routine item; donor remains above safety stock and route supports storage needs,2026-09-09T21:30:00.000Z
DHA-REC-0252,MED-ITEM-0252,MTF-0252,MTF-0289,DHA-ROUTE-0252,DHA-POL-0252,49,supports surge demand,0.49,gather_more_evidence,Demand forecast confidence is below 70 percent,2026-09-09T21:39:00.000Z
DHA-REC-0253,MED-ITEM-0253,MTF-0253,MTF-0290,DHA-ROUTE-0253,DHA-POL-0253,16,prevents projected stockout,0.86,human_review,Transfer leaves donor facility near minimum safety stock,2026-09-09T21:48:00.000Z
DHA-REC-0254,MED-ITEM-0254,MTF-0254,MTF-0291,DHA-ROUTE-0254,DHA-POL-0254,15,adds 24 hours of coverage,0.93,escalate,Controlled or high-consequence materiel requires elevated review,2026-09-09T21:57:00.000Z
DHA-REC-0255,MED-ITEM-0255,MTF-0255,MTF-0292,DHA-ROUTE-0255,DHA-POL-0255,57,restores safety stock,0.92,deny,Required cold-chain capability is unavailable on the selected route,2026-09-09T22:06:00.000Z
DHA-REC-0256,MED-ITEM-0256,MTF-0256,MTF-0293,DHA-ROUTE-0256,DHA-POL-0256,59,supports surge demand,0.93,proceed,Routine item; donor remains above safety stock and route supports storage needs,2026-09-09T22:15:00.000Z
DHA-REC-0257,MED-ITEM-0257,MTF-0257,MTF-0294,DHA-ROUTE-0257,DHA-POL-0257,22,prevents projected stockout,0.69,gather_more_evidence,Demand forecast confidence is below 70 percent,2026-09-09T22:24:00.000Z
DHA-REC-0258,MED-ITEM-0258,MTF-0258,MTF-0295,DHA-ROUTE-0258,DHA-POL-0258,5,adds 24 hours of coverage,0.76,human_review,Transfer leaves donor facility near minimum safety stock,2026-09-09T22:33:00.000Z
DHA-REC-0259,MED-ITEM-0259,MTF-0259,MTF-0296,DHA-ROUTE-0259,DHA-POL-0259,6,restores safety stock,0.86,escalate,Controlled or high-consequence materiel requires elevated review,2026-09-09T22:42:00.000Z
DHA-REC-0260,MED-ITEM-0260,MTF-0260,MTF-0297,DHA-ROUTE-0260,DHA-POL-0260,56,supports surge demand,0.83,deny,Required cold-chain capability is unavailable on the selected route,2026-09-09T22:51:00.000Z
DHA-REC-0261,MED-ITEM-0261,MTF-0261,MTF-0298,DHA-ROUTE-0261,DHA-POL-0261,151,prevents projected stockout,0.91,proceed,Routine item; donor remains above safety stock and route supports storage needs,2026-09-09T23:00:00.000Z
DHA-REC-0262,MED-ITEM-0262,MTF-0262,MTF-0299,DHA-ROUTE-0262,DHA-POL-0262,10,adds 24 hours of coverage,0.53,gather_more_evidence,Demand forecast confidence is below 70 percent,2026-09-09T23:09:00.000Z
DHA-REC-0263,MED-ITEM-0263,MTF-0263,MTF-0300,DHA-ROUTE-0263,DHA-POL-0263,6,restores safety stock,0.87,human_review,Transfer leaves donor facility near minimum safety stock,2026-09-09T23:18:00.000Z
DHA-REC-0264,MED-ITEM-0264,MTF-0264,MTF-0301,DHA-ROUTE-0264,DHA-POL-0264,9,supports surge demand,0.89,escalate,Controlled or high-consequence materiel requires elevated review,2026-09-09T23:27:00.000Z
DHA-REC-0265,MED-ITEM-0265,MTF-0265,MTF-0302,DHA-ROUTE-0265,DHA-POL-0265,41,prevents projected stockout,0.83,deny,Required cold-chain capability is unavailable on the selected route,2026-09-09T23:36:00.000Z
DHA-REC-0266,MED-ITEM-0266,MTF-0266,MTF-0303,DHA-ROUTE-0266,DHA-POL-0266,88,adds 24 hours of coverage,0.87,proceed,Routine item; donor remains above safety stock and route supports storage needs,2026-09-09T23:45:00.000Z
DHA-REC-0267,MED-ITEM-0267,MTF-0267,MTF-0304,DHA-ROUTE-0267,DHA-POL-0267,9,restores safety stock,0.6,gather_more_evidence,Demand forecast confidence is below 70 percent,2026-09-09T23:54:00.000Z
DHA-REC-0268,MED-ITEM-0268,MTF-0268,MTF-0305,DHA-ROUTE-0268,DHA-POL-0268,15,supports surge demand,0.88,human_review,Transfer leaves donor facility near minimum safety stock,2026-09-10T00:03:00.000Z
DHA-REC-0269,MED-ITEM-0269,MTF-0269,MTF-0306,DHA-ROUTE-0269,DHA-POL-0269,9,prevents projected stockout,0.93,escalate,Controlled or high-consequence materiel requires elevated review,2026-09-10T00:12:00.000Z
DHA-REC-0270,MED-ITEM-0270,MTF-0270,MTF-0307,DHA-ROUTE-0270,DHA-POL-0270,42,adds 24 hours of coverage,0.91,deny,Required cold-chain capability is unavailable on the selected route,2026-09-10T00:21:00.000Z
DHA-REC-0271,MED-ITEM-0271,MTF-0271,MTF-0308,DHA-ROUTE-0271,DHA-POL-0271,111,restores safety stock,0.8,proceed,Routine item; donor remains above safety stock and route supports storage needs,2026-09-10T00:30:00.000Z
DHA-REC-0272,MED-ITEM-0272,MTF-0272,MTF-0309,DHA-ROUTE-0272,DHA-POL-0272,18,supports surge demand,0.61,gather_more_evidence,Demand forecast confidence is below 70 percent,2026-09-10T00:39:00.000Z
DHA-REC-0273,MED-ITEM-0273,MTF-0273,MTF-0310,DHA-ROUTE-0273,DHA-POL-0273,22,prevents projected stockout,0.86,human_review,Transfer leaves donor facility near minimum safety stock,2026-09-10T00:48:00.000Z
DHA-REC-0274,MED-ITEM-0274,MTF-0274,MTF-0311,DHA-ROUTE-0274,DHA-POL-0274,18,adds 24 hours of coverage,0.89,escalate,Controlled or high-consequence materiel requires elevated review,2026-09-10T00:57:00.000Z
DHA-REC-0275,MED-ITEM-0275,MTF-0275,MTF-0312,DHA-ROUTE-0275,DHA-POL-0275,55,restores safety stock,0.95,deny,Required cold-chain capability is unavailable on the selected route,2026-09-10T01:06:00.000Z
DHA-REC-0276,MED-ITEM-0276,MTF-0276,MTF-0313,DHA-ROUTE-0276,DHA-POL-0276,60,supports surge demand,0.86,proceed,Routine item; donor remains above safety stock and route supports storage needs,2026-09-10T01:15:00.000Z
DHA-REC-0277,MED-ITEM-0277,MTF-0277,MTF-0314,DHA-ROUTE-0277,DHA-POL-0277,62,prevents projected stockout,0.5,gather_more_evidence,Demand forecast confidence is below 70 percent,2026-09-10T01:24:00.000Z
DHA-REC-0278,MED-ITEM-0278,MTF-0278,MTF-0315,DHA-ROUTE-0278,DHA-POL-0278,14,adds 24 hours of coverage,0.87,human_review,Transfer leaves donor facility near minimum safety stock,2026-09-10T01:33:00.000Z
DHA-REC-0279,MED-ITEM-0279,MTF-0279,MTF-0316,DHA-ROUTE-0279,DHA-POL-0279,49,restores safety stock,0.86,escalate,Controlled or high-consequence materiel requires elevated review,2026-09-10T01:42:00.000Z
DHA-REC-0280,MED-ITEM-0280,MTF-0280,MTF-0317,DHA-ROUTE-0280,DHA-POL-0280,18,supports surge demand,0.94,deny,Required cold-chain capability is unavailable on the selected route,2026-09-10T01:51:00.000Z
DHA-REC-0281,MED-ITEM-0281,MTF-0281,MTF-0318,DHA-ROUTE-0281,DHA-POL-0281,113,prevents projected stockout,0.89,proceed,Routine item; donor remains above safety stock and route supports storage needs,2026-09-10T02:00:00.000Z
DHA-REC-0282,MED-ITEM-0282,MTF-0282,MTF-0319,DHA-ROUTE-0282,DHA-POL-0282,6,adds 24 hours of coverage,0.53,gather_more_evidence,Demand forecast confidence is below 70 percent,2026-09-10T02:09:00.000Z
DHA-REC-0283,MED-ITEM-0283,MTF-0283,MTF-0320,DHA-ROUTE-0283,DHA-POL-0283,21,restores safety stock,0.8,human_review,Transfer leaves donor facility near minimum safety stock,2026-09-10T02:18:00.000Z
DHA-REC-0284,MED-ITEM-0284,MTF-0284,MTF-0321,DHA-ROUTE-0284,DHA-POL-0284,39,supports surge demand,0.89,escalate,Controlled or high-consequence materiel requires elevated review,2026-09-10T02:27:00.000Z
DHA-REC-0285,MED-ITEM-0285,MTF-0285,MTF-0322,DHA-ROUTE-0285,DHA-POL-0285,35,prevents projected stockout,0.82,deny,Required cold-chain capability is unavailable on the selected route,2026-09-10T02:36:00.000Z
DHA-REC-0286,MED-ITEM-0286,MTF-0286,MTF-0323,DHA-ROUTE-0286,DHA-POL-0286,14,adds 24 hours of coverage,0.8,proceed,Routine item; donor remains above safety stock and route supports storage needs,2026-09-10T02:45:00.000Z
DHA-REC-0287,MED-ITEM-0287,MTF-0287,MTF-0324,DHA-ROUTE-0287,DHA-POL-0287,33,restores safety stock,0.66,gather_more_evidence,Demand forecast confidence is below 70 percent,2026-09-10T02:54:00.000Z
DHA-REC-0288,MED-ITEM-0288,MTF-0288,MTF-0325,DHA-ROUTE-0288,DHA-POL-0288,17,supports surge demand,0.9,human_review,Transfer leaves donor facility near minimum safety stock,2026-09-10T03:03:00.000Z
DHA-REC-0289,MED-ITEM-0289,MTF-0289,MTF-0326,DHA-ROUTE-0289,DHA-POL-0289,62,prevents projected stockout,0.8,escalate,Controlled or high-consequence materiel requires elevated review,2026-09-10T03:12:00.000Z
DHA-REC-0290,MED-ITEM-0290,MTF-0290,MTF-0327,DHA-ROUTE-0290,DHA-POL-0290,32,adds 24 hours of coverage,0.81,deny,Required cold-chain capability is unavailable on the selected route,2026-09-10T03:21:00.000Z
DHA-REC-0291,MED-ITEM-0291,MTF-0291,MTF-0328,DHA-ROUTE-0291,DHA-POL-0291,92,restores safety stock,0.91,proceed,Routine item; donor remains above safety stock and route supports storage needs,2026-09-10T03:30:00.000Z
DHA-REC-0292,MED-ITEM-0292,MTF-0292,MTF-0329,DHA-ROUTE-0292,DHA-POL-0292,6,supports surge demand,0.61,gather_more_evidence,Demand forecast confidence is below 70 percent,2026-09-10T03:39:00.000Z
DHA-REC-0293,MED-ITEM-0293,MTF-0293,MTF-0330,DHA-ROUTE-0293,DHA-POL-0293,15,prevents projected stockout,0.84,human_review,Transfer leaves donor facility near minimum safety stock,2026-09-10T03:48:00.000Z
DHA-REC-0294,MED-ITEM-0294,MTF-0294,MTF-0331,DHA-ROUTE-0294,DHA-POL-0294,20,adds 24 hours of coverage,0.92,escalate,Controlled or high-consequence materiel requires elevated review,2026-09-10T03:57:00.000Z
DHA-REC-0295,MED-ITEM-0295,MTF-0295,MTF-0332,DHA-ROUTE-0295,DHA-POL-0295,31,restores safety stock,0.81,deny,Required cold-chain capability is unavailable on the selected route,2026-09-10T04:06:00.000Z
DHA-REC-0296,MED-ITEM-0296,MTF-0296,MTF-0333,DHA-ROUTE-0296,DHA-POL-0296,72,supports surge demand,0.95,proceed,Routine item; donor remains above safety stock and route supports storage needs,2026-09-10T04:15:00.000Z
DHA-REC-0297,MED-ITEM-0297,MTF-0297,MTF-0334,DHA-ROUTE-0297,DHA-POL-0297,61,prevents projected stockout,0.5,gather_more_evidence,Demand forecast confidence is below 70 percent,2026-09-10T04:24:00.000Z
DHA-REC-0298,MED-ITEM-0298,MTF-0298,MTF-0335,DHA-ROUTE-0298,DHA-POL-0298,22,adds 24 hours of coverage,0.79,human_review,Transfer leaves donor facility near minimum safety stock,2026-09-10T04:33:00.000Z
DHA-REC-0299,MED-ITEM-0299,MTF-0299,MTF-0336,DHA-ROUTE-0299,DHA-POL-0299,65,restores safety stock,0.87,escalate,Controlled or high-consequence materiel requires elevated review,2026-09-10T04:42:00.000Z
DHA-REC-0300,MED-ITEM-0300,MTF-0300,MTF-0337,DHA-ROUTE-0300,DHA-POL-0300,11,supports surge demand,0.92,deny,Required cold-chain capability is unavailable on the selected route,2026-09-10T04:51:00.000Z
DHA-REC-0301,MED-ITEM-0301,MTF-0301,MTF-0338,DHA-ROUTE-0301,DHA-POL-0301,70,prevents projected stockout,0.95,proceed,Routine item; donor remains above safety stock and route supports storage needs,2026-09-10T05:00:00.000Z
DHA-REC-0302,MED-ITEM-0302,MTF-0302,MTF-0339,DHA-ROUTE-0302,DHA-POL-0302,13,adds 24 hours of coverage,0.57,gather_more_evidence,Demand forecast confidence is below 70 percent,2026-09-10T05:09:00.000Z
DHA-REC-0303,MED-ITEM-0303,MTF-0303,MTF-0340,DHA-ROUTE-0303,DHA-POL-0303,16,restores safety stock,0.96,human_review,Transfer leaves donor facility near minimum safety stock,2026-09-10T05:18:00.000Z
DHA-REC-0304,MED-ITEM-0304,MTF-0304,MTF-0341,DHA-ROUTE-0304,DHA-POL-0304,25,supports surge demand,0.84,escalate,Controlled or high-consequence materiel requires elevated review,2026-09-10T05:27:00.000Z
DHA-REC-0305,MED-ITEM-0305,MTF-0305,MTF-0342,DHA-ROUTE-0305,DHA-POL-0305,14,prevents projected stockout,0.88,deny,Required cold-chain capability is unavailable on the selected route,2026-09-10T05:36:00.000Z
DHA-REC-0306,MED-ITEM-0306,MTF-0306,MTF-0343,DHA-ROUTE-0306,DHA-POL-0306,47,adds 24 hours of coverage,0.91,proceed,Routine item; donor remains above safety stock and route supports storage needs,2026-09-10T05:45:00.000Z
DHA-REC-0307,MED-ITEM-0307,MTF-0307,MTF-0344,DHA-ROUTE-0307,DHA-POL-0307,27,restores safety stock,0.61,gather_more_evidence,Demand forecast confidence is below 70 percent,2026-09-10T05:54:00.000Z
DHA-REC-0308,MED-ITEM-0308,MTF-0308,MTF-0345,DHA-ROUTE-0308,DHA-POL-0308,4,supports surge demand,0.88,human_review,Transfer leaves donor facility near minimum safety stock,2026-09-10T06:03:00.000Z
DHA-REC-0309,MED-ITEM-0309,MTF-0309,MTF-0346,DHA-ROUTE-0309,DHA-POL-0309,26,prevents projected stockout,0.93,escalate,Controlled or high-consequence materiel requires elevated review,2026-09-10T06:12:00.000Z
DHA-REC-0310,MED-ITEM-0310,MTF-0310,MTF-0347,DHA-ROUTE-0310,DHA-POL-0310,6,adds 24 hours of coverage,0.8,deny,Required cold-chain capability is unavailable on the selected route,2026-09-10T06:21:00.000Z
DHA-REC-0311,MED-ITEM-0311,MTF-0311,MTF-0348,DHA-ROUTE-0311,DHA-POL-0311,79,restores safety stock,0.82,proceed,Routine item; donor remains above safety stock and route supports storage needs,2026-09-10T06:30:00.000Z
DHA-REC-0312,MED-ITEM-0312,MTF-0312,MTF-0349,DHA-ROUTE-0312,DHA-POL-0312,6,supports surge demand,0.61,gather_more_evidence,Demand forecast confidence is below 70 percent,2026-09-10T06:39:00.000Z
DHA-REC-0313,MED-ITEM-0313,MTF-0313,MTF-0350,DHA-ROUTE-0313,DHA-POL-0313,12,prevents projected stockout,0.82,human_review,Transfer leaves donor facility near minimum safety stock,2026-09-10T06:48:00.000Z
DHA-REC-0314,MED-ITEM-0314,MTF-0314,MTF-0351,DHA-ROUTE-0314,DHA-POL-0314,40,adds 24 hours of coverage,0.85,escalate,Controlled or high-consequence materiel requires elevated review,2026-09-10T06:57:00.000Z
DHA-REC-0315,MED-ITEM-0315,MTF-0315,MTF-0352,DHA-ROUTE-0315,DHA-POL-0315,54,restores safety stock,0.89,deny,Required cold-chain capability is unavailable on the selected route,2026-09-10T07:06:00.000Z
DHA-REC-0316,MED-ITEM-0316,MTF-0316,MTF-0353,DHA-ROUTE-0316,DHA-POL-0316,22,supports surge demand,0.79,proceed,Routine item; donor remains above safety stock and route supports storage needs,2026-09-10T07:15:00.000Z
DHA-REC-0317,MED-ITEM-0317,MTF-0317,MTF-0354,DHA-ROUTE-0317,DHA-POL-0317,71,prevents projected stockout,0.64,gather_more_evidence,Demand forecast confidence is below 70 percent,2026-09-10T07:24:00.000Z
DHA-REC-0318,MED-ITEM-0318,MTF-0318,MTF-0355,DHA-ROUTE-0318,DHA-POL-0318,5,adds 24 hours of coverage,0.95,human_review,Transfer leaves donor facility near minimum safety stock,2026-09-10T07:33:00.000Z
DHA-REC-0319,MED-ITEM-0319,MTF-0319,MTF-0356,DHA-ROUTE-0319,DHA-POL-0319,29,restores safety stock,0.84,escalate,Controlled or high-consequence materiel requires elevated review,2026-09-10T07:42:00.000Z
DHA-REC-0320,MED-ITEM-0320,MTF-0320,MTF-0357,DHA-ROUTE-0320,DHA-POL-0320,55,supports surge demand,0.79,deny,Required cold-chain capability is unavailable on the selected route,2026-09-10T07:51:00.000Z
DHA-REC-0321,MED-ITEM-0321,MTF-0321,MTF-0358,DHA-ROUTE-0321,DHA-POL-0321,39,prevents projected stockout,0.84,proceed,Routine item; donor remains above safety stock and route supports storage needs,2026-09-10T08:00:00.000Z
DHA-REC-0322,MED-ITEM-0322,MTF-0322,MTF-0359,DHA-ROUTE-0322,DHA-POL-0322,12,adds 24 hours of coverage,0.51,gather_more_evidence,Demand forecast confidence is below 70 percent,2026-09-10T08:09:00.000Z
DHA-REC-0323,MED-ITEM-0323,MTF-0323,MTF-0360,DHA-ROUTE-0323,DHA-POL-0323,22,restores safety stock,0.95,human_review,Transfer leaves donor facility near minimum safety stock,2026-09-10T08:18:00.000Z
DHA-REC-0324,MED-ITEM-0324,MTF-0324,MTF-0361,DHA-ROUTE-0324,DHA-POL-0324,8,supports surge demand,0.92,escalate,Controlled or high-consequence materiel requires elevated review,2026-09-10T08:27:00.000Z
DHA-REC-0325,MED-ITEM-0325,MTF-0325,MTF-0362,DHA-ROUTE-0325,DHA-POL-0325,16,prevents projected stockout,0.85,deny,Required cold-chain capability is unavailable on the selected route,2026-09-10T08:36:00.000Z
DHA-REC-0326,MED-ITEM-0326,MTF-0326,MTF-0363,DHA-ROUTE-0326,DHA-POL-0326,38,adds 24 hours of coverage,0.86,proceed,Routine item; donor remains above safety stock and route supports storage needs,2026-09-10T08:45:00.000Z
DHA-REC-0327,MED-ITEM-0327,MTF-0327,MTF-0364,DHA-ROUTE-0327,DHA-POL-0327,20,restores safety stock,0.67,gather_more_evidence,Demand forecast confidence is below 70 percent,2026-09-10T08:54:00.000Z
DHA-REC-0328,MED-ITEM-0328,MTF-0328,MTF-0365,DHA-ROUTE-0328,DHA-POL-0328,5,supports surge demand,0.88,human_review,Transfer leaves donor facility near minimum safety stock,2026-09-10T09:03:00.000Z
DHA-REC-0329,MED-ITEM-0329,MTF-0329,MTF-0366,DHA-ROUTE-0329,DHA-POL-0329,46,prevents projected stockout,0.86,escalate,Controlled or high-consequence materiel requires elevated review,2026-09-10T09:12:00.000Z
DHA-REC-0330,MED-ITEM-0330,MTF-0330,MTF-0367,DHA-ROUTE-0330,DHA-POL-0330,44,adds 24 hours of coverage,0.94,deny,Required cold-chain capability is unavailable on the selected route,2026-09-10T09:21:00.000Z
DHA-REC-0331,MED-ITEM-0331,MTF-0331,MTF-0368,DHA-ROUTE-0331,DHA-POL-0331,81,restores safety stock,0.76,proceed,Routine item; donor remains above safety stock and route supports storage needs,2026-09-10T09:30:00.000Z
DHA-REC-0332,MED-ITEM-0332,MTF-0332,MTF-0369,DHA-ROUTE-0332,DHA-POL-0332,21,supports surge demand,0.51,gather_more_evidence,Demand forecast confidence is below 70 percent,2026-09-10T09:39:00.000Z
DHA-REC-0333,MED-ITEM-0333,MTF-0333,MTF-0370,DHA-ROUTE-0333,DHA-POL-0333,25,prevents projected stockout,0.88,human_review,Transfer leaves donor facility near minimum safety stock,2026-09-10T09:48:00.000Z
DHA-REC-0334,MED-ITEM-0334,MTF-0334,MTF-0371,DHA-ROUTE-0334,DHA-POL-0334,14,adds 24 hours of coverage,0.82,escalate,Controlled or high-consequence materiel requires elevated review,2026-09-10T09:57:00.000Z
DHA-REC-0335,MED-ITEM-0335,MTF-0335,MTF-0372,DHA-ROUTE-0335,DHA-POL-0335,36,restores safety stock,0.87,deny,Required cold-chain capability is unavailable on the selected route,2026-09-10T10:06:00.000Z
DHA-REC-0336,MED-ITEM-0336,MTF-0336,MTF-0373,DHA-ROUTE-0336,DHA-POL-0336,143,supports surge demand,0.95,proceed,Routine item; donor remains above safety stock and route supports storage needs,2026-09-10T10:15:00.000Z
DHA-REC-0337,MED-ITEM-0337,MTF-0337,MTF-0374,DHA-ROUTE-0337,DHA-POL-0337,37,prevents projected stockout,0.57,gather_more_evidence,Demand forecast confidence is below 70 percent,2026-09-10T10:24:00.000Z
DHA-REC-0338,MED-ITEM-0338,MTF-0338,MTF-0375,DHA-ROUTE-0338,DHA-POL-0338,18,adds 24 hours of coverage,0.92,human_review,Transfer leaves donor facility near minimum safety stock,2026-09-10T10:33:00.000Z
DHA-REC-0339,MED-ITEM-0339,MTF-0339,MTF-0376,DHA-ROUTE-0339,DHA-POL-0339,48,restores safety stock,0.89,escalate,Controlled or high-consequence materiel requires elevated review,2026-09-10T10:42:00.000Z
DHA-REC-0340,MED-ITEM-0340,MTF-0340,MTF-0377,DHA-ROUTE-0340,DHA-POL-0340,6,supports surge demand,0.81,deny,Required cold-chain capability is unavailable on the selected route,2026-09-10T10:51:00.000Z
DHA-REC-0341,MED-ITEM-0341,MTF-0341,MTF-0378,DHA-ROUTE-0341,DHA-POL-0341,39,prevents projected stockout,0.96,proceed,Routine item; donor remains above safety stock and route supports storage needs,2026-09-10T11:00:00.000Z
DHA-REC-0342,MED-ITEM-0342,MTF-0342,MTF-0379,DHA-ROUTE-0342,DHA-POL-0342,19,adds 24 hours of coverage,0.66,gather_more_evidence,Demand forecast confidence is below 70 percent,2026-09-10T11:09:00.000Z
DHA-REC-0343,MED-ITEM-0343,MTF-0343,MTF-0380,DHA-ROUTE-0343,DHA-POL-0343,14,restores safety stock,0.8,human_review,Transfer leaves donor facility near minimum safety stock,2026-09-10T11:18:00.000Z
DHA-REC-0344,MED-ITEM-0344,MTF-0344,MTF-0381,DHA-ROUTE-0344,DHA-POL-0344,53,supports surge demand,0.9,escalate,Controlled or high-consequence materiel requires elevated review,2026-09-10T11:27:00.000Z
DHA-REC-0345,MED-ITEM-0345,MTF-0345,MTF-0382,DHA-ROUTE-0345,DHA-POL-0345,20,prevents projected stockout,0.89,deny,Required cold-chain capability is unavailable on the selected route,2026-09-10T11:36:00.000Z
DHA-REC-0346,MED-ITEM-0346,MTF-0346,MTF-0383,DHA-ROUTE-0346,DHA-POL-0346,109,adds 24 hours of coverage,0.9,proceed,Routine item; donor remains above safety stock and route supports storage needs,2026-09-10T11:45:00.000Z
DHA-REC-0347,MED-ITEM-0347,MTF-0347,MTF-0384,DHA-ROUTE-0347,DHA-POL-0347,20,restores safety stock,0.54,gather_more_evidence,Demand forecast confidence is below 70 percent,2026-09-10T11:54:00.000Z
DHA-REC-0348,MED-ITEM-0348,MTF-0348,MTF-0385,DHA-ROUTE-0348,DHA-POL-0348,11,supports surge demand,0.77,human_review,Transfer leaves donor facility near minimum safety stock,2026-09-10T12:03:00.000Z
DHA-REC-0349,MED-ITEM-0349,MTF-0349,MTF-0386,DHA-ROUTE-0349,DHA-POL-0349,17,prevents projected stockout,0.94,escalate,Controlled or high-consequence materiel requires elevated review,2026-09-10T12:12:00.000Z
DHA-REC-0350,MED-ITEM-0350,MTF-0350,MTF-0387,DHA-ROUTE-0350,DHA-POL-0350,9,adds 24 hours of coverage,0.87,deny,Required cold-chain capability is unavailable on the selected route,2026-09-10T12:21:00.000Z
DHA-REC-0351,MED-ITEM-0351,MTF-0351,MTF-0388,DHA-ROUTE-0351,DHA-POL-0351,46,restores safety stock,0.8,proceed,Routine item; donor remains above safety stock and route supports storage needs,2026-09-10T12:30:00.000Z
DHA-REC-0352,MED-ITEM-0352,MTF-0352,MTF-0389,DHA-ROUTE-0352,DHA-POL-0352,32,supports surge demand,0.56,gather_more_evidence,Demand forecast confidence is below 70 percent,2026-09-10T12:39:00.000Z
DHA-REC-0353,MED-ITEM-0353,MTF-0353,MTF-0390,DHA-ROUTE-0353,DHA-POL-0353,6,prevents projected stockout,0.89,human_review,Transfer leaves donor facility near minimum safety stock,2026-09-10T12:48:00.000Z
DHA-REC-0354,MED-ITEM-0354,MTF-0354,MTF-0391,DHA-ROUTE-0354,DHA-POL-0354,42,adds 24 hours of coverage,0.82,escalate,Controlled or high-consequence materiel requires elevated review,2026-09-10T12:57:00.000Z
DHA-REC-0355,MED-ITEM-0355,MTF-0355,MTF-0392,DHA-ROUTE-0355,DHA-POL-0355,31,restores safety stock,0.79,deny,Required cold-chain capability is unavailable on the selected route,2026-09-10T13:06:00.000Z
DHA-REC-0356,MED-ITEM-0356,MTF-0356,MTF-0393,DHA-ROUTE-0356,DHA-POL-0356,136,supports surge demand,0.91,proceed,Routine item; donor remains above safety stock and route supports storage needs,2026-09-10T13:15:00.000Z
DHA-REC-0357,MED-ITEM-0357,MTF-0357,MTF-0394,DHA-ROUTE-0357,DHA-POL-0357,25,prevents projected stockout,0.69,gather_more_evidence,Demand forecast confidence is below 70 percent,2026-09-10T13:24:00.000Z
DHA-REC-0358,MED-ITEM-0358,MTF-0358,MTF-0395,DHA-ROUTE-0358,DHA-POL-0358,7,adds 24 hours of coverage,0.82,human_review,Transfer leaves donor facility near minimum safety stock,2026-09-10T13:33:00.000Z
DHA-REC-0359,MED-ITEM-0359,MTF-0359,MTF-0396,DHA-ROUTE-0359,DHA-POL-0359,42,restores safety stock,0.95,escalate,Controlled or high-consequence materiel requires elevated review,2026-09-10T13:42:00.000Z
DHA-REC-0360,MED-ITEM-0360,MTF-0360,MTF-0397,DHA-ROUTE-0360,DHA-POL-0360,47,supports surge demand,0.92,deny,Required cold-chain capability is unavailable on the selected route,2026-09-10T13:51:00.000Z
DHA-REC-0361,MED-ITEM-0361,MTF-0361,MTF-0398,DHA-ROUTE-0361,DHA-POL-0361,66,prevents projected stockout,0.8,proceed,Routine item; donor remains above safety stock and route supports storage needs,2026-09-10T14:00:00.000Z
DHA-REC-0362,MED-ITEM-0362,MTF-0362,MTF-0399,DHA-ROUTE-0362,DHA-POL-0362,35,adds 24 hours of coverage,0.49,gather_more_evidence,Demand forecast confidence is below 70 percent,2026-09-10T14:09:00.000Z
DHA-REC-0363,MED-ITEM-0363,MTF-0363,MTF-0400,DHA-ROUTE-0363,DHA-POL-0363,1,restores safety stock,0.88,human_review,Transfer leaves donor facility near minimum safety stock,2026-09-10T14:18:00.000Z
DHA-REC-0364,MED-ITEM-0364,MTF-0364,MTF-0401,DHA-ROUTE-0364,DHA-POL-0364,36,supports surge demand,0.78,escalate,Controlled or high-consequence materiel requires elevated review,2026-09-10T14:27:00.000Z
DHA-REC-0365,MED-ITEM-0365,MTF-0365,MTF-0402,DHA-ROUTE-0365,DHA-POL-0365,13,prevents projected stockout,0.96,deny,Required cold-chain capability is unavailable on the selected route,2026-09-10T14:36:00.000Z
DHA-REC-0366,MED-ITEM-0366,MTF-0366,MTF-0403,DHA-ROUTE-0366,DHA-POL-0366,34,adds 24 hours of coverage,0.81,proceed,Routine item; donor remains above safety stock and route supports storage needs,2026-09-10T14:45:00.000Z
DHA-REC-0367,MED-ITEM-0367,MTF-0367,MTF-0404,DHA-ROUTE-0367,DHA-POL-0367,56,restores safety stock,0.67,gather_more_evidence,Demand forecast confidence is below 70 percent,2026-09-10T14:54:00.000Z
DHA-REC-0368,MED-ITEM-0368,MTF-0368,MTF-0405,DHA-ROUTE-0368,DHA-POL-0368,14,supports surge demand,0.92,human_review,Transfer leaves donor facility near minimum safety stock,2026-09-10T15:03:00.000Z
DHA-REC-0369,MED-ITEM-0369,MTF-0369,MTF-0406,DHA-ROUTE-0369,DHA-POL-0369,18,prevents projected stockout,0.78,escalate,Controlled or high-consequence materiel requires elevated review,2026-09-10T15:12:00.000Z
DHA-REC-0370,MED-ITEM-0370,MTF-0370,MTF-0407,DHA-ROUTE-0370,DHA-POL-0370,39,adds 24 hours of coverage,0.79,deny,Required cold-chain capability is unavailable on the selected route,2026-09-10T15:21:00.000Z
DHA-REC-0371,MED-ITEM-0371,MTF-0371,MTF-0408,DHA-ROUTE-0371,DHA-POL-0371,14,restores safety stock,0.8,proceed,Routine item; donor remains above safety stock and route supports storage needs,2026-09-10T15:30:00.000Z
DHA-REC-0372,MED-ITEM-0372,MTF-0372,MTF-0409,DHA-ROUTE-0372,DHA-POL-0372,21,supports surge demand,0.51,gather_more_evidence,Demand forecast confidence is below 70 percent,2026-09-10T15:39:00.000Z
DHA-REC-0373,MED-ITEM-0373,MTF-0373,MTF-0410,DHA-ROUTE-0373,DHA-POL-0373,12,prevents projected stockout,0.87,human_review,Transfer leaves donor facility near minimum safety stock,2026-09-10T15:48:00.000Z
DHA-REC-0374,MED-ITEM-0374,MTF-0374,MTF-0411,DHA-ROUTE-0374,DHA-POL-0374,20,adds 24 hours of coverage,0.89,escalate,Controlled or high-consequence materiel requires elevated review,2026-09-10T15:57:00.000Z
DHA-REC-0375,MED-ITEM-0375,MTF-0375,MTF-0412,DHA-ROUTE-0375,DHA-POL-0375,14,restores safety stock,0.92,deny,Required cold-chain capability is unavailable on the selected route,2026-09-10T16:06:00.000Z
DHA-REC-0376,MED-ITEM-0376,MTF-0376,MTF-0413,DHA-ROUTE-0376,DHA-POL-0376,7,supports surge demand,0.84,proceed,Routine item; donor remains above safety stock and route supports storage needs,2026-09-10T16:15:00.000Z
DHA-REC-0377,MED-ITEM-0377,MTF-0377,MTF-0414,DHA-ROUTE-0377,DHA-POL-0377,18,prevents projected stockout,0.51,gather_more_evidence,Demand forecast confidence is below 70 percent,2026-09-10T16:24:00.000Z
DHA-REC-0378,MED-ITEM-0378,MTF-0378,MTF-0415,DHA-ROUTE-0378,DHA-POL-0378,24,adds 24 hours of coverage,0.93,human_review,Transfer leaves donor facility near minimum safety stock,2026-09-10T16:33:00.000Z
DHA-REC-0379,MED-ITEM-0379,MTF-0379,MTF-0416,DHA-ROUTE-0379,DHA-POL-0379,15,restores safety stock,0.94,escalate,Controlled or high-consequence materiel requires elevated review,2026-09-10T16:42:00.000Z
DHA-REC-0380,MED-ITEM-0380,MTF-0380,MTF-0417,DHA-ROUTE-0380,DHA-POL-0380,48,supports surge demand,0.86,deny,Required cold-chain capability is unavailable on the selected route,2026-09-10T16:51:00.000Z
DHA-REC-0381,MED-ITEM-0381,MTF-0381,MTF-0418,DHA-ROUTE-0381,DHA-POL-0381,81,prevents projected stockout,0.88,proceed,Routine item; donor remains above safety stock and route supports storage needs,2026-09-10T17:00:00.000Z
DHA-REC-0382,MED-ITEM-0382,MTF-0382,MTF-0419,DHA-ROUTE-0382,DHA-POL-0382,48,adds 24 hours of coverage,0.66,gather_more_evidence,Demand forecast confidence is below 70 percent,2026-09-10T17:09:00.000Z
DHA-REC-0383,MED-ITEM-0383,MTF-0383,MTF-0420,DHA-ROUTE-0383,DHA-POL-0383,17,restores safety stock,0.81,human_review,Transfer leaves donor facility near minimum safety stock,2026-09-10T17:18:00.000Z
DHA-REC-0384,MED-ITEM-0384,MTF-0384,MTF-0421,DHA-ROUTE-0384,DHA-POL-0384,13,supports surge demand,0.91,escalate,Controlled or high-consequence materiel requires elevated review,2026-09-10T17:27:00.000Z
DHA-REC-0385,MED-ITEM-0385,MTF-0385,MTF-0422,DHA-ROUTE-0385,DHA-POL-0385,49,prevents projected stockout,0.9,deny,Required cold-chain capability is unavailable on the selected route,2026-09-10T17:36:00.000Z
DHA-REC-0386,MED-ITEM-0386,MTF-0386,MTF-0423,DHA-ROUTE-0386,DHA-POL-0386,171,adds 24 hours of coverage,0.84,proceed,Routine item; donor remains above safety stock and route supports storage needs,2026-09-10T17:45:00.000Z
DHA-REC-0387,MED-ITEM-0387,MTF-0387,MTF-0424,DHA-ROUTE-0387,DHA-POL-0387,15,restores safety stock,0.53,gather_more_evidence,Demand forecast confidence is below 70 percent,2026-09-10T17:54:00.000Z
DHA-REC-0388,MED-ITEM-0388,MTF-0388,MTF-0425,DHA-ROUTE-0388,DHA-POL-0388,6,supports surge demand,0.84,human_review,Transfer leaves donor facility near minimum safety stock,2026-09-10T18:03:00.000Z
DHA-REC-0389,MED-ITEM-0389,MTF-0389,MTF-0426,DHA-ROUTE-0389,DHA-POL-0389,26,prevents projected stockout,0.85,escalate,Controlled or high-consequence materiel requires elevated review,2026-09-10T18:12:00.000Z
DHA-REC-0390,MED-ITEM-0390,MTF-0390,MTF-0427,DHA-ROUTE-0390,DHA-POL-0390,13,adds 24 hours of coverage,0.78,deny,Required cold-chain capability is unavailable on the selected route,2026-09-10T18:21:00.000Z
DHA-REC-0391,MED-ITEM-0391,MTF-0391,MTF-0428,DHA-ROUTE-0391,DHA-POL-0391,85,restores safety stock,0.9,proceed,Routine item; donor remains above safety stock and route supports storage needs,2026-09-10T18:30:00.000Z
DHA-REC-0392,MED-ITEM-0392,MTF-0392,MTF-0429,DHA-ROUTE-0392,DHA-POL-0392,20,supports surge demand,0.58,gather_more_evidence,Demand forecast confidence is below 70 percent,2026-09-10T18:39:00.000Z
DHA-REC-0393,MED-ITEM-0393,MTF-0393,MTF-0430,DHA-ROUTE-0393,DHA-POL-0393,12,prevents projected stockout,0.95,human_review,Transfer leaves donor facility near minimum safety stock,2026-09-10T18:48:00.000Z
DHA-REC-0394,MED-ITEM-0394,MTF-0394,MTF-0431,DHA-ROUTE-0394,DHA-POL-0394,53,adds 24 hours of coverage,0.85,escalate,Controlled or high-consequence materiel requires elevated review,2026-09-10T18:57:00.000Z
DHA-REC-0395,MED-ITEM-0395,MTF-0395,MTF-0432,DHA-ROUTE-0395,DHA-POL-0395,15,restores safety stock,0.86,deny,Required cold-chain capability is unavailable on the selected route,2026-09-10T19:06:00.000Z
DHA-REC-0396,MED-ITEM-0396,MTF-0396,MTF-0433,DHA-ROUTE-0396,DHA-POL-0396,29,supports surge demand,0.92,proceed,Routine item; donor remains above safety stock and route supports storage needs,2026-09-10T19:15:00.000Z
DHA-REC-0397,MED-ITEM-0397,MTF-0397,MTF-0434,DHA-ROUTE-0397,DHA-POL-0397,27,prevents projected stockout,0.5,gather_more_evidence,Demand forecast confidence is below 70 percent,2026-09-10T19:24:00.000Z
DHA-REC-0398,MED-ITEM-0398,MTF-0398,MTF-0435,DHA-ROUTE-0398,DHA-POL-0398,13,adds 24 hours of coverage,0.88,human_review,Transfer leaves donor facility near minimum safety stock,2026-09-10T19:33:00.000Z
DHA-REC-0399,MED-ITEM-0399,MTF-0399,MTF-0436,DHA-ROUTE-0399,DHA-POL-0399,36,restores safety stock,0.85,escalate,Controlled or high-consequence materiel requires elevated review,2026-09-10T19:42:00.000Z
DHA-REC-0400,MED-ITEM-0400,MTF-0400,MTF-0437,DHA-ROUTE-0400,DHA-POL-0400,39,supports surge demand,0.92,deny,Required cold-chain capability is unavailable on the selected route,2026-09-10T19:51:00.000Z
DHA-REC-0401,MED-ITEM-0401,MTF-0401,MTF-0438,DHA-ROUTE-0401,DHA-POL-0401,71,prevents projected stockout,0.82,proceed,Routine item; donor remains above safety stock and route supports storage needs,2026-09-10T20:00:00.000Z
DHA-REC-0402,MED-ITEM-0402,MTF-0402,MTF-0439,DHA-ROUTE-0402,DHA-POL-0402,43,adds 24 hours of coverage,0.55,gather_more_evidence,Demand forecast confidence is below 70 percent,2026-09-10T20:09:00.000Z
DHA-REC-0403,MED-ITEM-0403,MTF-0403,MTF-0440,DHA-ROUTE-0403,DHA-POL-0403,2,restores safety stock,0.88,human_review,Transfer leaves donor facility near minimum safety stock,2026-09-10T20:18:00.000Z
DHA-REC-0404,MED-ITEM-0404,MTF-0404,MTF-0441,DHA-ROUTE-0404,DHA-POL-0404,63,supports surge demand,0.93,escalate,Controlled or high-consequence materiel requires elevated review,2026-09-10T20:27:00.000Z
DHA-REC-0405,MED-ITEM-0405,MTF-0405,MTF-0442,DHA-ROUTE-0405,DHA-POL-0405,74,prevents projected stockout,0.95,deny,Required cold-chain capability is unavailable on the selected route,2026-09-10T20:36:00.000Z
DHA-REC-0406,MED-ITEM-0406,MTF-0406,MTF-0443,DHA-ROUTE-0406,DHA-POL-0406,65,adds 24 hours of coverage,0.91,proceed,Routine item; donor remains above safety stock and route supports storage needs,2026-09-10T20:45:00.000Z
DHA-REC-0407,MED-ITEM-0407,MTF-0407,MTF-0444,DHA-ROUTE-0407,DHA-POL-0407,64,restores safety stock,0.56,gather_more_evidence,Demand forecast confidence is below 70 percent,2026-09-10T20:54:00.000Z
DHA-REC-0408,MED-ITEM-0408,MTF-0408,MTF-0445,DHA-ROUTE-0408,DHA-POL-0408,21,supports surge demand,0.93,human_review,Transfer leaves donor facility near minimum safety stock,2026-09-10T21:03:00.000Z
DHA-REC-0409,MED-ITEM-0409,MTF-0409,MTF-0446,DHA-ROUTE-0409,DHA-POL-0409,22,prevents projected stockout,0.84,escalate,Controlled or high-consequence materiel requires elevated review,2026-09-10T21:12:00.000Z
DHA-REC-0410,MED-ITEM-0410,MTF-0410,MTF-0447,DHA-ROUTE-0410,DHA-POL-0410,62,adds 24 hours of coverage,0.82,deny,Required cold-chain capability is unavailable on the selected route,2026-09-10T21:21:00.000Z
DHA-REC-0411,MED-ITEM-0411,MTF-0411,MTF-0448,DHA-ROUTE-0411,DHA-POL-0411,117,restores safety stock,0.87,proceed,Routine item; donor remains above safety stock and route supports storage needs,2026-09-10T21:30:00.000Z
DHA-REC-0412,MED-ITEM-0412,MTF-0412,MTF-0449,DHA-ROUTE-0412,DHA-POL-0412,29,supports surge demand,0.49,gather_more_evidence,Demand forecast confidence is below 70 percent,2026-09-10T21:39:00.000Z
DHA-REC-0413,MED-ITEM-0413,MTF-0413,MTF-0450,DHA-ROUTE-0413,DHA-POL-0413,5,prevents projected stockout,0.84,human_review,Transfer leaves donor facility near minimum safety stock,2026-09-10T21:48:00.000Z
DHA-REC-0414,MED-ITEM-0414,MTF-0414,MTF-0451,DHA-ROUTE-0414,DHA-POL-0414,5,adds 24 hours of coverage,0.77,escalate,Controlled or high-consequence materiel requires elevated review,2026-09-10T21:57:00.000Z
DHA-REC-0415,MED-ITEM-0415,MTF-0415,MTF-0452,DHA-ROUTE-0415,DHA-POL-0415,10,restores safety stock,0.9,deny,Required cold-chain capability is unavailable on the selected route,2026-09-10T22:06:00.000Z
DHA-REC-0416,MED-ITEM-0416,MTF-0416,MTF-0453,DHA-ROUTE-0416,DHA-POL-0416,84,supports surge demand,0.76,proceed,Routine item; donor remains above safety stock and route supports storage needs,2026-09-10T22:15:00.000Z
DHA-REC-0417,MED-ITEM-0417,MTF-0417,MTF-0454,DHA-ROUTE-0417,DHA-POL-0417,12,prevents projected stockout,0.63,gather_more_evidence,Demand forecast confidence is below 70 percent,2026-09-10T22:24:00.000Z
DHA-REC-0418,MED-ITEM-0418,MTF-0418,MTF-0455,DHA-ROUTE-0418,DHA-POL-0418,7,adds 24 hours of coverage,0.8,human_review,Transfer leaves donor facility near minimum safety stock,2026-09-10T22:33:00.000Z
DHA-REC-0419,MED-ITEM-0419,MTF-0419,MTF-0456,DHA-ROUTE-0419,DHA-POL-0419,19,restores safety stock,0.8,escalate,Controlled or high-consequence materiel requires elevated review,2026-09-10T22:42:00.000Z
DHA-REC-0420,MED-ITEM-0420,MTF-0420,MTF-0457,DHA-ROUTE-0420,DHA-POL-0420,21,supports surge demand,0.87,deny,Required cold-chain capability is unavailable on the selected route,2026-09-10T22:51:00.000Z
DHA-REC-0421,MED-ITEM-0421,MTF-0421,MTF-0458,DHA-ROUTE-0421,DHA-POL-0421,50,prevents projected stockout,0.9,proceed,Routine item; donor remains above safety stock and route supports storage needs,2026-09-10T23:00:00.000Z
DHA-REC-0422,MED-ITEM-0422,MTF-0422,MTF-0459,DHA-ROUTE-0422,DHA-POL-0422,22,adds 24 hours of coverage,0.6,gather_more_evidence,Demand forecast confidence is below 70 percent,2026-09-10T23:09:00.000Z
DHA-REC-0423,MED-ITEM-0423,MTF-0423,MTF-0460,DHA-ROUTE-0423,DHA-POL-0423,8,restores safety stock,0.95,human_review,Transfer leaves donor facility near minimum safety stock,2026-09-10T23:18:00.000Z
DHA-REC-0424,MED-ITEM-0424,MTF-0424,MTF-0461,DHA-ROUTE-0424,DHA-POL-0424,21,supports surge demand,0.83,escalate,Controlled or high-consequence materiel requires elevated review,2026-09-10T23:27:00.000Z
DHA-REC-0425,MED-ITEM-0425,MTF-0425,MTF-0462,DHA-ROUTE-0425,DHA-POL-0425,45,prevents projected stockout,0.87,deny,Required cold-chain capability is unavailable on the selected route,2026-09-10T23:36:00.000Z
DHA-REC-0426,MED-ITEM-0426,MTF-0426,MTF-0463,DHA-ROUTE-0426,DHA-POL-0426,132,adds 24 hours of coverage,0.9,proceed,Routine item; donor remains above safety stock and route supports storage needs,2026-09-10T23:45:00.000Z
DHA-REC-0427,MED-ITEM-0427,MTF-0427,MTF-0464,DHA-ROUTE-0427,DHA-POL-0427,42,restores safety stock,0.54,gather_more_evidence,Demand forecast confidence is below 70 percent,2026-09-10T23:54:00.000Z
DHA-REC-0428,MED-ITEM-0428,MTF-0428,MTF-0465,DHA-ROUTE-0428,DHA-POL-0428,8,supports surge demand,0.93,human_review,Transfer leaves donor facility near minimum safety stock,2026-09-11T00:03:00.000Z
DHA-REC-0429,MED-ITEM-0429,MTF-0429,MTF-0466,DHA-ROUTE-0429,DHA-POL-0429,15,prevents projected stockout,0.92,escalate,Controlled or high-consequence materiel requires elevated review,2026-09-11T00:12:00.000Z
DHA-REC-0430,MED-ITEM-0430,MTF-0430,MTF-0467,DHA-ROUTE-0430,DHA-POL-0430,42,adds 24 hours of coverage,0.95,deny,Required cold-chain capability is unavailable on the selected route,2026-09-11T00:21:00.000Z
DHA-REC-0431,MED-ITEM-0431,MTF-0431,MTF-0468,DHA-ROUTE-0431,DHA-POL-0431,114,restores safety stock,0.89,proceed,Routine item; donor remains above safety stock and route supports storage needs,2026-09-11T00:30:00.000Z
DHA-REC-0432,MED-ITEM-0432,MTF-0432,MTF-0469,DHA-ROUTE-0432,DHA-POL-0432,33,supports surge demand,0.69,gather_more_evidence,Demand forecast confidence is below 70 percent,2026-09-11T00:39:00.000Z
DHA-REC-0433,MED-ITEM-0433,MTF-0433,MTF-0470,DHA-ROUTE-0433,DHA-POL-0433,22,prevents projected stockout,0.83,human_review,Transfer leaves donor facility near minimum safety stock,2026-09-11T00:48:00.000Z
DHA-REC-0434,MED-ITEM-0434,MTF-0434,MTF-0471,DHA-ROUTE-0434,DHA-POL-0434,30,adds 24 hours of coverage,0.95,escalate,Controlled or high-consequence materiel requires elevated review,2026-09-11T00:57:00.000Z
DHA-REC-0435,MED-ITEM-0435,MTF-0435,MTF-0472,DHA-ROUTE-0435,DHA-POL-0435,9,restores safety stock,0.93,deny,Required cold-chain capability is unavailable on the selected route,2026-09-11T01:06:00.000Z
DHA-REC-0436,MED-ITEM-0436,MTF-0436,MTF-0473,DHA-ROUTE-0436,DHA-POL-0436,7,supports surge demand,0.78,proceed,Routine item; donor remains above safety stock and route supports storage needs,2026-09-11T01:15:00.000Z
DHA-REC-0437,MED-ITEM-0437,MTF-0437,MTF-0474,DHA-ROUTE-0437,DHA-POL-0437,8,prevents projected stockout,0.66,gather_more_evidence,Demand forecast confidence is below 70 percent,2026-09-11T01:24:00.000Z
DHA-REC-0438,MED-ITEM-0438,MTF-0438,MTF-0475,DHA-ROUTE-0438,DHA-POL-0438,4,adds 24 hours of coverage,0.96,human_review,Transfer leaves donor facility near minimum safety stock,2026-09-11T01:33:00.000Z
DHA-REC-0439,MED-ITEM-0439,MTF-0439,MTF-0476,DHA-ROUTE-0439,DHA-POL-0439,13,restores safety stock,0.76,escalate,Controlled or high-consequence materiel requires elevated review,2026-09-11T01:42:00.000Z
DHA-REC-0440,MED-ITEM-0440,MTF-0440,MTF-0477,DHA-ROUTE-0440,DHA-POL-0440,15,supports surge demand,0.93,deny,Required cold-chain capability is unavailable on the selected route,2026-09-11T01:51:00.000Z
DHA-REC-0441,MED-ITEM-0441,MTF-0441,MTF-0478,DHA-ROUTE-0441,DHA-POL-0441,25,prevents projected stockout,0.94,proceed,Routine item; donor remains above safety stock and route supports storage needs,2026-09-11T02:00:00.000Z
DHA-REC-0442,MED-ITEM-0442,MTF-0442,MTF-0479,DHA-ROUTE-0442,DHA-POL-0442,52,adds 24 hours of coverage,0.53,gather_more_evidence,Demand forecast confidence is below 70 percent,2026-09-11T02:09:00.000Z
DHA-REC-0443,MED-ITEM-0443,MTF-0443,MTF-0480,DHA-ROUTE-0443,DHA-POL-0443,9,restores safety stock,0.92,human_review,Transfer leaves donor facility near minimum safety stock,2026-09-11T02:18:00.000Z
DHA-REC-0444,MED-ITEM-0444,MTF-0444,MTF-0481,DHA-ROUTE-0444,DHA-POL-0444,39,supports surge demand,0.92,escalate,Controlled or high-consequence materiel requires elevated review,2026-09-11T02:27:00.000Z
DHA-REC-0445,MED-ITEM-0445,MTF-0445,MTF-0482,DHA-ROUTE-0445,DHA-POL-0445,47,prevents projected stockout,0.94,deny,Required cold-chain capability is unavailable on the selected route,2026-09-11T02:36:00.000Z
DHA-REC-0446,MED-ITEM-0446,MTF-0446,MTF-0483,DHA-ROUTE-0446,DHA-POL-0446,136,adds 24 hours of coverage,0.92,proceed,Routine item; donor remains above safety stock and route supports storage needs,2026-09-11T02:45:00.000Z
DHA-REC-0447,MED-ITEM-0447,MTF-0447,MTF-0484,DHA-ROUTE-0447,DHA-POL-0447,21,restores safety stock,0.67,gather_more_evidence,Demand forecast confidence is below 70 percent,2026-09-11T02:54:00.000Z
DHA-REC-0448,MED-ITEM-0448,MTF-0448,MTF-0485,DHA-ROUTE-0448,DHA-POL-0448,24,supports surge demand,0.78,human_review,Transfer leaves donor facility near minimum safety stock,2026-09-11T03:03:00.000Z
DHA-REC-0449,MED-ITEM-0449,MTF-0449,MTF-0486,DHA-ROUTE-0449,DHA-POL-0449,44,prevents projected stockout,0.86,escalate,Controlled or high-consequence materiel requires elevated review,2026-09-11T03:12:00.000Z
DHA-REC-0450,MED-ITEM-0450,MTF-0450,MTF-0487,DHA-ROUTE-0450,DHA-POL-0450,24,adds 24 hours of coverage,0.9,deny,Required cold-chain capability is unavailable on the selected route,2026-09-11T03:21:00.000Z
DHA-REC-0451,MED-ITEM-0451,MTF-0451,MTF-0488,DHA-ROUTE-0451,DHA-POL-0451,122,restores safety stock,0.93,proceed,Routine item; donor remains above safety stock and route supports storage needs,2026-09-11T03:30:00.000Z
DHA-REC-0452,MED-ITEM-0452,MTF-0452,MTF-0489,DHA-ROUTE-0452,DHA-POL-0452,35,supports surge demand,0.52,gather_more_evidence,Demand forecast confidence is below 70 percent,2026-09-11T03:39:00.000Z
DHA-REC-0453,MED-ITEM-0453,MTF-0453,MTF-0490,DHA-ROUTE-0453,DHA-POL-0453,9,prevents projected stockout,0.92,human_review,Transfer leaves donor facility near minimum safety stock,2026-09-11T03:48:00.000Z
DHA-REC-0454,MED-ITEM-0454,MTF-0454,MTF-0491,DHA-ROUTE-0454,DHA-POL-0454,46,adds 24 hours of coverage,0.85,escalate,Controlled or high-consequence materiel requires elevated review,2026-09-11T03:57:00.000Z
DHA-REC-0455,MED-ITEM-0455,MTF-0455,MTF-0492,DHA-ROUTE-0455,DHA-POL-0455,29,restores safety stock,0.84,deny,Required cold-chain capability is unavailable on the selected route,2026-09-11T04:06:00.000Z
DHA-REC-0456,MED-ITEM-0456,MTF-0456,MTF-0493,DHA-ROUTE-0456,DHA-POL-0456,85,supports surge demand,0.92,proceed,Routine item; donor remains above safety stock and route supports storage needs,2026-09-11T04:15:00.000Z
DHA-REC-0457,MED-ITEM-0457,MTF-0457,MTF-0494,DHA-ROUTE-0457,DHA-POL-0457,17,prevents projected stockout,0.68,gather_more_evidence,Demand forecast confidence is below 70 percent,2026-09-11T04:24:00.000Z
DHA-REC-0458,MED-ITEM-0458,MTF-0458,MTF-0495,DHA-ROUTE-0458,DHA-POL-0458,17,adds 24 hours of coverage,0.94,human_review,Transfer leaves donor facility near minimum safety stock,2026-09-11T04:33:00.000Z
DHA-REC-0459,MED-ITEM-0459,MTF-0459,MTF-0496,DHA-ROUTE-0459,DHA-POL-0459,25,restores safety stock,0.78,escalate,Controlled or high-consequence materiel requires elevated review,2026-09-11T04:42:00.000Z
DHA-REC-0460,MED-ITEM-0460,MTF-0460,MTF-0497,DHA-ROUTE-0460,DHA-POL-0460,86,supports surge demand,0.83,deny,Required cold-chain capability is unavailable on the selected route,2026-09-11T04:51:00.000Z
DHA-REC-0461,MED-ITEM-0461,MTF-0461,MTF-0498,DHA-ROUTE-0461,DHA-POL-0461,155,prevents projected stockout,0.89,proceed,Routine item; donor remains above safety stock and route supports storage needs,2026-09-11T05:00:00.000Z
DHA-REC-0462,MED-ITEM-0462,MTF-0462,MTF-0499,DHA-ROUTE-0462,DHA-POL-0462,6,adds 24 hours of coverage,0.57,gather_more_evidence,Demand forecast confidence is below 70 percent,2026-09-11T05:09:00.000Z
DHA-REC-0463,MED-ITEM-0463,MTF-0463,MTF-0500,DHA-ROUTE-0463,DHA-POL-0463,11,restores safety stock,0.82,human_review,Transfer leaves donor facility near minimum safety stock,2026-09-11T05:18:00.000Z
DHA-REC-0464,MED-ITEM-0464,MTF-0464,MTF-0501,DHA-ROUTE-0464,DHA-POL-0464,32,supports surge demand,0.9,escalate,Controlled or high-consequence materiel requires elevated review,2026-09-11T05:27:00.000Z
DHA-REC-0465,MED-ITEM-0465,MTF-0465,MTF-0502,DHA-ROUTE-0465,DHA-POL-0465,59,prevents projected stockout,0.77,deny,Required cold-chain capability is unavailable on the selected route,2026-09-11T05:36:00.000Z
DHA-REC-0466,MED-ITEM-0466,MTF-0466,MTF-0503,DHA-ROUTE-0466,DHA-POL-0466,7,adds 24 hours of coverage,0.91,proceed,Routine item; donor remains above safety stock and route supports storage needs,2026-09-11T05:45:00.000Z
DHA-REC-0467,MED-ITEM-0467,MTF-0467,MTF-0504,DHA-ROUTE-0467,DHA-POL-0467,17,restores safety stock,0.52,gather_more_evidence,Demand forecast confidence is below 70 percent,2026-09-11T05:54:00.000Z
DHA-REC-0468,MED-ITEM-0468,MTF-0468,MTF-0505,DHA-ROUTE-0468,DHA-POL-0468,4,supports surge demand,0.87,human_review,Transfer leaves donor facility near minimum safety stock,2026-09-11T06:03:00.000Z
DHA-REC-0469,MED-ITEM-0469,MTF-0469,MTF-0506,DHA-ROUTE-0469,DHA-POL-0469,7,prevents projected stockout,0.82,escalate,Controlled or high-consequence materiel requires elevated review,2026-09-11T06:12:00.000Z
DHA-REC-0470,MED-ITEM-0470,MTF-0470,MTF-0507,DHA-ROUTE-0470,DHA-POL-0470,6,adds 24 hours of coverage,0.81,deny,Required cold-chain capability is unavailable on the selected route,2026-09-11T06:21:00.000Z
DHA-REC-0471,MED-ITEM-0471,MTF-0471,MTF-0508,DHA-ROUTE-0471,DHA-POL-0471,147,restores safety stock,0.83,proceed,Routine item; donor remains above safety stock and route supports storage needs,2026-09-11T06:30:00.000Z
DHA-REC-0472,MED-ITEM-0472,MTF-0472,MTF-0509,DHA-ROUTE-0472,DHA-POL-0472,13,supports surge demand,0.49,gather_more_evidence,Demand forecast confidence is below 70 percent,2026-09-11T06:39:00.000Z
DHA-REC-0473,MED-ITEM-0473,MTF-0473,MTF-0510,DHA-ROUTE-0473,DHA-POL-0473,12,prevents projected stockout,0.84,human_review,Transfer leaves donor facility near minimum safety stock,2026-09-11T06:48:00.000Z
DHA-REC-0474,MED-ITEM-0474,MTF-0474,MTF-0511,DHA-ROUTE-0474,DHA-POL-0474,9,adds 24 hours of coverage,0.84,escalate,Controlled or high-consequence materiel requires elevated review,2026-09-11T06:57:00.000Z
DHA-REC-0475,MED-ITEM-0475,MTF-0475,MTF-0512,DHA-ROUTE-0475,DHA-POL-0475,35,restores safety stock,0.91,deny,Required cold-chain capability is unavailable on the selected route,2026-09-11T07:06:00.000Z
DHA-REC-0476,MED-ITEM-0476,MTF-0476,MTF-0513,DHA-ROUTE-0476,DHA-POL-0476,111,supports surge demand,0.83,proceed,Routine item; donor remains above safety stock and route supports storage needs,2026-09-11T07:15:00.000Z
DHA-REC-0477,MED-ITEM-0477,MTF-0477,MTF-0514,DHA-ROUTE-0477,DHA-POL-0477,72,prevents projected stockout,0.55,gather_more_evidence,Demand forecast confidence is below 70 percent,2026-09-11T07:24:00.000Z
DHA-REC-0478,MED-ITEM-0478,MTF-0478,MTF-0515,DHA-ROUTE-0478,DHA-POL-0478,19,adds 24 hours of coverage,0.77,human_review,Transfer leaves donor facility near minimum safety stock,2026-09-11T07:33:00.000Z
DHA-REC-0479,MED-ITEM-0479,MTF-0479,MTF-0516,DHA-ROUTE-0479,DHA-POL-0479,20,restores safety stock,0.85,escalate,Controlled or high-consequence materiel requires elevated review,2026-09-11T07:42:00.000Z
DHA-REC-0480,MED-ITEM-0480,MTF-0480,MTF-0517,DHA-ROUTE-0480,DHA-POL-0480,44,supports surge demand,0.81,deny,Required cold-chain capability is unavailable on the selected route,2026-09-11T07:51:00.000Z
DHA-REC-0481,MED-ITEM-0481,MTF-0481,MTF-0518,DHA-ROUTE-0481,DHA-POL-0481,55,prevents projected stockout,0.86,proceed,Routine item; donor remains above safety stock and route supports storage needs,2026-09-11T08:00:00.000Z
DHA-REC-0482,MED-ITEM-0482,MTF-0482,MTF-0519,DHA-ROUTE-0482,DHA-POL-0482,22,adds 24 hours of coverage,0.48,gather_more_evidence,Demand forecast confidence is below 70 percent,2026-09-11T08:09:00.000Z
DHA-REC-0483,MED-ITEM-0483,MTF-0483,MTF-0520,DHA-ROUTE-0483,DHA-POL-0483,9,restores safety stock,0.79,human_review,Transfer leaves donor facility near minimum safety stock,2026-09-11T08:18:00.000Z
DHA-REC-0484,MED-ITEM-0484,MTF-0484,MTF-0521,DHA-ROUTE-0484,DHA-POL-0484,10,supports surge demand,0.81,escalate,Controlled or high-consequence materiel requires elevated review,2026-09-11T08:27:00.000Z
DHA-REC-0485,MED-ITEM-0485,MTF-0485,MTF-0522,DHA-ROUTE-0485,DHA-POL-0485,19,prevents projected stockout,0.81,deny,Required cold-chain capability is unavailable on the selected route,2026-09-11T08:36:00.000Z
DHA-REC-0486,MED-ITEM-0486,MTF-0486,MTF-0523,DHA-ROUTE-0486,DHA-POL-0486,157,adds 24 hours of coverage,0.8,proceed,Routine item; donor remains above safety stock and route supports storage needs,2026-09-11T08:45:00.000Z
DHA-REC-0487,MED-ITEM-0487,MTF-0487,MTF-0524,DHA-ROUTE-0487,DHA-POL-0487,7,restores safety stock,0.54,gather_more_evidence,Demand forecast confidence is below 70 percent,2026-09-11T08:54:00.000Z
DHA-REC-0488,MED-ITEM-0488,MTF-0488,MTF-0525,DHA-ROUTE-0488,DHA-POL-0488,7,supports surge demand,0.79,human_review,Transfer leaves donor facility near minimum safety stock,2026-09-11T09:03:00.000Z
DHA-REC-0489,MED-ITEM-0489,MTF-0489,MTF-0526,DHA-ROUTE-0489,DHA-POL-0489,23,prevents projected stockout,0.78,escalate,Controlled or high-consequence materiel requires elevated review,2026-09-11T09:12:00.000Z
DHA-REC-0490,MED-ITEM-0490,MTF-0490,MTF-0527,DHA-ROUTE-0490,DHA-POL-0490,25,adds 24 hours of coverage,0.95,deny,Required cold-chain capability is unavailable on the selected route,2026-09-11T09:21:00.000Z
DHA-REC-0491,MED-ITEM-0491,MTF-0491,MTF-0528,DHA-ROUTE-0491,DHA-POL-0491,58,restores safety stock,0.83,proceed,Routine item; donor remains above safety stock and route supports storage needs,2026-09-11T09:30:00.000Z
DHA-REC-0492,MED-ITEM-0492,MTF-0492,MTF-0529,DHA-ROUTE-0492,DHA-POL-0492,16,supports surge demand,0.67,gather_more_evidence,Demand forecast confidence is below 70 percent,2026-09-11T09:39:00.000Z
DHA-REC-0493,MED-ITEM-0493,MTF-0493,MTF-0530,DHA-ROUTE-0493,DHA-POL-0493,7,prevents projected stockout,0.8,human_review,Transfer leaves donor facility near minimum safety stock,2026-09-11T09:48:00.000Z
DHA-REC-0494,MED-ITEM-0494,MTF-0494,MTF-0531,DHA-ROUTE-0494,DHA-POL-0494,39,adds 24 hours of coverage,0.85,escalate,Controlled or high-consequence materiel requires elevated review,2026-09-11T09:57:00.000Z
DHA-REC-0495,MED-ITEM-0495,MTF-0495,MTF-0532,DHA-ROUTE-0495,DHA-POL-0495,17,restores safety stock,0.81,deny,Required cold-chain capability is unavailable on the selected route,2026-09-11T10:06:00.000Z
DHA-REC-0496,MED-ITEM-0496,MTF-0496,MTF-0533,DHA-ROUTE-0496,DHA-POL-0496,133,supports surge demand,0.88,proceed,Routine item; donor remains above safety stock and route supports storage needs,2026-09-11T10:15:00.000Z
DHA-REC-0497,MED-ITEM-0497,MTF-0497,MTF-0534,DHA-ROUTE-0497,DHA-POL-0497,8,prevents projected stockout,0.67,gather_more_evidence,Demand forecast confidence is below 70 percent,2026-09-11T10:24:00.000Z
DHA-REC-0498,MED-ITEM-0498,MTF-0498,MTF-0535,DHA-ROUTE-0498,DHA-POL-0498,17,adds 24 hours of coverage,0.91,human_review,Transfer leaves donor facility near minimum safety stock,2026-09-11T10:33:00.000Z
DHA-REC-0499,MED-ITEM-0499,MTF-0499,MTF-0536,DHA-ROUTE-0499,DHA-POL-0499,11,restores safety stock,0.88,escalate,Controlled or high-consequence materiel requires elevated review,2026-09-11T10:42:00.000Z
DHA-REC-0500,MED-ITEM-0500,MTF-0500,MTF-0537,DHA-ROUTE-0500,DHA-POL-0500,52,supports surge demand,0.93,deny,Required cold-chain capability is unavailable on the selected route,2026-09-11T10:51:00.000Z
DHA-REC-0501,MED-ITEM-0501,MTF-0501,MTF-0538,DHA-ROUTE-0501,DHA-POL-0501,29,prevents projected stockout,0.9,proceed,Routine item; donor remains above safety stock and route supports storage needs,2026-09-11T11:00:00.000Z
DHA-REC-0502,MED-ITEM-0502,MTF-0502,MTF-0539,DHA-ROUTE-0502,DHA-POL-0502,12,adds 24 hours of coverage,0.54,gather_more_evidence,Demand forecast confidence is below 70 percent,2026-09-11T11:09:00.000Z
DHA-REC-0503,MED-ITEM-0503,MTF-0503,MTF-0540,DHA-ROUTE-0503,DHA-POL-0503,6,restores safety stock,0.93,human_review,Transfer leaves donor facility near minimum safety stock,2026-09-11T11:18:00.000Z
DHA-REC-0504,MED-ITEM-0504,MTF-0504,MTF-0541,DHA-ROUTE-0504,DHA-POL-0504,16,supports surge demand,0.91,escalate,Controlled or high-consequence materiel requires elevated review,2026-09-11T11:27:00.000Z
DHA-REC-0505,MED-ITEM-0505,MTF-0505,MTF-0542,DHA-ROUTE-0505,DHA-POL-0505,29,prevents projected stockout,0.9,deny,Required cold-chain capability is unavailable on the selected route,2026-09-11T11:36:00.000Z
DHA-REC-0506,MED-ITEM-0506,MTF-0506,MTF-0543,DHA-ROUTE-0506,DHA-POL-0506,167,adds 24 hours of coverage,0.79,proceed,Routine item; donor remains above safety stock and route supports storage needs,2026-09-11T11:45:00.000Z
DHA-REC-0507,MED-ITEM-0507,MTF-0507,MTF-0544,DHA-ROUTE-0507,DHA-POL-0507,47,restores safety stock,0.65,gather_more_evidence,Demand forecast confidence is below 70 percent,2026-09-11T11:54:00.000Z
DHA-REC-0508,MED-ITEM-0508,MTF-0508,MTF-0545,DHA-ROUTE-0508,DHA-POL-0508,7,supports surge demand,0.92,human_review,Transfer leaves donor facility near minimum safety stock,2026-09-11T12:03:00.000Z
DHA-REC-0509,MED-ITEM-0509,MTF-0509,MTF-0546,DHA-ROUTE-0509,DHA-POL-0509,41,prevents projected stockout,0.93,escalate,Controlled or high-consequence materiel requires elevated review,2026-09-11T12:12:00.000Z
DHA-REC-0510,MED-ITEM-0510,MTF-0510,MTF-0547,DHA-ROUTE-0510,DHA-POL-0510,56,adds 24 hours of coverage,0.8,deny,Required cold-chain capability is unavailable on the selected route,2026-09-11T12:21:00.000Z
DHA-REC-0511,MED-ITEM-0511,MTF-0511,MTF-0548,DHA-ROUTE-0511,DHA-POL-0511,8,restores safety stock,0.79,proceed,Routine item; donor remains above safety stock and route supports storage needs,2026-09-11T12:30:00.000Z
DHA-REC-0512,MED-ITEM-0512,MTF-0512,MTF-0549,DHA-ROUTE-0512,DHA-POL-0512,68,supports surge demand,0.69,gather_more_evidence,Demand forecast confidence is below 70 percent,2026-09-11T12:39:00.000Z
DHA-REC-0513,MED-ITEM-0513,MTF-0513,MTF-0550,DHA-ROUTE-0513,DHA-POL-0513,4,prevents projected stockout,0.9,human_review,Transfer leaves donor facility near minimum safety stock,2026-09-11T12:48:00.000Z
DHA-REC-0514,MED-ITEM-0514,MTF-0514,MTF-0551,DHA-ROUTE-0514,DHA-POL-0514,6,adds 24 hours of coverage,0.83,escalate,Controlled or high-consequence materiel requires elevated review,2026-09-11T12:57:00.000Z
DHA-REC-0515,MED-ITEM-0515,MTF-0515,MTF-0552,DHA-ROUTE-0515,DHA-POL-0515,61,restores safety stock,0.91,deny,Required cold-chain capability is unavailable on the selected route,2026-09-11T13:06:00.000Z
DHA-REC-0516,MED-ITEM-0516,MTF-0516,MTF-0553,DHA-ROUTE-0516,DHA-POL-0516,156,supports surge demand,0.89,proceed,Routine item; donor remains above safety stock and route supports storage needs,2026-09-11T13:15:00.000Z
DHA-REC-0517,MED-ITEM-0517,MTF-0517,MTF-0554,DHA-ROUTE-0517,DHA-POL-0517,33,prevents projected stockout,0.64,gather_more_evidence,Demand forecast confidence is below 70 percent,2026-09-11T13:24:00.000Z
DHA-REC-0518,MED-ITEM-0518,MTF-0518,MTF-0555,DHA-ROUTE-0518,DHA-POL-0518,20,adds 24 hours of coverage,0.83,human_review,Transfer leaves donor facility near minimum safety stock,2026-09-11T13:33:00.000Z
DHA-REC-0519,MED-ITEM-0519,MTF-0519,MTF-0556,DHA-ROUTE-0519,DHA-POL-0519,44,restores safety stock,0.89,escalate,Controlled or high-consequence materiel requires elevated review,2026-09-11T13:42:00.000Z
DHA-REC-0520,MED-ITEM-0520,MTF-0520,MTF-0557,DHA-ROUTE-0520,DHA-POL-0520,8,supports surge demand,0.84,deny,Required cold-chain capability is unavailable on the selected route,2026-09-11T13:51:00.000Z
DHA-REC-0521,MED-ITEM-0521,MTF-0521,MTF-0558,DHA-ROUTE-0521,DHA-POL-0521,90,prevents projected stockout,0.76,proceed,Routine item; donor remains above safety stock and route supports storage needs,2026-09-11T14:00:00.000Z
DHA-REC-0522,MED-ITEM-0522,MTF-0522,MTF-0559,DHA-ROUTE-0522,DHA-POL-0522,42,adds 24 hours of coverage,0.55,gather_more_evidence,Demand forecast confidence is below 70 percent,2026-09-11T14:09:00.000Z
DHA-REC-0523,MED-ITEM-0523,MTF-0523,MTF-0560,DHA-ROUTE-0523,DHA-POL-0523,19,restores safety stock,0.76,human_review,Transfer leaves donor facility near minimum safety stock,2026-09-11T14:18:00.000Z
DHA-REC-0524,MED-ITEM-0524,MTF-0524,MTF-0561,DHA-ROUTE-0524,DHA-POL-0524,28,supports surge demand,0.89,escalate,Controlled or high-consequence materiel requires elevated review,2026-09-11T14:27:00.000Z
DHA-REC-0525,MED-ITEM-0525,MTF-0525,MTF-0562,DHA-ROUTE-0525,DHA-POL-0525,18,prevents projected stockout,0.9,deny,Required cold-chain capability is unavailable on the selected route,2026-09-11T14:36:00.000Z
DHA-REC-0526,MED-ITEM-0526,MTF-0526,MTF-0563,DHA-ROUTE-0526,DHA-POL-0526,19,adds 24 hours of coverage,0.93,proceed,Routine item; donor remains above safety stock and route supports storage needs,2026-09-11T14:45:00.000Z
DHA-REC-0527,MED-ITEM-0527,MTF-0527,MTF-0564,DHA-ROUTE-0527,DHA-POL-0527,5,restores safety stock,0.62,gather_more_evidence,Demand forecast confidence is below 70 percent,2026-09-11T14:54:00.000Z
DHA-REC-0528,MED-ITEM-0528,MTF-0528,MTF-0565,DHA-ROUTE-0528,DHA-POL-0528,16,supports surge demand,0.86,human_review,Transfer leaves donor facility near minimum safety stock,2026-09-11T15:03:00.000Z
DHA-REC-0529,MED-ITEM-0529,MTF-0529,MTF-0566,DHA-ROUTE-0529,DHA-POL-0529,32,prevents projected stockout,0.93,escalate,Controlled or high-consequence materiel requires elevated review,2026-09-11T15:12:00.000Z
DHA-REC-0530,MED-ITEM-0530,MTF-0530,MTF-0567,DHA-ROUTE-0530,DHA-POL-0530,18,adds 24 hours of coverage,0.95,deny,Required cold-chain capability is unavailable on the selected route,2026-09-11T15:21:00.000Z
DHA-REC-0531,MED-ITEM-0531,MTF-0531,MTF-0568,DHA-ROUTE-0531,DHA-POL-0531,49,restores safety stock,0.79,proceed,Routine item; donor remains above safety stock and route supports storage needs,2026-09-11T15:30:00.000Z
DHA-REC-0532,MED-ITEM-0532,MTF-0532,MTF-0569,DHA-ROUTE-0532,DHA-POL-0532,35,supports surge demand,0.63,gather_more_evidence,Demand forecast confidence is below 70 percent,2026-09-11T15:39:00.000Z
DHA-REC-0533,MED-ITEM-0533,MTF-0533,MTF-0570,DHA-ROUTE-0533,DHA-POL-0533,5,prevents projected stockout,0.9,human_review,Transfer leaves donor facility near minimum safety stock,2026-09-11T15:48:00.000Z
DHA-REC-0534,MED-ITEM-0534,MTF-0534,MTF-0571,DHA-ROUTE-0534,DHA-POL-0534,30,adds 24 hours of coverage,0.91,escalate,Controlled or high-consequence materiel requires elevated review,2026-09-11T15:57:00.000Z
DHA-REC-0535,MED-ITEM-0535,MTF-0535,MTF-0572,DHA-ROUTE-0535,DHA-POL-0535,17,restores safety stock,0.88,deny,Required cold-chain capability is unavailable on the selected route,2026-09-11T16:06:00.000Z
DHA-REC-0536,MED-ITEM-0536,MTF-0536,MTF-0573,DHA-ROUTE-0536,DHA-POL-0536,21,supports surge demand,0.78,proceed,Routine item; donor remains above safety stock and route supports storage needs,2026-09-11T16:15:00.000Z
DHA-REC-0537,MED-ITEM-0537,MTF-0537,MTF-0574,DHA-ROUTE-0537,DHA-POL-0537,9,prevents projected stockout,0.6,gather_more_evidence,Demand forecast confidence is below 70 percent,2026-09-11T16:24:00.000Z
DHA-REC-0538,MED-ITEM-0538,MTF-0538,MTF-0575,DHA-ROUTE-0538,DHA-POL-0538,14,adds 24 hours of coverage,0.87,human_review,Transfer leaves donor facility near minimum safety stock,2026-09-11T16:33:00.000Z
DHA-REC-0539,MED-ITEM-0539,MTF-0539,MTF-0576,DHA-ROUTE-0539,DHA-POL-0539,71,restores safety stock,0.96,escalate,Controlled or high-consequence materiel requires elevated review,2026-09-11T16:42:00.000Z
DHA-REC-0540,MED-ITEM-0540,MTF-0540,MTF-0577,DHA-ROUTE-0540,DHA-POL-0540,24,supports surge demand,0.94,deny,Required cold-chain capability is unavailable on the selected route,2026-09-11T16:51:00.000Z
DHA-REC-0541,MED-ITEM-0541,MTF-0541,MTF-0578,DHA-ROUTE-0541,DHA-POL-0541,204,prevents projected stockout,0.84,proceed,Routine item; donor remains above safety stock and route supports storage needs,2026-09-11T17:00:00.000Z
DHA-REC-0542,MED-ITEM-0542,MTF-0542,MTF-0579,DHA-ROUTE-0542,DHA-POL-0542,36,adds 24 hours of coverage,0.49,gather_more_evidence,Demand forecast confidence is below 70 percent,2026-09-11T17:09:00.000Z
DHA-REC-0543,MED-ITEM-0543,MTF-0543,MTF-0580,DHA-ROUTE-0543,DHA-POL-0543,17,restores safety stock,0.94,human_review,Transfer leaves donor facility near minimum safety stock,2026-09-11T17:18:00.000Z
DHA-REC-0544,MED-ITEM-0544,MTF-0544,MTF-0581,DHA-ROUTE-0544,DHA-POL-0544,8,supports surge demand,0.77,escalate,Controlled or high-consequence materiel requires elevated review,2026-09-11T17:27:00.000Z
DHA-REC-0545,MED-ITEM-0545,MTF-0545,MTF-0582,DHA-ROUTE-0545,DHA-POL-0545,18,prevents projected stockout,0.88,deny,Required cold-chain capability is unavailable on the selected route,2026-09-11T17:36:00.000Z
DHA-REC-0546,MED-ITEM-0546,MTF-0546,MTF-0583,DHA-ROUTE-0546,DHA-POL-0546,53,adds 24 hours of coverage,0.78,proceed,Routine item; donor remains above safety stock and route supports storage needs,2026-09-11T17:45:00.000Z
DHA-REC-0547,MED-ITEM-0547,MTF-0547,MTF-0584,DHA-ROUTE-0547,DHA-POL-0547,11,restores safety stock,0.58,gather_more_evidence,Demand forecast confidence is below 70 percent,2026-09-11T17:54:00.000Z
DHA-REC-0548,MED-ITEM-0548,MTF-0548,MTF-0585,DHA-ROUTE-0548,DHA-POL-0548,13,supports surge demand,0.83,human_review,Transfer leaves donor facility near minimum safety stock,2026-09-11T18:03:00.000Z
DHA-REC-0549,MED-ITEM-0549,MTF-0549,MTF-0586,DHA-ROUTE-0549,DHA-POL-0549,19,prevents projected stockout,0.87,escalate,Controlled or high-consequence materiel requires elevated review,2026-09-11T18:12:00.000Z
DHA-REC-0550,MED-ITEM-0550,MTF-0550,MTF-0587,DHA-ROUTE-0550,DHA-POL-0550,24,adds 24 hours of coverage,0.79,deny,Required cold-chain capability is unavailable on the selected route,2026-09-11T18:21:00.000Z
DHA-REC-0551,MED-ITEM-0551,MTF-0551,MTF-0588,DHA-ROUTE-0551,DHA-POL-0551,44,restores safety stock,0.81,proceed,Routine item; donor remains above safety stock and route supports storage needs,2026-09-11T18:30:00.000Z
DHA-REC-0552,MED-ITEM-0552,MTF-0552,MTF-0589,DHA-ROUTE-0552,DHA-POL-0552,38,supports surge demand,0.53,gather_more_evidence,Demand forecast confidence is below 70 percent,2026-09-11T18:39:00.000Z
DHA-REC-0553,MED-ITEM-0553,MTF-0553,MTF-0590,DHA-ROUTE-0553,DHA-POL-0553,11,prevents projected stockout,0.93,human_review,Transfer leaves donor facility near minimum safety stock,2026-09-11T18:48:00.000Z
DHA-REC-0554,MED-ITEM-0554,MTF-0554,MTF-0591,DHA-ROUTE-0554,DHA-POL-0554,11,adds 24 hours of coverage,0.77,escalate,Controlled or high-consequence materiel requires elevated review,2026-09-11T18:57:00.000Z
DHA-REC-0555,MED-ITEM-0555,MTF-0555,MTF-0592,DHA-ROUTE-0555,DHA-POL-0555,42,restores safety stock,0.87,deny,Required cold-chain capability is unavailable on the selected route,2026-09-11T19:06:00.000Z
DHA-REC-0556,MED-ITEM-0556,MTF-0556,MTF-0593,DHA-ROUTE-0556,DHA-POL-0556,81,supports surge demand,0.81,proceed,Routine item; donor remains above safety stock and route supports storage needs,2026-09-11T19:15:00.000Z
DHA-REC-0557,MED-ITEM-0557,MTF-0557,MTF-0594,DHA-ROUTE-0557,DHA-POL-0557,5,prevents projected stockout,0.54,gather_more_evidence,Demand forecast confidence is below 70 percent,2026-09-11T19:24:00.000Z
DHA-REC-0558,MED-ITEM-0558,MTF-0558,MTF-0595,DHA-ROUTE-0558,DHA-POL-0558,15,adds 24 hours of coverage,0.94,human_review,Transfer leaves donor facility near minimum safety stock,2026-09-11T19:33:00.000Z
DHA-REC-0559,MED-ITEM-0559,MTF-0559,MTF-0596,DHA-ROUTE-0559,DHA-POL-0559,29,restores safety stock,0.94,escalate,Controlled or high-consequence materiel requires elevated review,2026-09-11T19:42:00.000Z
DHA-REC-0560,MED-ITEM-0560,MTF-0560,MTF-0597,DHA-ROUTE-0560,DHA-POL-0560,34,supports surge demand,0.88,deny,Required cold-chain capability is unavailable on the selected route,2026-09-11T19:51:00.000Z
DHA-REC-0561,MED-ITEM-0561,MTF-0561,MTF-0598,DHA-ROUTE-0561,DHA-POL-0561,64,prevents projected stockout,0.86,proceed,Routine item; donor remains above safety stock and route supports storage needs,2026-09-11T20:00:00.000Z
DHA-REC-0562,MED-ITEM-0562,MTF-0562,MTF-0599,DHA-ROUTE-0562,DHA-POL-0562,41,adds 24 hours of coverage,0.6,gather_more_evidence,Demand forecast confidence is below 70 percent,2026-09-11T20:09:00.000Z
DHA-REC-0563,MED-ITEM-0563,MTF-0563,MTF-0600,DHA-ROUTE-0563,DHA-POL-0563,10,restores safety stock,0.91,human_review,Transfer leaves donor facility near minimum safety stock,2026-09-11T20:18:00.000Z
DHA-REC-0564,MED-ITEM-0564,MTF-0564,MTF-0601,DHA-ROUTE-0564,DHA-POL-0564,14,supports surge demand,0.95,escalate,Controlled or high-consequence materiel requires elevated review,2026-09-11T20:27:00.000Z
DHA-REC-0565,MED-ITEM-0565,MTF-0565,MTF-0602,DHA-ROUTE-0565,DHA-POL-0565,59,prevents projected stockout,0.83,deny,Required cold-chain capability is unavailable on the selected route,2026-09-11T20:36:00.000Z
DHA-REC-0566,MED-ITEM-0566,MTF-0566,MTF-0603,DHA-ROUTE-0566,DHA-POL-0566,36,adds 24 hours of coverage,0.78,proceed,Routine item; donor remains above safety stock and route supports storage needs,2026-09-11T20:45:00.000Z
DHA-REC-0567,MED-ITEM-0567,MTF-0567,MTF-0604,DHA-ROUTE-0567,DHA-POL-0567,18,restores safety stock,0.57,gather_more_evidence,Demand forecast confidence is below 70 percent,2026-09-11T20:54:00.000Z
DHA-REC-0568,MED-ITEM-0568,MTF-0568,MTF-0605,DHA-ROUTE-0568,DHA-POL-0568,9,supports surge demand,0.95,human_review,Transfer leaves donor facility near minimum safety stock,2026-09-11T21:03:00.000Z
DHA-REC-0569,MED-ITEM-0569,MTF-0569,MTF-0606,DHA-ROUTE-0569,DHA-POL-0569,38,prevents projected stockout,0.76,escalate,Controlled or high-consequence materiel requires elevated review,2026-09-11T21:12:00.000Z
DHA-REC-0570,MED-ITEM-0570,MTF-0570,MTF-0607,DHA-ROUTE-0570,DHA-POL-0570,34,adds 24 hours of coverage,0.81,deny,Required cold-chain capability is unavailable on the selected route,2026-09-11T21:21:00.000Z
DHA-REC-0571,MED-ITEM-0571,MTF-0571,MTF-0608,DHA-ROUTE-0571,DHA-POL-0571,51,restores safety stock,0.89,proceed,Routine item; donor remains above safety stock and route supports storage needs,2026-09-11T21:30:00.000Z
DHA-REC-0572,MED-ITEM-0572,MTF-0572,MTF-0609,DHA-ROUTE-0572,DHA-POL-0572,41,supports surge demand,0.63,gather_more_evidence,Demand forecast confidence is below 70 percent,2026-09-11T21:39:00.000Z
DHA-REC-0573,MED-ITEM-0573,MTF-0573,MTF-0610,DHA-ROUTE-0573,DHA-POL-0573,20,prevents projected stockout,0.92,human_review,Transfer leaves donor facility near minimum safety stock,2026-09-11T21:48:00.000Z
DHA-REC-0574,MED-ITEM-0574,MTF-0574,MTF-0611,DHA-ROUTE-0574,DHA-POL-0574,55,adds 24 hours of coverage,0.92,escalate,Controlled or high-consequence materiel requires elevated review,2026-09-11T21:57:00.000Z
DHA-REC-0575,MED-ITEM-0575,MTF-0575,MTF-0612,DHA-ROUTE-0575,DHA-POL-0575,64,restores safety stock,0.96,deny,Required cold-chain capability is unavailable on the selected route,2026-09-11T22:06:00.000Z
DHA-REC-0576,MED-ITEM-0576,MTF-0576,MTF-0613,DHA-ROUTE-0576,DHA-POL-0576,68,supports surge demand,0.85,proceed,Routine item; donor remains above safety stock and route supports storage needs,2026-09-11T22:15:00.000Z
DHA-REC-0577,MED-ITEM-0577,MTF-0577,MTF-0614,DHA-ROUTE-0577,DHA-POL-0577,61,prevents projected stockout,0.55,gather_more_evidence,Demand forecast confidence is below 70 percent,2026-09-11T22:24:00.000Z
DHA-REC-0578,MED-ITEM-0578,MTF-0578,MTF-0615,DHA-ROUTE-0578,DHA-POL-0578,17,adds 24 hours of coverage,0.92,human_review,Transfer leaves donor facility near minimum safety stock,2026-09-11T22:33:00.000Z
DHA-REC-0579,MED-ITEM-0579,MTF-0579,MTF-0616,DHA-ROUTE-0579,DHA-POL-0579,10,restores safety stock,0.95,escalate,Controlled or high-consequence materiel requires elevated review,2026-09-11T22:42:00.000Z
DHA-REC-0580,MED-ITEM-0580,MTF-0580,MTF-0617,DHA-ROUTE-0580,DHA-POL-0580,10,supports surge demand,0.83,deny,Required cold-chain capability is unavailable on the selected route,2026-09-11T22:51:00.000Z
DHA-REC-0581,MED-ITEM-0581,MTF-0581,MTF-0618,DHA-ROUTE-0581,DHA-POL-0581,45,prevents projected stockout,0.95,proceed,Routine item; donor remains above safety stock and route supports storage needs,2026-09-11T23:00:00.000Z
DHA-REC-0582,MED-ITEM-0582,MTF-0582,MTF-0619,DHA-ROUTE-0582,DHA-POL-0582,33,adds 24 hours of coverage,0.65,gather_more_evidence,Demand forecast confidence is below 70 percent,2026-09-11T23:09:00.000Z
DHA-REC-0583,MED-ITEM-0583,MTF-0583,MTF-0620,DHA-ROUTE-0583,DHA-POL-0583,14,restores safety stock,0.86,human_review,Transfer leaves donor facility near minimum safety stock,2026-09-11T23:18:00.000Z
DHA-REC-0584,MED-ITEM-0584,MTF-0584,MTF-0621,DHA-ROUTE-0584,DHA-POL-0584,19,supports surge demand,0.81,escalate,Controlled or high-consequence materiel requires elevated review,2026-09-11T23:27:00.000Z
DHA-REC-0585,MED-ITEM-0585,MTF-0585,MTF-0622,DHA-ROUTE-0585,DHA-POL-0585,19,prevents projected stockout,0.94,deny,Required cold-chain capability is unavailable on the selected route,2026-09-11T23:36:00.000Z
DHA-REC-0586,MED-ITEM-0586,MTF-0586,MTF-0623,DHA-ROUTE-0586,DHA-POL-0586,96,adds 24 hours of coverage,0.95,proceed,Routine item; donor remains above safety stock and route supports storage needs,2026-09-11T23:45:00.000Z
DHA-REC-0587,MED-ITEM-0587,MTF-0587,MTF-0624,DHA-ROUTE-0587,DHA-POL-0587,31,restores safety stock,0.65,gather_more_evidence,Demand forecast confidence is below 70 percent,2026-09-11T23:54:00.000Z
DHA-REC-0588,MED-ITEM-0588,MTF-0588,MTF-0625,DHA-ROUTE-0588,DHA-POL-0588,10,supports surge demand,0.94,human_review,Transfer leaves donor facility near minimum safety stock,2026-09-12T00:03:00.000Z
DHA-REC-0589,MED-ITEM-0589,MTF-0589,MTF-0626,DHA-ROUTE-0589,DHA-POL-0589,60,prevents projected stockout,0.95,escalate,Controlled or high-consequence materiel requires elevated review,2026-09-12T00:12:00.000Z
DHA-REC-0590,MED-ITEM-0590,MTF-0590,MTF-0627,DHA-ROUTE-0590,DHA-POL-0590,6,adds 24 hours of coverage,0.79,deny,Required cold-chain capability is unavailable on the selected route,2026-09-12T00:21:00.000Z
DHA-REC-0591,MED-ITEM-0591,MTF-0591,MTF-0628,DHA-ROUTE-0591,DHA-POL-0591,153,restores safety stock,0.85,proceed,Routine item; donor remains above safety stock and route supports storage needs,2026-09-12T00:30:00.000Z
DHA-REC-0592,MED-ITEM-0592,MTF-0592,MTF-0629,DHA-ROUTE-0592,DHA-POL-0592,59,supports surge demand,0.54,gather_more_evidence,Demand forecast confidence is below 70 percent,2026-09-12T00:39:00.000Z
DHA-REC-0593,MED-ITEM-0593,MTF-0593,MTF-0630,DHA-ROUTE-0593,DHA-POL-0593,12,prevents projected stockout,0.77,human_review,Transfer leaves donor facility near minimum safety stock,2026-09-12T00:48:00.000Z
DHA-REC-0594,MED-ITEM-0594,MTF-0594,MTF-0631,DHA-ROUTE-0594,DHA-POL-0594,6,adds 24 hours of coverage,0.95,escalate,Controlled or high-consequence materiel requires elevated review,2026-09-12T00:57:00.000Z
DHA-REC-0595,MED-ITEM-0595,MTF-0595,MTF-0632,DHA-ROUTE-0595,DHA-POL-0595,75,restores safety stock,0.83,deny,Required cold-chain capability is unavailable on the selected route,2026-09-12T01:06:00.000Z
DHA-REC-0596,MED-ITEM-0596,MTF-0596,MTF-0633,DHA-ROUTE-0596,DHA-POL-0596,114,supports surge demand,0.79,proceed,Routine item; donor remains above safety stock and route supports storage needs,2026-09-12T01:15:00.000Z
DHA-REC-0597,MED-ITEM-0597,MTF-0597,MTF-0634,DHA-ROUTE-0597,DHA-POL-0597,10,prevents projected stockout,0.69,gather_more_evidence,Demand forecast confidence is below 70 percent,2026-09-12T01:24:00.000Z
DHA-REC-0598,MED-ITEM-0598,MTF-0598,MTF-0635,DHA-ROUTE-0598,DHA-POL-0598,4,adds 24 hours of coverage,0.91,human_review,Transfer leaves donor facility near minimum safety stock,2026-09-12T01:33:00.000Z
DHA-REC-0599,MED-ITEM-0599,MTF-0599,MTF-0636,DHA-ROUTE-0599,DHA-POL-0599,14,restores safety stock,0.93,escalate,Controlled or high-consequence materiel requires elevated review,2026-09-12T01:42:00.000Z
DHA-REC-0600,MED-ITEM-0600,MTF-0600,MTF-0637,DHA-ROUTE-0600,DHA-POL-0600,26,supports surge demand,0.77,deny,Required cold-chain capability is unavailable on the selected route,2026-09-12T01:51:00.000Z
DHA-REC-0601,MED-ITEM-0601,MTF-0601,MTF-0638,DHA-ROUTE-0601,DHA-POL-0601,148,prevents projected stockout,0.95,proceed,Routine item; donor remains above safety stock and route supports storage needs,2026-09-12T02:00:00.000Z
DHA-REC-0602,MED-ITEM-0602,MTF-0602,MTF-0639,DHA-ROUTE-0602,DHA-POL-0602,47,adds 24 hours of coverage,0.6,gather_more_evidence,Demand forecast confidence is below 70 percent,2026-09-12T02:09:00.000Z
DHA-REC-0603,MED-ITEM-0603,MTF-0603,MTF-0640,DHA-ROUTE-0603,DHA-POL-0603,13,restores safety stock,0.89,human_review,Transfer leaves donor facility near minimum safety stock,2026-09-12T02:18:00.000Z
DHA-REC-0604,MED-ITEM-0604,MTF-0604,MTF-0641,DHA-ROUTE-0604,DHA-POL-0604,65,supports surge demand,0.76,escalate,Controlled or high-consequence materiel requires elevated review,2026-09-12T02:27:00.000Z
DHA-REC-0605,MED-ITEM-0605,MTF-0605,MTF-0642,DHA-ROUTE-0605,DHA-POL-0605,70,prevents projected stockout,0.89,deny,Required cold-chain capability is unavailable on the selected route,2026-09-12T02:36:00.000Z
DHA-REC-0606,MED-ITEM-0606,MTF-0606,MTF-0643,DHA-ROUTE-0606,DHA-POL-0606,12,adds 24 hours of coverage,0.76,proceed,Routine item; donor remains above safety stock and route supports storage needs,2026-09-12T02:45:00.000Z
DHA-REC-0607,MED-ITEM-0607,MTF-0607,MTF-0644,DHA-ROUTE-0607,DHA-POL-0607,19,restores safety stock,0.63,gather_more_evidence,Demand forecast confidence is below 70 percent,2026-09-12T02:54:00.000Z
DHA-REC-0608,MED-ITEM-0608,MTF-0608,MTF-0645,DHA-ROUTE-0608,DHA-POL-0608,24,supports surge demand,0.85,human_review,Transfer leaves donor facility near minimum safety stock,2026-09-12T03:03:00.000Z
DHA-REC-0609,MED-ITEM-0609,MTF-0609,MTF-0646,DHA-ROUTE-0609,DHA-POL-0609,32,prevents projected stockout,0.89,escalate,Controlled or high-consequence materiel requires elevated review,2026-09-12T03:12:00.000Z
DHA-REC-0610,MED-ITEM-0610,MTF-0610,MTF-0647,DHA-ROUTE-0610,DHA-POL-0610,36,adds 24 hours of coverage,0.78,deny,Required cold-chain capability is unavailable on the selected route,2026-09-12T03:21:00.000Z
DHA-REC-0611,MED-ITEM-0611,MTF-0611,MTF-0648,DHA-ROUTE-0611,DHA-POL-0611,117,restores safety stock,0.94,proceed,Routine item; donor remains above safety stock and route supports storage needs,2026-09-12T03:30:00.000Z
DHA-REC-0612,MED-ITEM-0612,MTF-0612,MTF-0649,DHA-ROUTE-0612,DHA-POL-0612,25,supports surge demand,0.62,gather_more_evidence,Demand forecast confidence is below 70 percent,2026-09-12T03:39:00.000Z
DHA-REC-0613,MED-ITEM-0613,MTF-0613,MTF-0650,DHA-ROUTE-0613,DHA-POL-0613,5,prevents projected stockout,0.92,human_review,Transfer leaves donor facility near minimum safety stock,2026-09-12T03:48:00.000Z
DHA-REC-0614,MED-ITEM-0614,MTF-0614,MTF-0651,DHA-ROUTE-0614,DHA-POL-0614,12,adds 24 hours of coverage,0.85,escalate,Controlled or high-consequence materiel requires elevated review,2026-09-12T03:57:00.000Z
DHA-REC-0615,MED-ITEM-0615,MTF-0615,MTF-0652,DHA-ROUTE-0615,DHA-POL-0615,59,restores safety stock,0.85,deny,Required cold-chain capability is unavailable on the selected route,2026-09-12T04:06:00.000Z
DHA-REC-0616,MED-ITEM-0616,MTF-0616,MTF-0653,DHA-ROUTE-0616,DHA-POL-0616,168,supports surge demand,0.9,proceed,Routine item; donor remains above safety stock and route supports storage needs,2026-09-12T04:15:00.000Z
DHA-REC-0617,MED-ITEM-0617,MTF-0617,MTF-0654,DHA-ROUTE-0617,DHA-POL-0617,53,prevents projected stockout,0.55,gather_more_evidence,Demand forecast confidence is below 70 percent,2026-09-12T04:24:00.000Z
DHA-REC-0618,MED-ITEM-0618,MTF-0618,MTF-0655,DHA-ROUTE-0618,DHA-POL-0618,7,adds 24 hours of coverage,0.83,human_review,Transfer leaves donor facility near minimum safety stock,2026-09-12T04:33:00.000Z
DHA-REC-0619,MED-ITEM-0619,MTF-0619,MTF-0656,DHA-ROUTE-0619,DHA-POL-0619,16,restores safety stock,0.79,escalate,Controlled or high-consequence materiel requires elevated review,2026-09-12T04:42:00.000Z
DHA-REC-0620,MED-ITEM-0620,MTF-0620,MTF-0657,DHA-ROUTE-0620,DHA-POL-0620,18,supports surge demand,0.81,deny,Required cold-chain capability is unavailable on the selected route,2026-09-12T04:51:00.000Z
DHA-REC-0621,MED-ITEM-0621,MTF-0621,MTF-0658,DHA-ROUTE-0621,DHA-POL-0621,20,prevents projected stockout,0.84,proceed,Routine item; donor remains above safety stock and route supports storage needs,2026-09-12T05:00:00.000Z
DHA-REC-0622,MED-ITEM-0622,MTF-0622,MTF-0659,DHA-ROUTE-0622,DHA-POL-0622,47,adds 24 hours of coverage,0.62,gather_more_evidence,Demand forecast confidence is below 70 percent,2026-09-12T05:09:00.000Z
DHA-REC-0623,MED-ITEM-0623,MTF-0623,MTF-0660,DHA-ROUTE-0623,DHA-POL-0623,19,restores safety stock,0.77,human_review,Transfer leaves donor facility near minimum safety stock,2026-09-12T05:18:00.000Z
DHA-REC-0624,MED-ITEM-0624,MTF-0624,MTF-0661,DHA-ROUTE-0624,DHA-POL-0624,27,supports surge demand,0.8,escalate,Controlled or high-consequence materiel requires elevated review,2026-09-12T05:27:00.000Z
DHA-REC-0625,MED-ITEM-0625,MTF-0625,MTF-0662,DHA-ROUTE-0625,DHA-POL-0625,25,prevents projected stockout,0.81,deny,Required cold-chain capability is unavailable on the selected route,2026-09-12T05:36:00.000Z
DHA-REC-0626,MED-ITEM-0626,MTF-0626,MTF-0663,DHA-ROUTE-0626,DHA-POL-0626,76,adds 24 hours of coverage,0.86,proceed,Routine item; donor remains above safety stock and route supports storage needs,2026-09-12T05:45:00.000Z
DHA-REC-0627,MED-ITEM-0627,MTF-0627,MTF-0664,DHA-ROUTE-0627,DHA-POL-0627,57,restores safety stock,0.65,gather_more_evidence,Demand forecast confidence is below 70 percent,2026-09-12T05:54:00.000Z
DHA-REC-0628,MED-ITEM-0628,MTF-0628,MTF-0665,DHA-ROUTE-0628,DHA-POL-0628,22,supports surge demand,0.8,human_review,Transfer leaves donor facility near minimum safety stock,2026-09-12T06:03:00.000Z
DHA-REC-0629,MED-ITEM-0629,MTF-0629,MTF-0666,DHA-ROUTE-0629,DHA-POL-0629,20,prevents projected stockout,0.82,escalate,Controlled or high-consequence materiel requires elevated review,2026-09-12T06:12:00.000Z
DHA-REC-0630,MED-ITEM-0630,MTF-0630,MTF-0667,DHA-ROUTE-0630,DHA-POL-0630,87,adds 24 hours of coverage,0.77,deny,Required cold-chain capability is unavailable on the selected route,2026-09-12T06:21:00.000Z
DHA-REC-0631,MED-ITEM-0631,MTF-0631,MTF-0668,DHA-ROUTE-0631,DHA-POL-0631,184,restores safety stock,0.78,proceed,Routine item; donor remains above safety stock and route supports storage needs,2026-09-12T06:30:00.000Z
DHA-REC-0632,MED-ITEM-0632,MTF-0632,MTF-0669,DHA-ROUTE-0632,DHA-POL-0632,6,supports surge demand,0.65,gather_more_evidence,Demand forecast confidence is below 70 percent,2026-09-12T06:39:00.000Z
DHA-REC-0633,MED-ITEM-0633,MTF-0633,MTF-0670,DHA-ROUTE-0633,DHA-POL-0633,8,prevents projected stockout,0.86,human_review,Transfer leaves donor facility near minimum safety stock,2026-09-12T06:48:00.000Z
DHA-REC-0634,MED-ITEM-0634,MTF-0634,MTF-0671,DHA-ROUTE-0634,DHA-POL-0634,19,adds 24 hours of coverage,0.85,escalate,Controlled or high-consequence materiel requires elevated review,2026-09-12T06:57:00.000Z
DHA-REC-0635,MED-ITEM-0635,MTF-0635,MTF-0672,DHA-ROUTE-0635,DHA-POL-0635,49,restores safety stock,0.81,deny,Required cold-chain capability is unavailable on the selected route,2026-09-12T07:06:00.000Z
DHA-REC-0636,MED-ITEM-0636,MTF-0636,MTF-0673,DHA-ROUTE-0636,DHA-POL-0636,25,supports surge demand,0.94,proceed,Routine item; donor remains above safety stock and route supports storage needs,2026-09-12T07:15:00.000Z
DHA-REC-0637,MED-ITEM-0637,MTF-0637,MTF-0674,DHA-ROUTE-0637,DHA-POL-0637,23,prevents projected stockout,0.57,gather_more_evidence,Demand forecast confidence is below 70 percent,2026-09-12T07:24:00.000Z
DHA-REC-0638,MED-ITEM-0638,MTF-0638,MTF-0675,DHA-ROUTE-0638,DHA-POL-0638,11,adds 24 hours of coverage,0.88,human_review,Transfer leaves donor facility near minimum safety stock,2026-09-12T07:33:00.000Z
DHA-REC-0639,MED-ITEM-0639,MTF-0639,MTF-0676,DHA-ROUTE-0639,DHA-POL-0639,22,restores safety stock,0.9,escalate,Controlled or high-consequence materiel requires elevated review,2026-09-12T07:42:00.000Z
DHA-REC-0640,MED-ITEM-0640,MTF-0640,MTF-0677,DHA-ROUTE-0640,DHA-POL-0640,28,supports surge demand,0.9,deny,Required cold-chain capability is unavailable on the selected route,2026-09-12T07:51:00.000Z
DHA-REC-0641,MED-ITEM-0641,MTF-0641,MTF-0678,DHA-ROUTE-0641,DHA-POL-0641,25,prevents projected stockout,0.92,proceed,Routine item; donor remains above safety stock and route supports storage needs,2026-09-12T08:00:00.000Z
DHA-REC-0642,MED-ITEM-0642,MTF-0642,MTF-0679,DHA-ROUTE-0642,DHA-POL-0642,68,adds 24 hours of coverage,0.65,gather_more_evidence,Demand forecast confidence is below 70 percent,2026-09-12T08:09:00.000Z
DHA-REC-0643,MED-ITEM-0643,MTF-0643,MTF-0680,DHA-ROUTE-0643,DHA-POL-0643,1,restores safety stock,0.94,human_review,Transfer leaves donor facility near minimum safety stock,2026-09-12T08:18:00.000Z
DHA-REC-0644,MED-ITEM-0644,MTF-0644,MTF-0681,DHA-ROUTE-0644,DHA-POL-0644,31,supports surge demand,0.82,escalate,Controlled or high-consequence materiel requires elevated review,2026-09-12T08:27:00.000Z
DHA-REC-0645,MED-ITEM-0645,MTF-0645,MTF-0682,DHA-ROUTE-0645,DHA-POL-0645,22,prevents projected stockout,0.78,deny,Required cold-chain capability is unavailable on the selected route,2026-09-12T08:36:00.000Z
DHA-REC-0646,MED-ITEM-0646,MTF-0646,MTF-0683,DHA-ROUTE-0646,DHA-POL-0646,63,adds 24 hours of coverage,0.77,proceed,Routine item; donor remains above safety stock and route supports storage needs,2026-09-12T08:45:00.000Z
DHA-REC-0647,MED-ITEM-0647,MTF-0647,MTF-0684,DHA-ROUTE-0647,DHA-POL-0647,14,restores safety stock,0.48,gather_more_evidence,Demand forecast confidence is below 70 percent,2026-09-12T08:54:00.000Z
DHA-REC-0648,MED-ITEM-0648,MTF-0648,MTF-0685,DHA-ROUTE-0648,DHA-POL-0648,5,supports surge demand,0.9,human_review,Transfer leaves donor facility near minimum safety stock,2026-09-12T09:03:00.000Z
DHA-REC-0649,MED-ITEM-0649,MTF-0649,MTF-0686,DHA-ROUTE-0649,DHA-POL-0649,13,prevents projected stockout,0.87,escalate,Controlled or high-consequence materiel requires elevated review,2026-09-12T09:12:00.000Z
DHA-REC-0650,MED-ITEM-0650,MTF-0650,MTF-0687,DHA-ROUTE-0650,DHA-POL-0650,67,adds 24 hours of coverage,0.82,deny,Required cold-chain capability is unavailable on the selected route,2026-09-12T09:21:00.000Z
DHA-REC-0651,MED-ITEM-0651,MTF-0651,MTF-0688,DHA-ROUTE-0651,DHA-POL-0651,117,restores safety stock,0.81,proceed,Routine item; donor remains above safety stock and route supports storage needs,2026-09-12T09:30:00.000Z
DHA-REC-0652,MED-ITEM-0652,MTF-0652,MTF-0689,DHA-ROUTE-0652,DHA-POL-0652,27,supports surge demand,0.59,gather_more_evidence,Demand forecast confidence is below 70 percent,2026-09-12T09:39:00.000Z
DHA-REC-0653,MED-ITEM-0653,MTF-0653,MTF-0690,DHA-ROUTE-0653,DHA-POL-0653,19,prevents projected stockout,0.83,human_review,Transfer leaves donor facility near minimum safety stock,2026-09-12T09:48:00.000Z
DHA-REC-0654,MED-ITEM-0654,MTF-0654,MTF-0691,DHA-ROUTE-0654,DHA-POL-0654,11,adds 24 hours of coverage,0.93,escalate,Controlled or high-consequence materiel requires elevated review,2026-09-12T09:57:00.000Z
DHA-REC-0655,MED-ITEM-0655,MTF-0655,MTF-0692,DHA-ROUTE-0655,DHA-POL-0655,26,restores safety stock,0.89,deny,Required cold-chain capability is unavailable on the selected route,2026-09-12T10:06:00.000Z
DHA-REC-0656,MED-ITEM-0656,MTF-0656,MTF-0693,DHA-ROUTE-0656,DHA-POL-0656,113,supports surge demand,0.83,proceed,Routine item; donor remains above safety stock and route supports storage needs,2026-09-12T10:15:00.000Z
DHA-REC-0657,MED-ITEM-0657,MTF-0657,MTF-0694,DHA-ROUTE-0657,DHA-POL-0657,43,prevents projected stockout,0.56,gather_more_evidence,Demand forecast confidence is below 70 percent,2026-09-12T10:24:00.000Z
DHA-REC-0658,MED-ITEM-0658,MTF-0658,MTF-0695,DHA-ROUTE-0658,DHA-POL-0658,15,adds 24 hours of coverage,0.96,human_review,Transfer leaves donor facility near minimum safety stock,2026-09-12T10:33:00.000Z
DHA-REC-0659,MED-ITEM-0659,MTF-0659,MTF-0696,DHA-ROUTE-0659,DHA-POL-0659,14,restores safety stock,0.96,escalate,Controlled or high-consequence materiel requires elevated review,2026-09-12T10:42:00.000Z
DHA-REC-0660,MED-ITEM-0660,MTF-0660,MTF-0697,DHA-ROUTE-0660,DHA-POL-0660,7,supports surge demand,0.92,deny,Required cold-chain capability is unavailable on the selected route,2026-09-12T10:51:00.000Z
DHA-REC-0661,MED-ITEM-0661,MTF-0661,MTF-0698,DHA-ROUTE-0661,DHA-POL-0661,43,prevents projected stockout,0.82,proceed,Routine item; donor remains above safety stock and route supports storage needs,2026-09-12T11:00:00.000Z
DHA-REC-0662,MED-ITEM-0662,MTF-0662,MTF-0699,DHA-ROUTE-0662,DHA-POL-0662,43,adds 24 hours of coverage,0.51,gather_more_evidence,Demand forecast confidence is below 70 percent,2026-09-12T11:09:00.000Z
DHA-REC-0663,MED-ITEM-0663,MTF-0663,MTF-0700,DHA-ROUTE-0663,DHA-POL-0663,3,restores safety stock,0.78,human_review,Transfer leaves donor facility near minimum safety stock,2026-09-12T11:18:00.000Z
DHA-REC-0664,MED-ITEM-0664,MTF-0664,MTF-0701,DHA-ROUTE-0664,DHA-POL-0664,38,supports surge demand,0.84,escalate,Controlled or high-consequence materiel requires elevated review,2026-09-12T11:27:00.000Z
DHA-REC-0665,MED-ITEM-0665,MTF-0665,MTF-0702,DHA-ROUTE-0665,DHA-POL-0665,21,prevents projected stockout,0.93,deny,Required cold-chain capability is unavailable on the selected route,2026-09-12T11:36:00.000Z
DHA-REC-0666,MED-ITEM-0666,MTF-0666,MTF-0703,DHA-ROUTE-0666,DHA-POL-0666,163,adds 24 hours of coverage,0.87,proceed,Routine item; donor remains above safety stock and route supports storage needs,2026-09-12T11:45:00.000Z
DHA-REC-0667,MED-ITEM-0667,MTF-0667,MTF-0704,DHA-ROUTE-0667,DHA-POL-0667,12,restores safety stock,0.53,gather_more_evidence,Demand forecast confidence is below 70 percent,2026-09-12T11:54:00.000Z
DHA-REC-0668,MED-ITEM-0668,MTF-0668,MTF-0705,DHA-ROUTE-0668,DHA-POL-0668,5,supports surge demand,0.79,human_review,Transfer leaves donor facility near minimum safety stock,2026-09-12T12:03:00.000Z
DHA-REC-0669,MED-ITEM-0669,MTF-0669,MTF-0706,DHA-ROUTE-0669,DHA-POL-0669,46,prevents projected stockout,0.83,escalate,Controlled or high-consequence materiel requires elevated review,2026-09-12T12:12:00.000Z
DHA-REC-0670,MED-ITEM-0670,MTF-0670,MTF-0707,DHA-ROUTE-0670,DHA-POL-0670,42,adds 24 hours of coverage,0.95,deny,Required cold-chain capability is unavailable on the selected route,2026-09-12T12:21:00.000Z
DHA-REC-0671,MED-ITEM-0671,MTF-0671,MTF-0708,DHA-ROUTE-0671,DHA-POL-0671,66,restores safety stock,0.91,proceed,Routine item; donor remains above safety stock and route supports storage needs,2026-09-12T12:30:00.000Z
DHA-REC-0672,MED-ITEM-0672,MTF-0672,MTF-0709,DHA-ROUTE-0672,DHA-POL-0672,20,supports surge demand,0.67,gather_more_evidence,Demand forecast confidence is below 70 percent,2026-09-12T12:39:00.000Z
DHA-REC-0673,MED-ITEM-0673,MTF-0673,MTF-0710,DHA-ROUTE-0673,DHA-POL-0673,8,prevents projected stockout,0.9,human_review,Transfer leaves donor facility near minimum safety stock,2026-09-12T12:48:00.000Z
DHA-REC-0674,MED-ITEM-0674,MTF-0674,MTF-0711,DHA-ROUTE-0674,DHA-POL-0674,33,adds 24 hours of coverage,0.94,escalate,Controlled or high-consequence materiel requires elevated review,2026-09-12T12:57:00.000Z
DHA-REC-0675,MED-ITEM-0675,MTF-0675,MTF-0712,DHA-ROUTE-0675,DHA-POL-0675,14,restores safety stock,0.85,deny,Required cold-chain capability is unavailable on the selected route,2026-09-12T13:06:00.000Z
DHA-REC-0676,MED-ITEM-0676,MTF-0676,MTF-0713,DHA-ROUTE-0676,DHA-POL-0676,73,supports surge demand,0.81,proceed,Routine item; donor remains above safety stock and route supports storage needs,2026-09-12T13:15:00.000Z
DHA-REC-0677,MED-ITEM-0677,MTF-0677,MTF-0714,DHA-ROUTE-0677,DHA-POL-0677,56,prevents projected stockout,0.56,gather_more_evidence,Demand forecast confidence is below 70 percent,2026-09-12T13:24:00.000Z
DHA-REC-0678,MED-ITEM-0678,MTF-0678,MTF-0715,DHA-ROUTE-0678,DHA-POL-0678,5,adds 24 hours of coverage,0.87,human_review,Transfer leaves donor facility near minimum safety stock,2026-09-12T13:33:00.000Z
DHA-REC-0679,MED-ITEM-0679,MTF-0679,MTF-0716,DHA-ROUTE-0679,DHA-POL-0679,20,restores safety stock,0.89,escalate,Controlled or high-consequence materiel requires elevated review,2026-09-12T13:42:00.000Z
DHA-REC-0680,MED-ITEM-0680,MTF-0680,MTF-0717,DHA-ROUTE-0680,DHA-POL-0680,36,supports surge demand,0.96,deny,Required cold-chain capability is unavailable on the selected route,2026-09-12T13:51:00.000Z
DHA-REC-0681,MED-ITEM-0681,MTF-0681,MTF-0718,DHA-ROUTE-0681,DHA-POL-0681,65,prevents projected stockout,0.77,proceed,Routine item; donor remains above safety stock and route supports storage needs,2026-09-12T14:00:00.000Z
DHA-REC-0682,MED-ITEM-0682,MTF-0682,MTF-0719,DHA-ROUTE-0682,DHA-POL-0682,33,adds 24 hours of coverage,0.58,gather_more_evidence,Demand forecast confidence is below 70 percent,2026-09-12T14:09:00.000Z
DHA-REC-0683,MED-ITEM-0683,MTF-0683,MTF-0720,DHA-ROUTE-0683,DHA-POL-0683,22,restores safety stock,0.85,human_review,Transfer leaves donor facility near minimum safety stock,2026-09-12T14:18:00.000Z
DHA-REC-0684,MED-ITEM-0684,MTF-0684,MTF-0721,DHA-ROUTE-0684,DHA-POL-0684,45,supports surge demand,0.85,escalate,Controlled or high-consequence materiel requires elevated review,2026-09-12T14:27:00.000Z
DHA-REC-0685,MED-ITEM-0685,MTF-0685,MTF-0722,DHA-ROUTE-0685,DHA-POL-0685,7,prevents projected stockout,0.79,deny,Required cold-chain capability is unavailable on the selected route,2026-09-12T14:36:00.000Z
DHA-REC-0686,MED-ITEM-0686,MTF-0686,MTF-0723,DHA-ROUTE-0686,DHA-POL-0686,117,adds 24 hours of coverage,0.86,proceed,Routine item; donor remains above safety stock and route supports storage needs,2026-09-12T14:45:00.000Z
DHA-REC-0687,MED-ITEM-0687,MTF-0687,MTF-0724,DHA-ROUTE-0687,DHA-POL-0687,38,restores safety stock,0.56,gather_more_evidence,Demand forecast confidence is below 70 percent,2026-09-12T14:54:00.000Z
DHA-REC-0688,MED-ITEM-0688,MTF-0688,MTF-0725,DHA-ROUTE-0688,DHA-POL-0688,21,supports surge demand,0.93,human_review,Transfer leaves donor facility near minimum safety stock,2026-09-12T15:03:00.000Z
DHA-REC-0689,MED-ITEM-0689,MTF-0689,MTF-0726,DHA-ROUTE-0689,DHA-POL-0689,60,prevents projected stockout,0.83,escalate,Controlled or high-consequence materiel requires elevated review,2026-09-12T15:12:00.000Z
DHA-REC-0690,MED-ITEM-0690,MTF-0690,MTF-0727,DHA-ROUTE-0690,DHA-POL-0690,63,adds 24 hours of coverage,0.77,deny,Required cold-chain capability is unavailable on the selected route,2026-09-12T15:21:00.000Z
DHA-REC-0691,MED-ITEM-0691,MTF-0691,MTF-0728,DHA-ROUTE-0691,DHA-POL-0691,53,restores safety stock,0.89,proceed,Routine item; donor remains above safety stock and route supports storage needs,2026-09-12T15:30:00.000Z
DHA-REC-0692,MED-ITEM-0692,MTF-0692,MTF-0729,DHA-ROUTE-0692,DHA-POL-0692,6,supports surge demand,0.64,gather_more_evidence,Demand forecast confidence is below 70 percent,2026-09-12T15:39:00.000Z
DHA-REC-0693,MED-ITEM-0693,MTF-0693,MTF-0730,DHA-ROUTE-0693,DHA-POL-0693,5,prevents projected stockout,0.82,human_review,Transfer leaves donor facility near minimum safety stock,2026-09-12T15:48:00.000Z
DHA-REC-0694,MED-ITEM-0694,MTF-0694,MTF-0731,DHA-ROUTE-0694,DHA-POL-0694,17,adds 24 hours of coverage,0.78,escalate,Controlled or high-consequence materiel requires elevated review,2026-09-12T15:57:00.000Z
DHA-REC-0695,MED-ITEM-0695,MTF-0695,MTF-0732,DHA-ROUTE-0695,DHA-POL-0695,14,restores safety stock,0.86,deny,Required cold-chain capability is unavailable on the selected route,2026-09-12T16:06:00.000Z
DHA-REC-0696,MED-ITEM-0696,MTF-0696,MTF-0733,DHA-ROUTE-0696,DHA-POL-0696,13,supports surge demand,0.91,proceed,Routine item; donor remains above safety stock and route supports storage needs,2026-09-12T16:15:00.000Z
DHA-REC-0697,MED-ITEM-0697,MTF-0697,MTF-0734,DHA-ROUTE-0697,DHA-POL-0697,10,prevents projected stockout,0.52,gather_more_evidence,Demand forecast confidence is below 70 percent,2026-09-12T16:24:00.000Z
DHA-REC-0698,MED-ITEM-0698,MTF-0698,MTF-0735,DHA-ROUTE-0698,DHA-POL-0698,15,adds 24 hours of coverage,0.77,human_review,Transfer leaves donor facility near minimum safety stock,2026-09-12T16:33:00.000Z
DHA-REC-0699,MED-ITEM-0699,MTF-0699,MTF-0736,DHA-ROUTE-0699,DHA-POL-0699,39,restores safety stock,0.92,escalate,Controlled or high-consequence materiel requires elevated review,2026-09-12T16:42:00.000Z
DHA-REC-0700,MED-ITEM-0700,MTF-0700,MTF-0737,DHA-ROUTE-0700,DHA-POL-0700,31,supports surge demand,0.95,deny,Required cold-chain capability is unavailable on the selected route,2026-09-12T16:51:00.000Z
DHA-REC-0701,MED-ITEM-0701,MTF-0701,MTF-0738,DHA-ROUTE-0701,DHA-POL-0701,160,prevents projected stockout,0.88,proceed,Routine item; donor remains above safety stock and route supports storage needs,2026-09-12T17:00:00.000Z
DHA-REC-0702,MED-ITEM-0702,MTF-0702,MTF-0739,DHA-ROUTE-0702,DHA-POL-0702,64,adds 24 hours of coverage,0.65,gather_more_evidence,Demand forecast confidence is below 70 percent,2026-09-12T17:09:00.000Z
DHA-REC-0703,MED-ITEM-0703,MTF-0703,MTF-0740,DHA-ROUTE-0703,DHA-POL-0703,1,restores safety stock,0.93,human_review,Transfer leaves donor facility near minimum safety stock,2026-09-12T17:18:00.000Z
DHA-REC-0704,MED-ITEM-0704,MTF-0704,MTF-0741,DHA-ROUTE-0704,DHA-POL-0704,11,supports surge demand,0.81,escalate,Controlled or high-consequence materiel requires elevated review,2026-09-12T17:27:00.000Z
DHA-REC-0705,MED-ITEM-0705,MTF-0705,MTF-0742,DHA-ROUTE-0705,DHA-POL-0705,8,prevents projected stockout,0.9,deny,Required cold-chain capability is unavailable on the selected route,2026-09-12T17:36:00.000Z
DHA-REC-0706,MED-ITEM-0706,MTF-0706,MTF-0743,DHA-ROUTE-0706,DHA-POL-0706,83,adds 24 hours of coverage,0.83,proceed,Routine item; donor remains above safety stock and route supports storage needs,2026-09-12T17:45:00.000Z
DHA-REC-0707,MED-ITEM-0707,MTF-0707,MTF-0744,DHA-ROUTE-0707,DHA-POL-0707,29,restores safety stock,0.51,gather_more_evidence,Demand forecast confidence is below 70 percent,2026-09-12T17:54:00.000Z
DHA-REC-0708,MED-ITEM-0708,MTF-0708,MTF-0745,DHA-ROUTE-0708,DHA-POL-0708,7,supports surge demand,0.87,human_review,Transfer leaves donor facility near minimum safety stock,2026-09-12T18:03:00.000Z
DHA-REC-0709,MED-ITEM-0709,MTF-0709,MTF-0746,DHA-ROUTE-0709,DHA-POL-0709,78,prevents projected stockout,0.83,escalate,Controlled or high-consequence materiel requires elevated review,2026-09-12T18:12:00.000Z
DHA-REC-0710,MED-ITEM-0710,MTF-0710,MTF-0747,DHA-ROUTE-0710,DHA-POL-0710,13,adds 24 hours of coverage,0.89,deny,Required cold-chain capability is unavailable on the selected route,2026-09-12T18:21:00.000Z
DHA-REC-0711,MED-ITEM-0711,MTF-0711,MTF-0748,DHA-ROUTE-0711,DHA-POL-0711,72,restores safety stock,0.9,proceed,Routine item; donor remains above safety stock and route supports storage needs,2026-09-12T18:30:00.000Z
DHA-REC-0712,MED-ITEM-0712,MTF-0712,MTF-0749,DHA-ROUTE-0712,DHA-POL-0712,31,supports surge demand,0.53,gather_more_evidence,Demand forecast confidence is below 70 percent,2026-09-12T18:39:00.000Z
DHA-REC-0713,MED-ITEM-0713,MTF-0713,MTF-0750,DHA-ROUTE-0713,DHA-POL-0713,21,prevents projected stockout,0.83,human_review,Transfer leaves donor facility near minimum safety stock,2026-09-12T18:48:00.000Z
DHA-REC-0714,MED-ITEM-0714,MTF-0714,MTF-0751,DHA-ROUTE-0714,DHA-POL-0714,21,adds 24 hours of coverage,0.8,escalate,Controlled or high-consequence materiel requires elevated review,2026-09-12T18:57:00.000Z
DHA-REC-0715,MED-ITEM-0715,MTF-0715,MTF-0752,DHA-ROUTE-0715,DHA-POL-0715,17,restores safety stock,0.83,deny,Required cold-chain capability is unavailable on the selected route,2026-09-12T19:06:00.000Z
DHA-REC-0716,MED-ITEM-0716,MTF-0716,MTF-0753,DHA-ROUTE-0716,DHA-POL-0716,13,supports surge demand,0.81,proceed,Routine item; donor remains above safety stock and route supports storage needs,2026-09-12T19:15:00.000Z
DHA-REC-0717,MED-ITEM-0717,MTF-0717,MTF-0754,DHA-ROUTE-0717,DHA-POL-0717,23,prevents projected stockout,0.5,gather_more_evidence,Demand forecast confidence is below 70 percent,2026-09-12T19:24:00.000Z
DHA-REC-0718,MED-ITEM-0718,MTF-0718,MTF-0755,DHA-ROUTE-0718,DHA-POL-0718,8,adds 24 hours of coverage,0.91,human_review,Transfer leaves donor facility near minimum safety stock,2026-09-12T19:33:00.000Z
DHA-REC-0719,MED-ITEM-0719,MTF-0719,MTF-0756,DHA-ROUTE-0719,DHA-POL-0719,24,restores safety stock,0.89,escalate,Controlled or high-consequence materiel requires elevated review,2026-09-12T19:42:00.000Z
DHA-REC-0720,MED-ITEM-0720,MTF-0720,MTF-0757,DHA-ROUTE-0720,DHA-POL-0720,34,supports surge demand,0.81,deny,Required cold-chain capability is unavailable on the selected route,2026-09-12T19:51:00.000Z
DHA-REC-0721,MED-ITEM-0721,MTF-0721,MTF-0758,DHA-ROUTE-0721,DHA-POL-0721,23,prevents projected stockout,0.9,proceed,Routine item; donor remains above safety stock and route supports storage needs,2026-09-12T20:00:00.000Z
DHA-REC-0722,MED-ITEM-0722,MTF-0722,MTF-0759,DHA-ROUTE-0722,DHA-POL-0722,71,adds 24 hours of coverage,0.62,gather_more_evidence,Demand forecast confidence is below 70 percent,2026-09-12T20:09:00.000Z
DHA-REC-0723,MED-ITEM-0723,MTF-0723,MTF-0760,DHA-ROUTE-0723,DHA-POL-0723,12,restores safety stock,0.85,human_review,Transfer leaves donor facility near minimum safety stock,2026-09-12T20:18:00.000Z
DHA-REC-0724,MED-ITEM-0724,MTF-0724,MTF-0761,DHA-ROUTE-0724,DHA-POL-0724,18,supports surge demand,0.94,escalate,Controlled or high-consequence materiel requires elevated review,2026-09-12T20:27:00.000Z
DHA-REC-0725,MED-ITEM-0725,MTF-0725,MTF-0762,DHA-ROUTE-0725,DHA-POL-0725,8,prevents projected stockout,0.76,deny,Required cold-chain capability is unavailable on the selected route,2026-09-12T20:36:00.000Z
DHA-REC-0726,MED-ITEM-0726,MTF-0726,MTF-0763,DHA-ROUTE-0726,DHA-POL-0726,26,adds 24 hours of coverage,0.94,proceed,Routine item; donor remains above safety stock and route supports storage needs,2026-09-12T20:45:00.000Z
DHA-REC-0727,MED-ITEM-0727,MTF-0727,MTF-0764,DHA-ROUTE-0727,DHA-POL-0727,38,restores safety stock,0.62,gather_more_evidence,Demand forecast confidence is below 70 percent,2026-09-12T20:54:00.000Z
DHA-REC-0728,MED-ITEM-0728,MTF-0728,MTF-0765,DHA-ROUTE-0728,DHA-POL-0728,15,supports surge demand,0.88,human_review,Transfer leaves donor facility near minimum safety stock,2026-09-12T21:03:00.000Z
DHA-REC-0729,MED-ITEM-0729,MTF-0729,MTF-0766,DHA-ROUTE-0729,DHA-POL-0729,10,prevents projected stockout,0.93,escalate,Controlled or high-consequence materiel requires elevated review,2026-09-12T21:12:00.000Z
DHA-REC-0730,MED-ITEM-0730,MTF-0730,MTF-0767,DHA-ROUTE-0730,DHA-POL-0730,10,adds 24 hours of coverage,0.93,deny,Required cold-chain capability is unavailable on the selected route,2026-09-12T21:21:00.000Z
DHA-REC-0731,MED-ITEM-0731,MTF-0731,MTF-0768,DHA-ROUTE-0731,DHA-POL-0731,83,restores safety stock,0.89,proceed,Routine item; donor remains above safety stock and route supports storage needs,2026-09-12T21:30:00.000Z
DHA-REC-0732,MED-ITEM-0732,MTF-0732,MTF-0769,DHA-ROUTE-0732,DHA-POL-0732,43,supports surge demand,0.49,gather_more_evidence,Demand forecast confidence is below 70 percent,2026-09-12T21:39:00.000Z
DHA-REC-0733,MED-ITEM-0733,MTF-0733,MTF-0770,DHA-ROUTE-0733,DHA-POL-0733,10,prevents projected stockout,0.77,human_review,Transfer leaves donor facility near minimum safety stock,2026-09-12T21:48:00.000Z
DHA-REC-0734,MED-ITEM-0734,MTF-0734,MTF-0771,DHA-ROUTE-0734,DHA-POL-0734,15,adds 24 hours of coverage,0.81,escalate,Controlled or high-consequence materiel requires elevated review,2026-09-12T21:57:00.000Z
DHA-REC-0735,MED-ITEM-0735,MTF-0735,MTF-0772,DHA-ROUTE-0735,DHA-POL-0735,18,restores safety stock,0.8,deny,Required cold-chain capability is unavailable on the selected route,2026-09-12T22:06:00.000Z
DHA-REC-0736,MED-ITEM-0736,MTF-0736,MTF-0773,DHA-ROUTE-0736,DHA-POL-0736,47,supports surge demand,0.77,proceed,Routine item; donor remains above safety stock and route supports storage needs,2026-09-12T22:15:00.000Z
DHA-REC-0737,MED-ITEM-0737,MTF-0737,MTF-0774,DHA-ROUTE-0737,DHA-POL-0737,39,prevents projected stockout,0.66,gather_more_evidence,Demand forecast confidence is below 70 percent,2026-09-12T22:24:00.000Z
DHA-REC-0738,MED-ITEM-0738,MTF-0738,MTF-0775,DHA-ROUTE-0738,DHA-POL-0738,11,adds 24 hours of coverage,0.86,human_review,Transfer leaves donor facility near minimum safety stock,2026-09-12T22:33:00.000Z
DHA-REC-0739,MED-ITEM-0739,MTF-0739,MTF-0776,DHA-ROUTE-0739,DHA-POL-0739,23,restores safety stock,0.83,escalate,Controlled or high-consequence materiel requires elevated review,2026-09-12T22:42:00.000Z
DHA-REC-0740,MED-ITEM-0740,MTF-0740,MTF-0777,DHA-ROUTE-0740,DHA-POL-0740,38,supports surge demand,0.83,deny,Required cold-chain capability is unavailable on the selected route,2026-09-12T22:51:00.000Z
DHA-REC-0741,MED-ITEM-0741,MTF-0741,MTF-0778,DHA-ROUTE-0741,DHA-POL-0741,95,prevents projected stockout,0.77,proceed,Routine item; donor remains above safety stock and route supports storage needs,2026-09-12T23:00:00.000Z
DHA-REC-0742,MED-ITEM-0742,MTF-0742,MTF-0779,DHA-ROUTE-0742,DHA-POL-0742,72,adds 24 hours of coverage,0.49,gather_more_evidence,Demand forecast confidence is below 70 percent,2026-09-12T23:09:00.000Z
DHA-REC-0743,MED-ITEM-0743,MTF-0743,MTF-0780,DHA-ROUTE-0743,DHA-POL-0743,1,restores safety stock,0.95,human_review,Transfer leaves donor facility near minimum safety stock,2026-09-12T23:18:00.000Z
DHA-REC-0744,MED-ITEM-0744,MTF-0744,MTF-0781,DHA-ROUTE-0744,DHA-POL-0744,16,supports surge demand,0.91,escalate,Controlled or high-consequence materiel requires elevated review,2026-09-12T23:27:00.000Z
DHA-REC-0745,MED-ITEM-0745,MTF-0745,MTF-0782,DHA-ROUTE-0745,DHA-POL-0745,38,prevents projected stockout,0.96,deny,Required cold-chain capability is unavailable on the selected route,2026-09-12T23:36:00.000Z
DHA-REC-0746,MED-ITEM-0746,MTF-0746,MTF-0783,DHA-ROUTE-0746,DHA-POL-0746,29,adds 24 hours of coverage,0.83,proceed,Routine item; donor remains above safety stock and route supports storage needs,2026-09-12T23:45:00.000Z
DHA-REC-0747,MED-ITEM-0747,MTF-0747,MTF-0784,DHA-ROUTE-0747,DHA-POL-0747,42,restores safety stock,0.51,gather_more_evidence,Demand forecast confidence is below 70 percent,2026-09-12T23:54:00.000Z
DHA-REC-0748,MED-ITEM-0748,MTF-0748,MTF-0785,DHA-ROUTE-0748,DHA-POL-0748,20,supports surge demand,0.89,human_review,Transfer leaves donor facility near minimum safety stock,2026-09-13T00:03:00.000Z
DHA-REC-0749,MED-ITEM-0749,MTF-0749,MTF-0786,DHA-ROUTE-0749,DHA-POL-0749,69,prevents projected stockout,0.82,escalate,Controlled or high-consequence materiel requires elevated review,2026-09-13T00:12:00.000Z
DHA-REC-0750,MED-ITEM-0750,MTF-0750,MTF-0787,DHA-ROUTE-0750,DHA-POL-0750,32,adds 24 hours of coverage,0.8,deny,Required cold-chain capability is unavailable on the selected route,2026-09-13T00:21:00.000Z
DHA-REC-0751,MED-ITEM-0751,MTF-0751,MTF-0788,DHA-ROUTE-0751,DHA-POL-0751,130,restores safety stock,0.95,proceed,Routine item; donor remains above safety stock and route supports storage needs,2026-09-13T00:30:00.000Z
DHA-REC-0752,MED-ITEM-0752,MTF-0752,MTF-0789,DHA-ROUTE-0752,DHA-POL-0752,16,supports surge demand,0.53,gather_more_evidence,Demand forecast confidence is below 70 percent,2026-09-13T00:39:00.000Z
DHA-REC-0753,MED-ITEM-0753,MTF-0753,MTF-0790,DHA-ROUTE-0753,DHA-POL-0753,13,prevents projected stockout,0.84,human_review,Transfer leaves donor facility near minimum safety stock,2026-09-13T00:48:00.000Z
DHA-REC-0754,MED-ITEM-0754,MTF-0754,MTF-0791,DHA-ROUTE-0754,DHA-POL-0754,14,adds 24 hours of coverage,0.93,escalate,Controlled or high-consequence materiel requires elevated review,2026-09-13T00:57:00.000Z
DHA-REC-0755,MED-ITEM-0755,MTF-0755,MTF-0792,DHA-ROUTE-0755,DHA-POL-0755,26,restores safety stock,0.8,deny,Required cold-chain capability is unavailable on the selected route,2026-09-13T01:06:00.000Z
DHA-REC-0756,MED-ITEM-0756,MTF-0756,MTF-0793,DHA-ROUTE-0756,DHA-POL-0756,108,supports surge demand,0.95,proceed,Routine item; donor remains above safety stock and route supports storage needs,2026-09-13T01:15:00.000Z
DHA-REC-0757,MED-ITEM-0757,MTF-0757,MTF-0794,DHA-ROUTE-0757,DHA-POL-0757,8,prevents projected stockout,0.55,gather_more_evidence,Demand forecast confidence is below 70 percent,2026-09-13T01:24:00.000Z
DHA-REC-0758,MED-ITEM-0758,MTF-0758,MTF-0795,DHA-ROUTE-0758,DHA-POL-0758,22,adds 24 hours of coverage,0.84,human_review,Transfer leaves donor facility near minimum safety stock,2026-09-13T01:33:00.000Z
DHA-REC-0759,MED-ITEM-0759,MTF-0759,MTF-0796,DHA-ROUTE-0759,DHA-POL-0759,18,restores safety stock,0.87,escalate,Controlled or high-consequence materiel requires elevated review,2026-09-13T01:42:00.000Z
DHA-REC-0760,MED-ITEM-0760,MTF-0760,MTF-0797,DHA-ROUTE-0760,DHA-POL-0760,27,supports surge demand,0.86,deny,Required cold-chain capability is unavailable on the selected route,2026-09-13T01:51:00.000Z
DHA-REC-0761,MED-ITEM-0761,MTF-0761,MTF-0798,DHA-ROUTE-0761,DHA-POL-0761,194,prevents projected stockout,0.8,proceed,Routine item; donor remains above safety stock and route supports storage needs,2026-09-13T02:00:00.000Z
DHA-REC-0762,MED-ITEM-0762,MTF-0762,MTF-0799,DHA-ROUTE-0762,DHA-POL-0762,8,adds 24 hours of coverage,0.57,gather_more_evidence,Demand forecast confidence is below 70 percent,2026-09-13T02:09:00.000Z
DHA-REC-0763,MED-ITEM-0763,MTF-0763,MTF-0800,DHA-ROUTE-0763,DHA-POL-0763,10,restores safety stock,0.92,human_review,Transfer leaves donor facility near minimum safety stock,2026-09-13T02:18:00.000Z
DHA-REC-0764,MED-ITEM-0764,MTF-0764,MTF-0801,DHA-ROUTE-0764,DHA-POL-0764,29,supports surge demand,0.91,escalate,Controlled or high-consequence materiel requires elevated review,2026-09-13T02:27:00.000Z
DHA-REC-0765,MED-ITEM-0765,MTF-0765,MTF-0802,DHA-ROUTE-0765,DHA-POL-0765,11,prevents projected stockout,0.86,deny,Required cold-chain capability is unavailable on the selected route,2026-09-13T02:36:00.000Z
DHA-REC-0766,MED-ITEM-0766,MTF-0766,MTF-0803,DHA-ROUTE-0766,DHA-POL-0766,74,adds 24 hours of coverage,0.93,proceed,Routine item; donor remains above safety stock and route supports storage needs,2026-09-13T02:45:00.000Z
DHA-REC-0767,MED-ITEM-0767,MTF-0767,MTF-0804,DHA-ROUTE-0767,DHA-POL-0767,34,restores safety stock,0.51,gather_more_evidence,Demand forecast confidence is below 70 percent,2026-09-13T02:54:00.000Z
DHA-REC-0768,MED-ITEM-0768,MTF-0768,MTF-0805,DHA-ROUTE-0768,DHA-POL-0768,21,supports surge demand,0.94,human_review,Transfer leaves donor facility near minimum safety stock,2026-09-13T03:03:00.000Z
DHA-REC-0769,MED-ITEM-0769,MTF-0769,MTF-0806,DHA-ROUTE-0769,DHA-POL-0769,12,prevents projected stockout,0.93,escalate,Controlled or high-consequence materiel requires elevated review,2026-09-13T03:12:00.000Z
DHA-REC-0770,MED-ITEM-0770,MTF-0770,MTF-0807,DHA-ROUTE-0770,DHA-POL-0770,34,adds 24 hours of coverage,0.9,deny,Required cold-chain capability is unavailable on the selected route,2026-09-13T03:21:00.000Z
DHA-REC-0771,MED-ITEM-0771,MTF-0771,MTF-0808,DHA-ROUTE-0771,DHA-POL-0771,75,restores safety stock,0.87,proceed,Routine item; donor remains above safety stock and route supports storage needs,2026-09-13T03:30:00.000Z
DHA-REC-0772,MED-ITEM-0772,MTF-0772,MTF-0809,DHA-ROUTE-0772,DHA-POL-0772,20,supports surge demand,0.6,gather_more_evidence,Demand forecast confidence is below 70 percent,2026-09-13T03:39:00.000Z
DHA-REC-0773,MED-ITEM-0773,MTF-0773,MTF-0810,DHA-ROUTE-0773,DHA-POL-0773,8,prevents projected stockout,0.94,human_review,Transfer leaves donor facility near minimum safety stock,2026-09-13T03:48:00.000Z
DHA-REC-0774,MED-ITEM-0774,MTF-0774,MTF-0811,DHA-ROUTE-0774,DHA-POL-0774,5,adds 24 hours of coverage,0.81,escalate,Controlled or high-consequence materiel requires elevated review,2026-09-13T03:57:00.000Z
DHA-REC-0775,MED-ITEM-0775,MTF-0775,MTF-0812,DHA-ROUTE-0775,DHA-POL-0775,13,restores safety stock,0.8,deny,Required cold-chain capability is unavailable on the selected route,2026-09-13T04:06:00.000Z
DHA-REC-0776,MED-ITEM-0776,MTF-0776,MTF-0813,DHA-ROUTE-0776,DHA-POL-0776,15,supports surge demand,0.9,proceed,Routine item; donor remains above safety stock and route supports storage needs,2026-09-13T04:15:00.000Z
DHA-REC-0777,MED-ITEM-0777,MTF-0777,MTF-0814,DHA-ROUTE-0777,DHA-POL-0777,62,prevents projected stockout,0.63,gather_more_evidence,Demand forecast confidence is below 70 percent,2026-09-13T04:24:00.000Z
DHA-REC-0778,MED-ITEM-0778,MTF-0778,MTF-0815,DHA-ROUTE-0778,DHA-POL-0778,7,adds 24 hours of coverage,0.88,human_review,Transfer leaves donor facility near minimum safety stock,2026-09-13T04:33:00.000Z
DHA-REC-0779,MED-ITEM-0779,MTF-0779,MTF-0816,DHA-ROUTE-0779,DHA-POL-0779,17,restores safety stock,0.83,escalate,Controlled or high-consequence materiel requires elevated review,2026-09-13T04:42:00.000Z
DHA-REC-0780,MED-ITEM-0780,MTF-0780,MTF-0817,DHA-ROUTE-0780,DHA-POL-0780,9,supports surge demand,0.95,deny,Required cold-chain capability is unavailable on the selected route,2026-09-13T04:51:00.000Z
DHA-REC-0781,MED-ITEM-0781,MTF-0781,MTF-0818,DHA-ROUTE-0781,DHA-POL-0781,110,prevents projected stockout,0.89,proceed,Routine item; donor remains above safety stock and route supports storage needs,2026-09-13T05:00:00.000Z
DHA-REC-0782,MED-ITEM-0782,MTF-0782,MTF-0819,DHA-ROUTE-0782,DHA-POL-0782,10,adds 24 hours of coverage,0.65,gather_more_evidence,Demand forecast confidence is below 70 percent,2026-09-13T05:09:00.000Z
DHA-REC-0783,MED-ITEM-0783,MTF-0783,MTF-0820,DHA-ROUTE-0783,DHA-POL-0783,6,restores safety stock,0.77,human_review,Transfer leaves donor facility near minimum safety stock,2026-09-13T05:18:00.000Z
DHA-REC-0784,MED-ITEM-0784,MTF-0784,MTF-0821,DHA-ROUTE-0784,DHA-POL-0784,18,supports surge demand,0.93,escalate,Controlled or high-consequence materiel requires elevated review,2026-09-13T05:27:00.000Z
DHA-REC-0785,MED-ITEM-0785,MTF-0785,MTF-0822,DHA-ROUTE-0785,DHA-POL-0785,25,prevents projected stockout,0.79,deny,Required cold-chain capability is unavailable on the selected route,2026-09-13T05:36:00.000Z
DHA-REC-0786,MED-ITEM-0786,MTF-0786,MTF-0823,DHA-ROUTE-0786,DHA-POL-0786,128,adds 24 hours of coverage,0.92,proceed,Routine item; donor remains above safety stock and route supports storage needs,2026-09-13T05:45:00.000Z
DHA-REC-0787,MED-ITEM-0787,MTF-0787,MTF-0824,DHA-ROUTE-0787,DHA-POL-0787,38,restores safety stock,0.58,gather_more_evidence,Demand forecast confidence is below 70 percent,2026-09-13T05:54:00.000Z
DHA-REC-0788,MED-ITEM-0788,MTF-0788,MTF-0825,DHA-ROUTE-0788,DHA-POL-0788,22,supports surge demand,0.93,human_review,Transfer leaves donor facility near minimum safety stock,2026-09-13T06:03:00.000Z
DHA-REC-0789,MED-ITEM-0789,MTF-0789,MTF-0826,DHA-ROUTE-0789,DHA-POL-0789,6,prevents projected stockout,0.9,escalate,Controlled or high-consequence materiel requires elevated review,2026-09-13T06:12:00.000Z
DHA-REC-0790,MED-ITEM-0790,MTF-0790,MTF-0827,DHA-ROUTE-0790,DHA-POL-0790,15,adds 24 hours of coverage,0.84,deny,Required cold-chain capability is unavailable on the selected route,2026-09-13T06:21:00.000Z
DHA-REC-0791,MED-ITEM-0791,MTF-0791,MTF-0828,DHA-ROUTE-0791,DHA-POL-0791,110,restores safety stock,0.95,proceed,Routine item; donor remains above safety stock and route supports storage needs,2026-09-13T06:30:00.000Z
DHA-REC-0792,MED-ITEM-0792,MTF-0792,MTF-0829,DHA-ROUTE-0792,DHA-POL-0792,12,supports surge demand,0.61,gather_more_evidence,Demand forecast confidence is below 70 percent,2026-09-13T06:39:00.000Z
DHA-REC-0793,MED-ITEM-0793,MTF-0793,MTF-0830,DHA-ROUTE-0793,DHA-POL-0793,19,prevents projected stockout,0.9,human_review,Transfer leaves donor facility near minimum safety stock,2026-09-13T06:48:00.000Z
DHA-REC-0794,MED-ITEM-0794,MTF-0794,MTF-0831,DHA-ROUTE-0794,DHA-POL-0794,5,adds 24 hours of coverage,0.76,escalate,Controlled or high-consequence materiel requires elevated review,2026-09-13T06:57:00.000Z
DHA-REC-0795,MED-ITEM-0795,MTF-0795,MTF-0832,DHA-ROUTE-0795,DHA-POL-0795,18,restores safety stock,0.94,deny,Required cold-chain capability is unavailable on the selected route,2026-09-13T07:06:00.000Z
DHA-REC-0796,MED-ITEM-0796,MTF-0796,MTF-0833,DHA-ROUTE-0796,DHA-POL-0796,36,supports surge demand,0.91,proceed,Routine item; donor remains above safety stock and route supports storage needs,2026-09-13T07:15:00.000Z
DHA-REC-0797,MED-ITEM-0797,MTF-0797,MTF-0834,DHA-ROUTE-0797,DHA-POL-0797,7,prevents projected stockout,0.59,gather_more_evidence,Demand forecast confidence is below 70 percent,2026-09-13T07:24:00.000Z
DHA-REC-0798,MED-ITEM-0798,MTF-0798,MTF-0835,DHA-ROUTE-0798,DHA-POL-0798,16,adds 24 hours of coverage,0.86,human_review,Transfer leaves donor facility near minimum safety stock,2026-09-13T07:33:00.000Z
DHA-REC-0799,MED-ITEM-0799,MTF-0799,MTF-0836,DHA-ROUTE-0799,DHA-POL-0799,32,restores safety stock,0.84,escalate,Controlled or high-consequence materiel requires elevated review,2026-09-13T07:42:00.000Z
DHA-REC-0800,MED-ITEM-0800,MTF-0800,MTF-0837,DHA-ROUTE-0800,DHA-POL-0800,27,supports surge demand,0.91,deny,Required cold-chain capability is unavailable on the selected route,2026-09-13T07:51:00.000Z
DHA-REC-0801,MED-ITEM-0801,MTF-0801,MTF-0838,DHA-ROUTE-0801,DHA-POL-0801,182,prevents projected stockout,0.91,proceed,Routine item; donor remains above safety stock and route supports storage needs,2026-09-13T08:00:00.000Z
DHA-REC-0802,MED-ITEM-0802,MTF-0802,MTF-0839,DHA-ROUTE-0802,DHA-POL-0802,37,adds 24 hours of coverage,0.56,gather_more_evidence,Demand forecast confidence is below 70 percent,2026-09-13T08:09:00.000Z
DHA-REC-0803,MED-ITEM-0803,MTF-0803,MTF-0840,DHA-ROUTE-0803,DHA-POL-0803,24,restores safety stock,0.77,human_review,Transfer leaves donor facility near minimum safety stock,2026-09-13T08:18:00.000Z
DHA-REC-0804,MED-ITEM-0804,MTF-0804,MTF-0841,DHA-ROUTE-0804,DHA-POL-0804,25,supports surge demand,0.85,escalate,Controlled or high-consequence materiel requires elevated review,2026-09-13T08:27:00.000Z
DHA-REC-0805,MED-ITEM-0805,MTF-0805,MTF-0842,DHA-ROUTE-0805,DHA-POL-0805,20,prevents projected stockout,0.89,deny,Required cold-chain capability is unavailable on the selected route,2026-09-13T08:36:00.000Z
DHA-REC-0806,MED-ITEM-0806,MTF-0806,MTF-0843,DHA-ROUTE-0806,DHA-POL-0806,29,adds 24 hours of coverage,0.92,proceed,Routine item; donor remains above safety stock and route supports storage needs,2026-09-13T08:45:00.000Z
DHA-REC-0807,MED-ITEM-0807,MTF-0807,MTF-0844,DHA-ROUTE-0807,DHA-POL-0807,19,restores safety stock,0.62,gather_more_evidence,Demand forecast confidence is below 70 percent,2026-09-13T08:54:00.000Z
DHA-REC-0808,MED-ITEM-0808,MTF-0808,MTF-0845,DHA-ROUTE-0808,DHA-POL-0808,7,supports surge demand,0.95,human_review,Transfer leaves donor facility near minimum safety stock,2026-09-13T09:03:00.000Z
DHA-REC-0809,MED-ITEM-0809,MTF-0809,MTF-0846,DHA-ROUTE-0809,DHA-POL-0809,20,prevents projected stockout,0.81,escalate,Controlled or high-consequence materiel requires elevated review,2026-09-13T09:12:00.000Z
DHA-REC-0810,MED-ITEM-0810,MTF-0810,MTF-0847,DHA-ROUTE-0810,DHA-POL-0810,46,adds 24 hours of coverage,0.78,deny,Required cold-chain capability is unavailable on the selected route,2026-09-13T09:21:00.000Z
DHA-REC-0811,MED-ITEM-0811,MTF-0811,MTF-0848,DHA-ROUTE-0811,DHA-POL-0811,17,restores safety stock,0.78,proceed,Routine item; donor remains above safety stock and route supports storage needs,2026-09-13T09:30:00.000Z
DHA-REC-0812,MED-ITEM-0812,MTF-0812,MTF-0849,DHA-ROUTE-0812,DHA-POL-0812,42,supports surge demand,0.67,gather_more_evidence,Demand forecast confidence is below 70 percent,2026-09-13T09:39:00.000Z
DHA-REC-0813,MED-ITEM-0813,MTF-0813,MTF-0850,DHA-ROUTE-0813,DHA-POL-0813,10,prevents projected stockout,0.95,human_review,Transfer leaves donor facility near minimum safety stock,2026-09-13T09:48:00.000Z
DHA-REC-0814,MED-ITEM-0814,MTF-0814,MTF-0851,DHA-ROUTE-0814,DHA-POL-0814,17,adds 24 hours of coverage,0.96,escalate,Controlled or high-consequence materiel requires elevated review,2026-09-13T09:57:00.000Z
DHA-REC-0815,MED-ITEM-0815,MTF-0815,MTF-0852,DHA-ROUTE-0815,DHA-POL-0815,12,restores safety stock,0.95,deny,Required cold-chain capability is unavailable on the selected route,2026-09-13T10:06:00.000Z
DHA-REC-0816,MED-ITEM-0816,MTF-0816,MTF-0853,DHA-ROUTE-0816,DHA-POL-0816,59,supports surge demand,0.82,proceed,Routine item; donor remains above safety stock and route supports storage needs,2026-09-13T10:15:00.000Z
DHA-REC-0817,MED-ITEM-0817,MTF-0817,MTF-0854,DHA-ROUTE-0817,DHA-POL-0817,11,prevents projected stockout,0.52,gather_more_evidence,Demand forecast confidence is below 70 percent,2026-09-13T10:24:00.000Z
DHA-REC-0818,MED-ITEM-0818,MTF-0818,MTF-0855,DHA-ROUTE-0818,DHA-POL-0818,8,adds 24 hours of coverage,0.92,human_review,Transfer leaves donor facility near minimum safety stock,2026-09-13T10:33:00.000Z
DHA-REC-0819,MED-ITEM-0819,MTF-0819,MTF-0856,DHA-ROUTE-0819,DHA-POL-0819,41,restores safety stock,0.93,escalate,Controlled or high-consequence materiel requires elevated review,2026-09-13T10:42:00.000Z
DHA-REC-0820,MED-ITEM-0820,MTF-0820,MTF-0857,DHA-ROUTE-0820,DHA-POL-0820,21,supports surge demand,0.83,deny,Required cold-chain capability is unavailable on the selected route,2026-09-13T10:51:00.000Z
DHA-REC-0821,MED-ITEM-0821,MTF-0821,MTF-0858,DHA-ROUTE-0821,DHA-POL-0821,53,prevents projected stockout,0.9,proceed,Routine item; donor remains above safety stock and route supports storage needs,2026-09-13T11:00:00.000Z
DHA-REC-0822,MED-ITEM-0822,MTF-0822,MTF-0859,DHA-ROUTE-0822,DHA-POL-0822,42,adds 24 hours of coverage,0.58,gather_more_evidence,Demand forecast confidence is below 70 percent,2026-09-13T11:09:00.000Z
DHA-REC-0823,MED-ITEM-0823,MTF-0823,MTF-0860,DHA-ROUTE-0823,DHA-POL-0823,19,restores safety stock,0.82,human_review,Transfer leaves donor facility near minimum safety stock,2026-09-13T11:18:00.000Z
DHA-REC-0824,MED-ITEM-0824,MTF-0824,MTF-0861,DHA-ROUTE-0824,DHA-POL-0824,84,supports surge demand,0.77,escalate,Controlled or high-consequence materiel requires elevated review,2026-09-13T11:27:00.000Z
DHA-REC-0825,MED-ITEM-0825,MTF-0825,MTF-0862,DHA-ROUTE-0825,DHA-POL-0825,9,prevents projected stockout,0.96,deny,Required cold-chain capability is unavailable on the selected route,2026-09-13T11:36:00.000Z
DHA-REC-0826,MED-ITEM-0826,MTF-0826,MTF-0863,DHA-ROUTE-0826,DHA-POL-0826,134,adds 24 hours of coverage,0.83,proceed,Routine item; donor remains above safety stock and route supports storage needs,2026-09-13T11:45:00.000Z
DHA-REC-0827,MED-ITEM-0827,MTF-0827,MTF-0864,DHA-ROUTE-0827,DHA-POL-0827,25,restores safety stock,0.67,gather_more_evidence,Demand forecast confidence is below 70 percent,2026-09-13T11:54:00.000Z
DHA-REC-0828,MED-ITEM-0828,MTF-0828,MTF-0865,DHA-ROUTE-0828,DHA-POL-0828,7,supports surge demand,0.84,human_review,Transfer leaves donor facility near minimum safety stock,2026-09-13T12:03:00.000Z
DHA-REC-0829,MED-ITEM-0829,MTF-0829,MTF-0866,DHA-ROUTE-0829,DHA-POL-0829,44,prevents projected stockout,0.87,escalate,Controlled or high-consequence materiel requires elevated review,2026-09-13T12:12:00.000Z
DHA-REC-0830,MED-ITEM-0830,MTF-0830,MTF-0867,DHA-ROUTE-0830,DHA-POL-0830,16,adds 24 hours of coverage,0.87,deny,Required cold-chain capability is unavailable on the selected route,2026-09-13T12:21:00.000Z
DHA-REC-0831,MED-ITEM-0831,MTF-0831,MTF-0868,DHA-ROUTE-0831,DHA-POL-0831,30,restores safety stock,0.9,proceed,Routine item; donor remains above safety stock and route supports storage needs,2026-09-13T12:30:00.000Z
DHA-REC-0832,MED-ITEM-0832,MTF-0832,MTF-0869,DHA-ROUTE-0832,DHA-POL-0832,38,supports surge demand,0.62,gather_more_evidence,Demand forecast confidence is below 70 percent,2026-09-13T12:39:00.000Z
DHA-REC-0833,MED-ITEM-0833,MTF-0833,MTF-0870,DHA-ROUTE-0833,DHA-POL-0833,23,prevents projected stockout,0.83,human_review,Transfer leaves donor facility near minimum safety stock,2026-09-13T12:48:00.000Z
DHA-REC-0834,MED-ITEM-0834,MTF-0834,MTF-0871,DHA-ROUTE-0834,DHA-POL-0834,47,adds 24 hours of coverage,0.81,escalate,Controlled or high-consequence materiel requires elevated review,2026-09-13T12:57:00.000Z
DHA-REC-0835,MED-ITEM-0835,MTF-0835,MTF-0872,DHA-ROUTE-0835,DHA-POL-0835,8,restores safety stock,0.81,deny,Required cold-chain capability is unavailable on the selected route,2026-09-13T13:06:00.000Z
DHA-REC-0836,MED-ITEM-0836,MTF-0836,MTF-0873,DHA-ROUTE-0836,DHA-POL-0836,109,supports surge demand,0.76,proceed,Routine item; donor remains above safety stock and route supports storage needs,2026-09-13T13:15:00.000Z
DHA-REC-0837,MED-ITEM-0837,MTF-0837,MTF-0874,DHA-ROUTE-0837,DHA-POL-0837,66,prevents projected stockout,0.56,gather_more_evidence,Demand forecast confidence is below 70 percent,2026-09-13T13:24:00.000Z
DHA-REC-0838,MED-ITEM-0838,MTF-0838,MTF-0875,DHA-ROUTE-0838,DHA-POL-0838,17,adds 24 hours of coverage,0.95,human_review,Transfer leaves donor facility near minimum safety stock,2026-09-13T13:33:00.000Z
DHA-REC-0839,MED-ITEM-0839,MTF-0839,MTF-0876,DHA-ROUTE-0839,DHA-POL-0839,41,restores safety stock,0.85,escalate,Controlled or high-consequence materiel requires elevated review,2026-09-13T13:42:00.000Z
DHA-REC-0840,MED-ITEM-0840,MTF-0840,MTF-0877,DHA-ROUTE-0840,DHA-POL-0840,8,supports surge demand,0.78,deny,Required cold-chain capability is unavailable on the selected route,2026-09-13T13:51:00.000Z
DHA-REC-0841,MED-ITEM-0841,MTF-0841,MTF-0878,DHA-ROUTE-0841,DHA-POL-0841,18,prevents projected stockout,0.84,proceed,Routine item; donor remains above safety stock and route supports storage needs,2026-09-13T14:00:00.000Z
DHA-REC-0842,MED-ITEM-0842,MTF-0842,MTF-0879,DHA-ROUTE-0842,DHA-POL-0842,10,adds 24 hours of coverage,0.64,gather_more_evidence,Demand forecast confidence is below 70 percent,2026-09-13T14:09:00.000Z
DHA-REC-0843,MED-ITEM-0843,MTF-0843,MTF-0880,DHA-ROUTE-0843,DHA-POL-0843,8,restores safety stock,0.92,human_review,Transfer leaves donor facility near minimum safety stock,2026-09-13T14:18:00.000Z
DHA-REC-0844,MED-ITEM-0844,MTF-0844,MTF-0881,DHA-ROUTE-0844,DHA-POL-0844,8,supports surge demand,0.92,escalate,Controlled or high-consequence materiel requires elevated review,2026-09-13T14:27:00.000Z
DHA-REC-0845,MED-ITEM-0845,MTF-0845,MTF-0882,DHA-ROUTE-0845,DHA-POL-0845,43,prevents projected stockout,0.91,deny,Required cold-chain capability is unavailable on the selected route,2026-09-13T14:36:00.000Z
DHA-REC-0846,MED-ITEM-0846,MTF-0846,MTF-0883,DHA-ROUTE-0846,DHA-POL-0846,26,adds 24 hours of coverage,0.84,proceed,Routine item; donor remains above safety stock and route supports storage needs,2026-09-13T14:45:00.000Z
DHA-REC-0847,MED-ITEM-0847,MTF-0847,MTF-0884,DHA-ROUTE-0847,DHA-POL-0847,29,restores safety stock,0.63,gather_more_evidence,Demand forecast confidence is below 70 percent,2026-09-13T14:54:00.000Z
DHA-REC-0848,MED-ITEM-0848,MTF-0848,MTF-0885,DHA-ROUTE-0848,DHA-POL-0848,10,supports surge demand,0.8,human_review,Transfer leaves donor facility near minimum safety stock,2026-09-13T15:03:00.000Z
DHA-REC-0849,MED-ITEM-0849,MTF-0849,MTF-0886,DHA-ROUTE-0849,DHA-POL-0849,41,prevents projected stockout,0.81,escalate,Controlled or high-consequence materiel requires elevated review,2026-09-13T15:12:00.000Z
DHA-REC-0850,MED-ITEM-0850,MTF-0850,MTF-0887,DHA-ROUTE-0850,DHA-POL-0850,36,adds 24 hours of coverage,0.84,deny,Required cold-chain capability is unavailable on the selected route,2026-09-13T15:21:00.000Z
DHA-REC-0851,MED-ITEM-0851,MTF-0851,MTF-0888,DHA-ROUTE-0851,DHA-POL-0851,103,restores safety stock,0.94,proceed,Routine item; donor remains above safety stock and route supports storage needs,2026-09-13T15:30:00.000Z
DHA-REC-0852,MED-ITEM-0852,MTF-0852,MTF-0889,DHA-ROUTE-0852,DHA-POL-0852,27,supports surge demand,0.56,gather_more_evidence,Demand forecast confidence is below 70 percent,2026-09-13T15:39:00.000Z
DHA-REC-0853,MED-ITEM-0853,MTF-0853,MTF-0890,DHA-ROUTE-0853,DHA-POL-0853,21,prevents projected stockout,0.81,human_review,Transfer leaves donor facility near minimum safety stock,2026-09-13T15:48:00.000Z
DHA-REC-0854,MED-ITEM-0854,MTF-0854,MTF-0891,DHA-ROUTE-0854,DHA-POL-0854,28,adds 24 hours of coverage,0.79,escalate,Controlled or high-consequence materiel requires elevated review,2026-09-13T15:57:00.000Z
DHA-REC-0855,MED-ITEM-0855,MTF-0855,MTF-0892,DHA-ROUTE-0855,DHA-POL-0855,17,restores safety stock,0.91,deny,Required cold-chain capability is unavailable on the selected route,2026-09-13T16:06:00.000Z
DHA-REC-0856,MED-ITEM-0856,MTF-0856,MTF-0893,DHA-ROUTE-0856,DHA-POL-0856,157,supports surge demand,0.86,proceed,Routine item; donor remains above safety stock and route supports storage needs,2026-09-13T16:15:00.000Z
DHA-REC-0857,MED-ITEM-0857,MTF-0857,MTF-0894,DHA-ROUTE-0857,DHA-POL-0857,14,prevents projected stockout,0.6,gather_more_evidence,Demand forecast confidence is below 70 percent,2026-09-13T16:24:00.000Z
DHA-REC-0858,MED-ITEM-0858,MTF-0858,MTF-0895,DHA-ROUTE-0858,DHA-POL-0858,23,adds 24 hours of coverage,0.94,human_review,Transfer leaves donor facility near minimum safety stock,2026-09-13T16:33:00.000Z
DHA-REC-0859,MED-ITEM-0859,MTF-0859,MTF-0896,DHA-ROUTE-0859,DHA-POL-0859,36,restores safety stock,0.82,escalate,Controlled or high-consequence materiel requires elevated review,2026-09-13T16:42:00.000Z
DHA-REC-0860,MED-ITEM-0860,MTF-0860,MTF-0897,DHA-ROUTE-0860,DHA-POL-0860,55,supports surge demand,0.85,deny,Required cold-chain capability is unavailable on the selected route,2026-09-13T16:51:00.000Z
DHA-REC-0861,MED-ITEM-0861,MTF-0861,MTF-0898,DHA-ROUTE-0861,DHA-POL-0861,49,prevents projected stockout,0.92,proceed,Routine item; donor remains above safety stock and route supports storage needs,2026-09-13T17:00:00.000Z
DHA-REC-0862,MED-ITEM-0862,MTF-0862,MTF-0899,DHA-ROUTE-0862,DHA-POL-0862,25,adds 24 hours of coverage,0.6,gather_more_evidence,Demand forecast confidence is below 70 percent,2026-09-13T17:09:00.000Z
DHA-REC-0863,MED-ITEM-0863,MTF-0863,MTF-0900,DHA-ROUTE-0863,DHA-POL-0863,14,restores safety stock,0.78,human_review,Transfer leaves donor facility near minimum safety stock,2026-09-13T17:18:00.000Z
DHA-REC-0864,MED-ITEM-0864,MTF-0864,MTF-0901,DHA-ROUTE-0864,DHA-POL-0864,15,supports surge demand,0.78,escalate,Controlled or high-consequence materiel requires elevated review,2026-09-13T17:27:00.000Z
DHA-REC-0865,MED-ITEM-0865,MTF-0865,MTF-0902,DHA-ROUTE-0865,DHA-POL-0865,16,prevents projected stockout,0.96,deny,Required cold-chain capability is unavailable on the selected route,2026-09-13T17:36:00.000Z
DHA-REC-0866,MED-ITEM-0866,MTF-0866,MTF-0903,DHA-ROUTE-0866,DHA-POL-0866,57,adds 24 hours of coverage,0.78,proceed,Routine item; donor remains above safety stock and route supports storage needs,2026-09-13T17:45:00.000Z
DHA-REC-0867,MED-ITEM-0867,MTF-0867,MTF-0904,DHA-ROUTE-0867,DHA-POL-0867,19,restores safety stock,0.55,gather_more_evidence,Demand forecast confidence is below 70 percent,2026-09-13T17:54:00.000Z
DHA-REC-0868,MED-ITEM-0868,MTF-0868,MTF-0905,DHA-ROUTE-0868,DHA-POL-0868,17,supports surge demand,0.84,human_review,Transfer leaves donor facility near minimum safety stock,2026-09-13T18:03:00.000Z
DHA-REC-0869,MED-ITEM-0869,MTF-0869,MTF-0906,DHA-ROUTE-0869,DHA-POL-0869,9,prevents projected stockout,0.85,escalate,Controlled or high-consequence materiel requires elevated review,2026-09-13T18:12:00.000Z
DHA-REC-0870,MED-ITEM-0870,MTF-0870,MTF-0907,DHA-ROUTE-0870,DHA-POL-0870,11,adds 24 hours of coverage,0.95,deny,Required cold-chain capability is unavailable on the selected route,2026-09-13T18:21:00.000Z
DHA-REC-0871,MED-ITEM-0871,MTF-0871,MTF-0908,DHA-ROUTE-0871,DHA-POL-0871,112,restores safety stock,0.82,proceed,Routine item; donor remains above safety stock and route supports storage needs,2026-09-13T18:30:00.000Z
DHA-REC-0872,MED-ITEM-0872,MTF-0872,MTF-0909,DHA-ROUTE-0872,DHA-POL-0872,41,supports surge demand,0.62,gather_more_evidence,Demand forecast confidence is below 70 percent,2026-09-13T18:39:00.000Z
DHA-REC-0873,MED-ITEM-0873,MTF-0873,MTF-0910,DHA-ROUTE-0873,DHA-POL-0873,4,prevents projected stockout,0.79,human_review,Transfer leaves donor facility near minimum safety stock,2026-09-13T18:48:00.000Z
DHA-REC-0874,MED-ITEM-0874,MTF-0874,MTF-0911,DHA-ROUTE-0874,DHA-POL-0874,23,adds 24 hours of coverage,0.78,escalate,Controlled or high-consequence materiel requires elevated review,2026-09-13T18:57:00.000Z
DHA-REC-0875,MED-ITEM-0875,MTF-0875,MTF-0912,DHA-ROUTE-0875,DHA-POL-0875,10,restores safety stock,0.85,deny,Required cold-chain capability is unavailable on the selected route,2026-09-13T19:06:00.000Z
DHA-REC-0876,MED-ITEM-0876,MTF-0876,MTF-0913,DHA-ROUTE-0876,DHA-POL-0876,40,supports surge demand,0.86,proceed,Routine item; donor remains above safety stock and route supports storage needs,2026-09-13T19:15:00.000Z
DHA-REC-0877,MED-ITEM-0877,MTF-0877,MTF-0914,DHA-ROUTE-0877,DHA-POL-0877,6,prevents projected stockout,0.58,gather_more_evidence,Demand forecast confidence is below 70 percent,2026-09-13T19:24:00.000Z
DHA-REC-0878,MED-ITEM-0878,MTF-0878,MTF-0915,DHA-ROUTE-0878,DHA-POL-0878,3,adds 24 hours of coverage,0.81,human_review,Transfer leaves donor facility near minimum safety stock,2026-09-13T19:33:00.000Z
DHA-REC-0879,MED-ITEM-0879,MTF-0879,MTF-0916,DHA-ROUTE-0879,DHA-POL-0879,45,restores safety stock,0.92,escalate,Controlled or high-consequence materiel requires elevated review,2026-09-13T19:42:00.000Z
DHA-REC-0880,MED-ITEM-0880,MTF-0880,MTF-0917,DHA-ROUTE-0880,DHA-POL-0880,12,supports surge demand,0.82,deny,Required cold-chain capability is unavailable on the selected route,2026-09-13T19:51:00.000Z
DHA-REC-0881,MED-ITEM-0881,MTF-0881,MTF-0918,DHA-ROUTE-0881,DHA-POL-0881,147,prevents projected stockout,0.91,proceed,Routine item; donor remains above safety stock and route supports storage needs,2026-09-13T20:00:00.000Z
DHA-REC-0882,MED-ITEM-0882,MTF-0882,MTF-0919,DHA-ROUTE-0882,DHA-POL-0882,29,adds 24 hours of coverage,0.51,gather_more_evidence,Demand forecast confidence is below 70 percent,2026-09-13T20:09:00.000Z
DHA-REC-0883,MED-ITEM-0883,MTF-0883,MTF-0920,DHA-ROUTE-0883,DHA-POL-0883,2,restores safety stock,0.79,human_review,Transfer leaves donor facility near minimum safety stock,2026-09-13T20:18:00.000Z
DHA-REC-0884,MED-ITEM-0884,MTF-0884,MTF-0921,DHA-ROUTE-0884,DHA-POL-0884,24,supports surge demand,0.92,escalate,Controlled or high-consequence materiel requires elevated review,2026-09-13T20:27:00.000Z
DHA-REC-0885,MED-ITEM-0885,MTF-0885,MTF-0922,DHA-ROUTE-0885,DHA-POL-0885,18,prevents projected stockout,0.91,deny,Required cold-chain capability is unavailable on the selected route,2026-09-13T20:36:00.000Z
DHA-REC-0886,MED-ITEM-0886,MTF-0886,MTF-0923,DHA-ROUTE-0886,DHA-POL-0886,53,adds 24 hours of coverage,0.94,proceed,Routine item; donor remains above safety stock and route supports storage needs,2026-09-13T20:45:00.000Z
DHA-REC-0887,MED-ITEM-0887,MTF-0887,MTF-0924,DHA-ROUTE-0887,DHA-POL-0887,10,restores safety stock,0.51,gather_more_evidence,Demand forecast confidence is below 70 percent,2026-09-13T20:54:00.000Z
DHA-REC-0888,MED-ITEM-0888,MTF-0888,MTF-0925,DHA-ROUTE-0888,DHA-POL-0888,12,supports surge demand,0.88,human_review,Transfer leaves donor facility near minimum safety stock,2026-09-13T21:03:00.000Z
DHA-REC-0889,MED-ITEM-0889,MTF-0889,MTF-0926,DHA-ROUTE-0889,DHA-POL-0889,58,prevents projected stockout,0.81,escalate,Controlled or high-consequence materiel requires elevated review,2026-09-13T21:12:00.000Z
DHA-REC-0890,MED-ITEM-0890,MTF-0890,MTF-0927,DHA-ROUTE-0890,DHA-POL-0890,38,adds 24 hours of coverage,0.9,deny,Required cold-chain capability is unavailable on the selected route,2026-09-13T21:21:00.000Z
DHA-REC-0891,MED-ITEM-0891,MTF-0891,MTF-0928,DHA-ROUTE-0891,DHA-POL-0891,33,restores safety stock,0.77,proceed,Routine item; donor remains above safety stock and route supports storage needs,2026-09-13T21:30:00.000Z
DHA-REC-0892,MED-ITEM-0892,MTF-0892,MTF-0929,DHA-ROUTE-0892,DHA-POL-0892,31,supports surge demand,0.54,gather_more_evidence,Demand forecast confidence is below 70 percent,2026-09-13T21:39:00.000Z
DHA-REC-0893,MED-ITEM-0893,MTF-0893,MTF-0930,DHA-ROUTE-0893,DHA-POL-0893,5,prevents projected stockout,0.83,human_review,Transfer leaves donor facility near minimum safety stock,2026-09-13T21:48:00.000Z
DHA-REC-0894,MED-ITEM-0894,MTF-0894,MTF-0931,DHA-ROUTE-0894,DHA-POL-0894,25,adds 24 hours of coverage,0.91,escalate,Controlled or high-consequence materiel requires elevated review,2026-09-13T21:57:00.000Z
DHA-REC-0895,MED-ITEM-0895,MTF-0895,MTF-0932,DHA-ROUTE-0895,DHA-POL-0895,23,restores safety stock,0.92,deny,Required cold-chain capability is unavailable on the selected route,2026-09-13T22:06:00.000Z
DHA-REC-0896,MED-ITEM-0896,MTF-0896,MTF-0933,DHA-ROUTE-0896,DHA-POL-0896,14,supports surge demand,0.91,proceed,Routine item; donor remains above safety stock and route supports storage needs,2026-09-13T22:15:00.000Z
DHA-REC-0897,MED-ITEM-0897,MTF-0897,MTF-0934,DHA-ROUTE-0897,DHA-POL-0897,10,prevents projected stockout,0.6,gather_more_evidence,Demand forecast confidence is below 70 percent,2026-09-13T22:24:00.000Z
DHA-REC-0898,MED-ITEM-0898,MTF-0898,MTF-0935,DHA-ROUTE-0898,DHA-POL-0898,8,adds 24 hours of coverage,0.93,human_review,Transfer leaves donor facility near minimum safety stock,2026-09-13T22:33:00.000Z
DHA-REC-0899,MED-ITEM-0899,MTF-0899,MTF-0936,DHA-ROUTE-0899,DHA-POL-0899,58,restores safety stock,0.87,escalate,Controlled or high-consequence materiel requires elevated review,2026-09-13T22:42:00.000Z
DHA-REC-0900,MED-ITEM-0900,MTF-0900,MTF-0937,DHA-ROUTE-0900,DHA-POL-0900,45,supports surge demand,0.91,deny,Required cold-chain capability is unavailable on the selected route,2026-09-13T22:51:00.000Z
DHA-REC-0901,MED-ITEM-0901,MTF-0901,MTF-0938,DHA-ROUTE-0901,DHA-POL-0901,119,prevents projected stockout,0.88,proceed,Routine item; donor remains above safety stock and route supports storage needs,2026-09-13T23:00:00.000Z
DHA-REC-0902,MED-ITEM-0902,MTF-0902,MTF-0939,DHA-ROUTE-0902,DHA-POL-0902,48,adds 24 hours of coverage,0.68,gather_more_evidence,Demand forecast confidence is below 70 percent,2026-09-13T23:09:00.000Z
DHA-REC-0903,MED-ITEM-0903,MTF-0903,MTF-0940,DHA-ROUTE-0903,DHA-POL-0903,6,restores safety stock,0.9,human_review,Transfer leaves donor facility near minimum safety stock,2026-09-13T23:18:00.000Z
DHA-REC-0904,MED-ITEM-0904,MTF-0904,MTF-0941,DHA-ROUTE-0904,DHA-POL-0904,5,supports surge demand,0.92,escalate,Controlled or high-consequence materiel requires elevated review,2026-09-13T23:27:00.000Z
DHA-REC-0905,MED-ITEM-0905,MTF-0905,MTF-0942,DHA-ROUTE-0905,DHA-POL-0905,26,prevents projected stockout,0.85,deny,Required cold-chain capability is unavailable on the selected route,2026-09-13T23:36:00.000Z
DHA-REC-0906,MED-ITEM-0906,MTF-0906,MTF-0943,DHA-ROUTE-0906,DHA-POL-0906,107,adds 24 hours of coverage,0.82,proceed,Routine item; donor remains above safety stock and route supports storage needs,2026-09-13T23:45:00.000Z
DHA-REC-0907,MED-ITEM-0907,MTF-0907,MTF-0944,DHA-ROUTE-0907,DHA-POL-0907,42,restores safety stock,0.57,gather_more_evidence,Demand forecast confidence is below 70 percent,2026-09-13T23:54:00.000Z
DHA-REC-0908,MED-ITEM-0908,MTF-0908,MTF-0945,DHA-ROUTE-0908,DHA-POL-0908,20,supports surge demand,0.82,human_review,Transfer leaves donor facility near minimum safety stock,2026-09-14T00:03:00.000Z
DHA-REC-0909,MED-ITEM-0909,MTF-0909,MTF-0946,DHA-ROUTE-0909,DHA-POL-0909,26,prevents projected stockout,0.83,escalate,Controlled or high-consequence materiel requires elevated review,2026-09-14T00:12:00.000Z
DHA-REC-0910,MED-ITEM-0910,MTF-0910,MTF-0947,DHA-ROUTE-0910,DHA-POL-0910,19,adds 24 hours of coverage,0.77,deny,Required cold-chain capability is unavailable on the selected route,2026-09-14T00:21:00.000Z
DHA-REC-0911,MED-ITEM-0911,MTF-0911,MTF-0948,DHA-ROUTE-0911,DHA-POL-0911,37,restores safety stock,0.9,proceed,Routine item; donor remains above safety stock and route supports storage needs,2026-09-14T00:30:00.000Z
DHA-REC-0912,MED-ITEM-0912,MTF-0912,MTF-0949,DHA-ROUTE-0912,DHA-POL-0912,11,supports surge demand,0.61,gather_more_evidence,Demand forecast confidence is below 70 percent,2026-09-14T00:39:00.000Z
DHA-REC-0913,MED-ITEM-0913,MTF-0913,MTF-0950,DHA-ROUTE-0913,DHA-POL-0913,13,prevents projected stockout,0.88,human_review,Transfer leaves donor facility near minimum safety stock,2026-09-14T00:48:00.000Z
DHA-REC-0914,MED-ITEM-0914,MTF-0914,MTF-0951,DHA-ROUTE-0914,DHA-POL-0914,14,adds 24 hours of coverage,0.92,escalate,Controlled or high-consequence materiel requires elevated review,2026-09-14T00:57:00.000Z
DHA-REC-0915,MED-ITEM-0915,MTF-0915,MTF-0952,DHA-ROUTE-0915,DHA-POL-0915,11,restores safety stock,0.95,deny,Required cold-chain capability is unavailable on the selected route,2026-09-14T01:06:00.000Z
DHA-REC-0916,MED-ITEM-0916,MTF-0916,MTF-0953,DHA-ROUTE-0916,DHA-POL-0916,29,supports surge demand,0.86,proceed,Routine item; donor remains above safety stock and route supports storage needs,2026-09-14T01:15:00.000Z
DHA-REC-0917,MED-ITEM-0917,MTF-0917,MTF-0954,DHA-ROUTE-0917,DHA-POL-0917,17,prevents projected stockout,0.65,gather_more_evidence,Demand forecast confidence is below 70 percent,2026-09-14T01:24:00.000Z
DHA-REC-0918,MED-ITEM-0918,MTF-0918,MTF-0955,DHA-ROUTE-0918,DHA-POL-0918,1,adds 24 hours of coverage,0.77,human_review,Transfer leaves donor facility near minimum safety stock,2026-09-14T01:33:00.000Z
DHA-REC-0919,MED-ITEM-0919,MTF-0919,MTF-0956,DHA-ROUTE-0919,DHA-POL-0919,43,restores safety stock,0.77,escalate,Controlled or high-consequence materiel requires elevated review,2026-09-14T01:42:00.000Z
DHA-REC-0920,MED-ITEM-0920,MTF-0920,MTF-0957,DHA-ROUTE-0920,DHA-POL-0920,13,supports surge demand,0.88,deny,Required cold-chain capability is unavailable on the selected route,2026-09-14T01:51:00.000Z
DHA-REC-0921,MED-ITEM-0921,MTF-0921,MTF-0958,DHA-ROUTE-0921,DHA-POL-0921,35,prevents projected stockout,0.91,proceed,Routine item; donor remains above safety stock and route supports storage needs,2026-09-14T02:00:00.000Z
DHA-REC-0922,MED-ITEM-0922,MTF-0922,MTF-0959,DHA-ROUTE-0922,DHA-POL-0922,48,adds 24 hours of coverage,0.6,gather_more_evidence,Demand forecast confidence is below 70 percent,2026-09-14T02:09:00.000Z
DHA-REC-0923,MED-ITEM-0923,MTF-0923,MTF-0960,DHA-ROUTE-0923,DHA-POL-0923,20,restores safety stock,0.86,human_review,Transfer leaves donor facility near minimum safety stock,2026-09-14T02:18:00.000Z
DHA-REC-0924,MED-ITEM-0924,MTF-0924,MTF-0961,DHA-ROUTE-0924,DHA-POL-0924,14,supports surge demand,0.9,escalate,Controlled or high-consequence materiel requires elevated review,2026-09-14T02:27:00.000Z
DHA-REC-0925,MED-ITEM-0925,MTF-0925,MTF-0962,DHA-ROUTE-0925,DHA-POL-0925,35,prevents projected stockout,0.78,deny,Required cold-chain capability is unavailable on the selected route,2026-09-14T02:36:00.000Z
DHA-REC-0926,MED-ITEM-0926,MTF-0926,MTF-0963,DHA-ROUTE-0926,DHA-POL-0926,160,adds 24 hours of coverage,0.87,proceed,Routine item; donor remains above safety stock and route supports storage needs,2026-09-14T02:45:00.000Z
DHA-REC-0927,MED-ITEM-0927,MTF-0927,MTF-0964,DHA-ROUTE-0927,DHA-POL-0927,13,restores safety stock,0.51,gather_more_evidence,Demand forecast confidence is below 70 percent,2026-09-14T02:54:00.000Z
DHA-REC-0928,MED-ITEM-0928,MTF-0928,MTF-0965,DHA-ROUTE-0928,DHA-POL-0928,12,supports surge demand,0.87,human_review,Transfer leaves donor facility near minimum safety stock,2026-09-14T03:03:00.000Z
DHA-REC-0929,MED-ITEM-0929,MTF-0929,MTF-0966,DHA-ROUTE-0929,DHA-POL-0929,5,prevents projected stockout,0.88,escalate,Controlled or high-consequence materiel requires elevated review,2026-09-14T03:12:00.000Z
DHA-REC-0930,MED-ITEM-0930,MTF-0930,MTF-0967,DHA-ROUTE-0930,DHA-POL-0930,22,adds 24 hours of coverage,0.87,deny,Required cold-chain capability is unavailable on the selected route,2026-09-14T03:21:00.000Z
DHA-REC-0931,MED-ITEM-0931,MTF-0931,MTF-0968,DHA-ROUTE-0931,DHA-POL-0931,71,restores safety stock,0.79,proceed,Routine item; donor remains above safety stock and route supports storage needs,2026-09-14T03:30:00.000Z
DHA-REC-0932,MED-ITEM-0932,MTF-0932,MTF-0969,DHA-ROUTE-0932,DHA-POL-0932,56,supports surge demand,0.52,gather_more_evidence,Demand forecast confidence is below 70 percent,2026-09-14T03:39:00.000Z
DHA-REC-0933,MED-ITEM-0933,MTF-0933,MTF-0970,DHA-ROUTE-0933,DHA-POL-0933,4,prevents projected stockout,0.92,human_review,Transfer leaves donor facility near minimum safety stock,2026-09-14T03:48:00.000Z
DHA-REC-0934,MED-ITEM-0934,MTF-0934,MTF-0971,DHA-ROUTE-0934,DHA-POL-0934,46,adds 24 hours of coverage,0.94,escalate,Controlled or high-consequence materiel requires elevated review,2026-09-14T03:57:00.000Z
DHA-REC-0935,MED-ITEM-0935,MTF-0935,MTF-0972,DHA-ROUTE-0935,DHA-POL-0935,5,restores safety stock,0.9,deny,Required cold-chain capability is unavailable on the selected route,2026-09-14T04:06:00.000Z
DHA-REC-0936,MED-ITEM-0936,MTF-0936,MTF-0973,DHA-ROUTE-0936,DHA-POL-0936,68,supports surge demand,0.84,proceed,Routine item; donor remains above safety stock and route supports storage needs,2026-09-14T04:15:00.000Z
DHA-REC-0937,MED-ITEM-0937,MTF-0937,MTF-0974,DHA-ROUTE-0937,DHA-POL-0937,40,prevents projected stockout,0.56,gather_more_evidence,Demand forecast confidence is below 70 percent,2026-09-14T04:24:00.000Z
DHA-REC-0938,MED-ITEM-0938,MTF-0938,MTF-0975,DHA-ROUTE-0938,DHA-POL-0938,11,adds 24 hours of coverage,0.77,human_review,Transfer leaves donor facility near minimum safety stock,2026-09-14T04:33:00.000Z
DHA-REC-0939,MED-ITEM-0939,MTF-0939,MTF-0976,DHA-ROUTE-0939,DHA-POL-0939,6,restores safety stock,0.88,escalate,Controlled or high-consequence materiel requires elevated review,2026-09-14T04:42:00.000Z
DHA-REC-0940,MED-ITEM-0940,MTF-0940,MTF-0977,DHA-ROUTE-0940,DHA-POL-0940,17,supports surge demand,0.77,deny,Required cold-chain capability is unavailable on the selected route,2026-09-14T04:51:00.000Z
DHA-REC-0941,MED-ITEM-0941,MTF-0941,MTF-0978,DHA-ROUTE-0941,DHA-POL-0941,19,prevents projected stockout,0.85,proceed,Routine item; donor remains above safety stock and route supports storage needs,2026-09-14T05:00:00.000Z
DHA-REC-0942,MED-ITEM-0942,MTF-0942,MTF-0979,DHA-ROUTE-0942,DHA-POL-0942,13,adds 24 hours of coverage,0.62,gather_more_evidence,Demand forecast confidence is below 70 percent,2026-09-14T05:09:00.000Z
DHA-REC-0943,MED-ITEM-0943,MTF-0943,MTF-0980,DHA-ROUTE-0943,DHA-POL-0943,10,restores safety stock,0.81,human_review,Transfer leaves donor facility near minimum safety stock,2026-09-14T05:18:00.000Z
DHA-REC-0944,MED-ITEM-0944,MTF-0944,MTF-0981,DHA-ROUTE-0944,DHA-POL-0944,5,supports surge demand,0.88,escalate,Controlled or high-consequence materiel requires elevated review,2026-09-14T05:27:00.000Z
DHA-REC-0945,MED-ITEM-0945,MTF-0945,MTF-0982,DHA-ROUTE-0945,DHA-POL-0945,33,prevents projected stockout,0.83,deny,Required cold-chain capability is unavailable on the selected route,2026-09-14T05:36:00.000Z
DHA-REC-0946,MED-ITEM-0946,MTF-0946,MTF-0983,DHA-ROUTE-0946,DHA-POL-0946,153,adds 24 hours of coverage,0.81,proceed,Routine item; donor remains above safety stock and route supports storage needs,2026-09-14T05:45:00.000Z
DHA-REC-0947,MED-ITEM-0947,MTF-0947,MTF-0984,DHA-ROUTE-0947,DHA-POL-0947,5,restores safety stock,0.65,gather_more_evidence,Demand forecast confidence is below 70 percent,2026-09-14T05:54:00.000Z
DHA-REC-0948,MED-ITEM-0948,MTF-0948,MTF-0985,DHA-ROUTE-0948,DHA-POL-0948,12,supports surge demand,0.84,human_review,Transfer leaves donor facility near minimum safety stock,2026-09-14T06:03:00.000Z
DHA-REC-0949,MED-ITEM-0949,MTF-0949,MTF-0986,DHA-ROUTE-0949,DHA-POL-0949,51,prevents projected stockout,0.83,escalate,Controlled or high-consequence materiel requires elevated review,2026-09-14T06:12:00.000Z
DHA-REC-0950,MED-ITEM-0950,MTF-0950,MTF-0987,DHA-ROUTE-0950,DHA-POL-0950,6,adds 24 hours of coverage,0.91,deny,Required cold-chain capability is unavailable on the selected route,2026-09-14T06:21:00.000Z
DHA-REC-0951,MED-ITEM-0951,MTF-0951,MTF-0988,DHA-ROUTE-0951,DHA-POL-0951,101,restores safety stock,0.91,proceed,Routine item; donor remains above safety stock and route supports storage needs,2026-09-14T06:30:00.000Z
DHA-REC-0952,MED-ITEM-0952,MTF-0952,MTF-0989,DHA-ROUTE-0952,DHA-POL-0952,8,supports surge demand,0.62,gather_more_evidence,Demand forecast confidence is below 70 percent,2026-09-14T06:39:00.000Z
DHA-REC-0953,MED-ITEM-0953,MTF-0953,MTF-0990,DHA-ROUTE-0953,DHA-POL-0953,8,prevents projected stockout,0.95,human_review,Transfer leaves donor facility near minimum safety stock,2026-09-14T06:48:00.000Z
DHA-REC-0954,MED-ITEM-0954,MTF-0954,MTF-0991,DHA-ROUTE-0954,DHA-POL-0954,29,adds 24 hours of coverage,0.91,escalate,Controlled or high-consequence materiel requires elevated review,2026-09-14T06:57:00.000Z
DHA-REC-0955,MED-ITEM-0955,MTF-0955,MTF-0992,DHA-ROUTE-0955,DHA-POL-0955,15,restores safety stock,0.86,deny,Required cold-chain capability is unavailable on the selected route,2026-09-14T07:06:00.000Z
DHA-REC-0956,MED-ITEM-0956,MTF-0956,MTF-0993,DHA-ROUTE-0956,DHA-POL-0956,82,supports surge demand,0.76,proceed,Routine item; donor remains above safety stock and route supports storage needs,2026-09-14T07:15:00.000Z
DHA-REC-0957,MED-ITEM-0957,MTF-0957,MTF-0994,DHA-ROUTE-0957,DHA-POL-0957,24,prevents projected stockout,0.64,gather_more_evidence,Demand forecast confidence is below 70 percent,2026-09-14T07:24:00.000Z
DHA-REC-0958,MED-ITEM-0958,MTF-0958,MTF-0995,DHA-ROUTE-0958,DHA-POL-0958,19,adds 24 hours of coverage,0.91,human_review,Transfer leaves donor facility near minimum safety stock,2026-09-14T07:33:00.000Z
DHA-REC-0959,MED-ITEM-0959,MTF-0959,MTF-0996,DHA-ROUTE-0959,DHA-POL-0959,26,restores safety stock,0.94,escalate,Controlled or high-consequence materiel requires elevated review,2026-09-14T07:42:00.000Z
DHA-REC-0960,MED-ITEM-0960,MTF-0960,MTF-0997,DHA-ROUTE-0960,DHA-POL-0960,7,supports surge demand,0.9,deny,Required cold-chain capability is unavailable on the selected route,2026-09-14T07:51:00.000Z
DHA-REC-0961,MED-ITEM-0961,MTF-0961,MTF-0998,DHA-ROUTE-0961,DHA-POL-0961,74,prevents projected stockout,0.79,proceed,Routine item; donor remains above safety stock and route supports storage needs,2026-09-14T08:00:00.000Z
DHA-REC-0962,MED-ITEM-0962,MTF-0962,MTF-0999,DHA-ROUTE-0962,DHA-POL-0962,59,adds 24 hours of coverage,0.56,gather_more_evidence,Demand forecast confidence is below 70 percent,2026-09-14T08:09:00.000Z
DHA-REC-0963,MED-ITEM-0963,MTF-0963,MTF-1000,DHA-ROUTE-0963,DHA-POL-0963,7,restores safety stock,0.79,human_review,Transfer leaves donor facility near minimum safety stock,2026-09-14T08:18:00.000Z
DHA-REC-0964,MED-ITEM-0964,MTF-0964,MTF-0001,DHA-ROUTE-0964,DHA-POL-0964,15,supports surge demand,0.94,escalate,Controlled or high-consequence materiel requires elevated review,2026-09-14T08:27:00.000Z
DHA-REC-0965,MED-ITEM-0965,MTF-0965,MTF-0002,DHA-ROUTE-0965,DHA-POL-0965,15,prevents projected stockout,0.87,deny,Required cold-chain capability is unavailable on the selected route,2026-09-14T08:36:00.000Z
DHA-REC-0966,MED-ITEM-0966,MTF-0966,MTF-0003,DHA-ROUTE-0966,DHA-POL-0966,69,adds 24 hours of coverage,0.91,proceed,Routine item; donor remains above safety stock and route supports storage needs,2026-09-14T08:45:00.000Z
DHA-REC-0967,MED-ITEM-0967,MTF-0967,MTF-0004,DHA-ROUTE-0967,DHA-POL-0967,20,restores safety stock,0.54,gather_more_evidence,Demand forecast confidence is below 70 percent,2026-09-14T08:54:00.000Z
DHA-REC-0968,MED-ITEM-0968,MTF-0968,MTF-0005,DHA-ROUTE-0968,DHA-POL-0968,17,supports surge demand,0.81,human_review,Transfer leaves donor facility near minimum safety stock,2026-09-14T09:03:00.000Z
DHA-REC-0969,MED-ITEM-0969,MTF-0969,MTF-0006,DHA-ROUTE-0969,DHA-POL-0969,62,prevents projected stockout,0.78,escalate,Controlled or high-consequence materiel requires elevated review,2026-09-14T09:12:00.000Z
DHA-REC-0970,MED-ITEM-0970,MTF-0970,MTF-0007,DHA-ROUTE-0970,DHA-POL-0970,32,adds 24 hours of coverage,0.93,deny,Required cold-chain capability is unavailable on the selected route,2026-09-14T09:21:00.000Z
DHA-REC-0971,MED-ITEM-0971,MTF-0971,MTF-0008,DHA-ROUTE-0971,DHA-POL-0971,87,restores safety stock,0.81,proceed,Routine item; donor remains above safety stock and route supports storage needs,2026-09-14T09:30:00.000Z
DHA-REC-0972,MED-ITEM-0972,MTF-0972,MTF-0009,DHA-ROUTE-0972,DHA-POL-0972,6,supports surge demand,0.51,gather_more_evidence,Demand forecast confidence is below 70 percent,2026-09-14T09:39:00.000Z
DHA-REC-0973,MED-ITEM-0973,MTF-0973,MTF-0010,DHA-ROUTE-0973,DHA-POL-0973,7,prevents projected stockout,0.89,human_review,Transfer leaves donor facility near minimum safety stock,2026-09-14T09:48:00.000Z
DHA-REC-0974,MED-ITEM-0974,MTF-0974,MTF-0011,DHA-ROUTE-0974,DHA-POL-0974,59,adds 24 hours of coverage,0.86,escalate,Controlled or high-consequence materiel requires elevated review,2026-09-14T09:57:00.000Z
DHA-REC-0975,MED-ITEM-0975,MTF-0975,MTF-0012,DHA-ROUTE-0975,DHA-POL-0975,52,restores safety stock,0.83,deny,Required cold-chain capability is unavailable on the selected route,2026-09-14T10:06:00.000Z
DHA-REC-0976,MED-ITEM-0976,MTF-0976,MTF-0013,DHA-ROUTE-0976,DHA-POL-0976,96,supports surge demand,0.91,proceed,Routine item; donor remains above safety stock and route supports storage needs,2026-09-14T10:15:00.000Z
DHA-REC-0977,MED-ITEM-0977,MTF-0977,MTF-0014,DHA-ROUTE-0977,DHA-POL-0977,53,prevents projected stockout,0.5,gather_more_evidence,Demand forecast confidence is below 70 percent,2026-09-14T10:24:00.000Z
DHA-REC-0978,MED-ITEM-0978,MTF-0978,MTF-0015,DHA-ROUTE-0978,DHA-POL-0978,19,adds 24 hours of coverage,0.86,human_review,Transfer leaves donor facility near minimum safety stock,2026-09-14T10:33:00.000Z
DHA-REC-0979,MED-ITEM-0979,MTF-0979,MTF-0016,DHA-ROUTE-0979,DHA-POL-0979,13,restores safety stock,0.77,escalate,Controlled or high-consequence materiel requires elevated review,2026-09-14T10:42:00.000Z
DHA-REC-0980,MED-ITEM-0980,MTF-0980,MTF-0017,DHA-ROUTE-0980,DHA-POL-0980,41,supports surge demand,0.84,deny,Required cold-chain capability is unavailable on the selected route,2026-09-14T10:51:00.000Z
DHA-REC-0981,MED-ITEM-0981,MTF-0981,MTF-0018,DHA-ROUTE-0981,DHA-POL-0981,58,prevents projected stockout,0.9,proceed,Routine item; donor remains above safety stock and route supports storage needs,2026-09-14T11:00:00.000Z
DHA-REC-0982,MED-ITEM-0982,MTF-0982,MTF-0019,DHA-ROUTE-0982,DHA-POL-0982,6,adds 24 hours of coverage,0.5,gather_more_evidence,Demand forecast confidence is below 70 percent,2026-09-14T11:09:00.000Z
DHA-REC-0983,MED-ITEM-0983,MTF-0983,MTF-0020,DHA-ROUTE-0983,DHA-POL-0983,10,restores safety stock,0.79,human_review,Transfer leaves donor facility near minimum safety stock,2026-09-14T11:18:00.000Z
DHA-REC-0984,MED-ITEM-0984,MTF-0984,MTF-0021,DHA-ROUTE-0984,DHA-POL-0984,22,supports surge demand,0.87,escalate,Controlled or high-consequence materiel requires elevated review,2026-09-14T11:27:00.000Z
DHA-REC-0985,MED-ITEM-0985,MTF-0985,MTF-0022,DHA-ROUTE-0985,DHA-POL-0985,23,prevents projected stockout,0.91,deny,Required cold-chain capability is unavailable on the selected route,2026-09-14T11:36:00.000Z
DHA-REC-0986,MED-ITEM-0986,MTF-0986,MTF-0023,DHA-ROUTE-0986,DHA-POL-0986,125,adds 24 hours of coverage,0.83,proceed,Routine item; donor remains above safety stock and route supports storage needs,2026-09-14T11:45:00.000Z
DHA-REC-0987,MED-ITEM-0987,MTF-0987,MTF-0024,DHA-ROUTE-0987,DHA-POL-0987,10,restores safety stock,0.55,gather_more_evidence,Demand forecast confidence is below 70 percent,2026-09-14T11:54:00.000Z
DHA-REC-0988,MED-ITEM-0988,MTF-0988,MTF-0025,DHA-ROUTE-0988,DHA-POL-0988,4,supports surge demand,0.79,human_review,Transfer leaves donor facility near minimum safety stock,2026-09-14T12:03:00.000Z
DHA-REC-0989,MED-ITEM-0989,MTF-0989,MTF-0026,DHA-ROUTE-0989,DHA-POL-0989,63,prevents projected stockout,0.95,escalate,Controlled or high-consequence materiel requires elevated review,2026-09-14T12:12:00.000Z
DHA-REC-0990,MED-ITEM-0990,MTF-0990,MTF-0027,DHA-ROUTE-0990,DHA-POL-0990,15,adds 24 hours of coverage,0.91,deny,Required cold-chain capability is unavailable on the selected route,2026-09-14T12:21:00.000Z
DHA-REC-0991,MED-ITEM-0991,MTF-0991,MTF-0028,DHA-ROUTE-0991,DHA-POL-0991,73,restores safety stock,0.91,proceed,Routine item; donor remains above safety stock and route supports storage needs,2026-09-14T12:30:00.000Z
DHA-REC-0992,MED-ITEM-0992,MTF-0992,MTF-0029,DHA-ROUTE-0992,DHA-POL-0992,9,supports surge demand,0.63,gather_more_evidence,Demand forecast confidence is below 70 percent,2026-09-14T12:39:00.000Z
DHA-REC-0993,MED-ITEM-0993,MTF-0993,MTF-0030,DHA-ROUTE-0993,DHA-POL-0993,19,prevents projected stockout,0.92,human_review,Transfer leaves donor facility near minimum safety stock,2026-09-14T12:48:00.000Z
DHA-REC-0994,MED-ITEM-0994,MTF-0994,MTF-0031,DHA-ROUTE-0994,DHA-POL-0994,25,adds 24 hours of coverage,0.92,escalate,Controlled or high-consequence materiel requires elevated review,2026-09-14T12:57:00.000Z
DHA-REC-0995,MED-ITEM-0995,MTF-0995,MTF-0032,DHA-ROUTE-0995,DHA-POL-0995,38,restores safety stock,0.9,deny,Required cold-chain capability is unavailable on the selected route,2026-09-14T13:06:00.000Z
DHA-REC-0996,MED-ITEM-0996,MTF-0996,MTF-0033,DHA-ROUTE-0996,DHA-POL-0996,29,supports surge demand,0.77,proceed,Routine item; donor remains above safety stock and route supports storage needs,2026-09-14T13:15:00.000Z
DHA-REC-0997,MED-ITEM-0997,MTF-0997,MTF-0034,DHA-ROUTE-0997,DHA-POL-0997,39,prevents projected stockout,0.57,gather_more_evidence,Demand forecast confidence is below 70 percent,2026-09-14T13:24:00.000Z
DHA-REC-0998,MED-ITEM-0998,MTF-0998,MTF-0035,DHA-ROUTE-0998,DHA-POL-0998,4,adds 24 hours of coverage,0.82,human_review,Transfer leaves donor facility near minimum safety stock,2026-09-14T13:33:00.000Z
DHA-REC-0999,MED-ITEM-0999,MTF-0999,MTF-0036,DHA-ROUTE-0999,DHA-POL-0999,20,restores safety stock,0.95,escalate,Controlled or high-consequence materiel requires elevated review,2026-09-14T13:42:00.000Z
DHA-REC-1000,MED-ITEM-1000,MTF-1000,MTF-0037,DHA-ROUTE-1000,DHA-POL-1000,5,supports surge demand,0.92,deny,Required cold-chain capability is unavailable on the selected route,2026-09-14T13:51:00.000Z
