Timestamp_hr,Node_Tier,Current_Inventory_Pallets,Inbound_Transit_Pallets,Lead_Time_hrs,Stochastic_Demand,Holding_Cost_USD,Stockout_Penalty_USD,Episode_ID
0,Tier_3,145,0,22.5,105,362.5,0,1
1,Tier_3,57,0,28.9,88,142.5,0,1
2,Tier_3,0,0,18.1,122,0,65000,1
3,Tier_3,0,0,15.3,145,0,145000,1
4,Tier_3,0,0,24.7,91,0,91000,1
5,Tier_3,0,0,19.9,110,0,110000,1
6,Tier_3,0,0,21.5,130,0,130000,1
7,Tier_3,0,0,26.1,101,0,101000,1
8,Tier_3,0,0,23,77,0,77000,1
9,Tier_3,0,0,17.8,95,0,95000,1
10,Tier_3,0,0,20.5,115,0,115000,1
11,Tier_3,0,0,25.4,128,0,128000,1
12,Tier_3,0,0,19.2,103,0,103000,1
13,Tier_3,0,0,22.8,81,0,81000,1
14,Tier_3,0,0,27.5,135,0,135000,1
15,Tier_3,0,0,18.7,118,0,118000,1
16,Tier_3,0,0,24.1,99,0,99000,1
17,Tier_3,0,0,21,125,0,125000,1
18,Tier_3,0,18,23.3,140,0,122000,1
19,Tier_3,0,0,16.5,85,0,85000,1
20,Tier_3,0,15,20,112,0,97000,1
21,Tier_3,0,0,25.9,107,0,107000,1
22,Tier_3,0,16,19.5,133,0,117000,1
23,Tier_3,0,0,22.1,93,0,93000,1
24,Tier_3,0,0,26.8,79,0,79000,1
25,Tier_3,239,0,18.3,11,597.5,0,2
26,Tier_3,224,0,25.1,15,560,0,2
27,Tier_3,205,0,20.5,19,512.5,0,2
28,Tier_3,192,0,26.8,13,480,0,2
29,Tier_3,176,0,19.9,16,440,0,2
30,Tier_3,158,0,24.5,18,395,0,2
31,Tier_3,146,0,22.1,12,365,0,2
32,Tier_3,131,0,25.9,15,327.5,0,2
33,Tier_3,114,0,21.3,17,285,0,2
34,Tier_3,100,0,23,14,250,0,2
35,Tier_3,87,0,20.8,13,217.5,0,2
36,Tier_3,71,0,27.5,16,177.5,0,2
37,Tier_3,53,0,22.9,18,132.5,0,2
38,Tier_3,38,0,24.1,15,95,0,2
39,Tier_3,21,0,19.5,17,52.5,0,2
40,Tier_3,9,0,25.2,12,22.5,0,2
41,Tier_3,0,0,21.7,14,0,5000,2
42,Tier_3,0,0,23.5,19,0,19000,2
43,Tier_3,0,14,20.1,16,0,2000,2
44,Tier_3,0,0,26.3,13,0,13000,2
45,Tier_3,0,0,22.5,15,0,15000,2
46,Tier_3,0,0,24.8,17,0,17000,2
47,Tier_3,0,11,18.7,14,0,3000,2
48,Tier_3,0,0,23.3,11,0,11000,2
49,Tier_3,1,17,25,16,2.5,0,2
50,Tier_3,0,0,25.1,14,0,13000,2
51,Tier_3,0,18,23.8,18,0,0,2
52,Tier_3,0,0,24.5,15,0,15000,2
53,Tier_3,9,20,26,11,22.5,0,2
54,Tier_3,18,25,22.9,16,45,0,2
55,Tier_3,14,15,24.1,19,35,0,2
56,Tier_3,15,14,25.5,13,37.5,0,2
57,Tier_3,17,19,23.2,17,42.5,0,2
58,Tier_3,18,16,24.8,15,45,0,2
59,Tier_3,20,16,25.9,14,50,0,2
60,Tier_3,13,11,23.5,18,32.5,0,2
61,Tier_3,1,0,24.3,12,2.5,0,2
62,Tier_3,0,18,26.1,19,0,0,2
63,Tier_3,16,31,22.7,15,40,0,2
64,Tier_3,18,15,25,13,45,0,2
65,Tier_3,15,13,24.9,16,37.5,0,2
66,Tier_3,34,30,23.1,11,85,0,2
67,Tier_3,29,12,25.3,17,72.5,0,2
68,Tier_3,14,0,24,15,35,0,2
69,Tier_3,0,0,26.5,14,0,0,2
70,Tier_3,1,19,22.5,18,2.5,0,2
71,Tier_3,22,34,25.2,13,55,0,2
72,Tier_3,7,0,24.7,15,17.5,0,2
73,Tier_3,0,0,23.9,12,0,5000,2
74,Tier_3,0,17,26.3,17,0,0,2
75,Tier_3,234,0,25.1,16,585,0,3
76,Tier_3,222,0,22.9,12,555,0,3
77,Tier_3,207,0,23.5,15,517.5,0,3
78,Tier_3,190,0,24.8,17,475,0,3
79,Tier_3,177,0,21.3,13,442.5,0,3
80,Tier_3,163,0,23.1,14,407.5,0,3
81,Tier_3,152,0,25.5,11,380,0,3
82,Tier_3,134,0,22.1,18,335,0,3
83,Tier_3,119,0,23.9,15,297.5,0,3
84,Tier_3,100,0,21,19,250,0,3
85,Tier_3,90,0,24.2,10,225,0,3
86,Tier_3,74,0,23.3,16,185,0,3
87,Tier_3,61,0,25,13,152.5,0,3
88,Tier_3,47,0,22.5,14,117.5,0,3
89,Tier_3,32,0,23.7,15,80,0,3
90,Tier_3,20,0,21.9,12,50,0,3
91,Tier_3,3,0,24.5,17,7.5,0,3
92,Tier_3,0,0,23,18,0,15000,3
93,Tier_3,0,0,22.8,11,0,11000,3
94,Tier_3,0,0,24.1,14,0,14000,3
95,Tier_3,0,0,21.5,19,0,19000,3
96,Tier_3,0,0,23.8,13,0,13000,3
97,Tier_3,0,0,25.2,16,0,16000,3
98,Tier_3,0,0,22.3,15,0,15000,3
99,Tier_3,1,18,24.7,17,2.5,0,3
100,Tier_3,22,33,23.1,12,55,0,3
101,Tier_3,15,11,25.5,18,37.5,0,3
102,Tier_3,0,0,21.9,15,0,0,3
103,Tier_3,10,31,28.3,21,25,0,3
104,Tier_3,11,17,24.7,16,27.5,0,3
105,Tier_3,18,20,22.1,13,45,0,3
106,Tier_3,0,0,26.8,19,0,1000,3
107,Tier_3,8,25,20.5,17,20,0,3
108,Tier_3,0,0,27.9,14,0,6000,3
109,Tier_3,21,32,23.3,11,52.5,0,3
110,Tier_3,13,11,24.1,19,32.5,0,3
111,Tier_3,0,0,22.5,16,0,3000,3
112,Tier_3,8,28,29,20,20,0,3
113,Tier_3,10,17,25.1,15,25,0,3
114,Tier_3,0,0,21.3,18,0,8000,3
115,Tier_3,22,35,23.8,13,55,0,3
116,Tier_3,17,12,26,17,42.5,0,3
117,Tier_3,13,18,20.1,22,32.5,0,3
118,Tier_3,14,15,27.2,14,35,0,3
119,Tier_3,0,0,24.5,16,0,2000,3
120,Tier_3,12,27,23,15,30,0,3
121,Tier_3,0,0,28.8,21,0,9000,3
122,Tier_3,5,17,25.9,12,12.5,0,3
123,Tier_3,1,15,22.7,19,2.5,0,3
124,Tier_3,12,28,24.3,17,30,0,3
125,Tier_3,1,0,25.3,11,2.5,0,3
126,Tier_3,0,0,19.8,19,0,18000,3
127,Tier_3,37,52,27.1,15,92.5,0,3
128,Tier_3,19,0,24.5,18,47.5,0,3
129,Tier_3,20,14,21,13,50,0,3
130,Tier_3,4,0,28.9,16,10,0,3
131,Tier_3,3,18,22.3,19,7.5,0,3
132,Tier_3,6,15,25.8,12,15,0,3
133,Tier_3,6,21,20.1,21,15,0,3
134,Tier_3,6,17,23.5,17,15,0,3
135,Tier_3,8,16,26.7,14,20,0,3
136,Tier_3,6,13,21.9,15,15,0,3
137,Tier_3,9,19,24.1,16,22.5,0,3
138,Tier_3,10,14,22.8,13,25,0,3
139,Tier_3,4,12,25,18,10,0,3
140,Tier_3,0,0,20.5,11,0,7000,3
141,Tier_3,0,18,27.5,19,0,1000,3
142,Tier_3,0,15,23.2,15,0,0,3
143,Tier_3,11,28,21.5,17,27.5,0,3
144,Tier_3,0,0,25.9,14,0,3000,3
145,Tier_3,0,13,22,16,0,3000,3
146,Tier_3,22,34,26.3,12,55,0,3
147,Tier_3,2,0,20.9,20,5,0,3
148,Tier_3,18,29,24.8,13,45,0,3
149,Tier_3,3,0,23.9,15,7.5,0,3
150,Tier_3,41,50,28.5,12,102.5,0,3
151,Tier_3,26,0,15.1,15,65,0,3
152,Tier_3,31,15,35.9,10,77.5,0,3
153,Tier_3,46,33,22.3,18,115,0,3
154,Tier_3,45,12,11.7,13,112.5,0,3
155,Tier_3,29,0,41.2,16,72.5,0,3
156,Tier_3,15,0,29.8,14,37.5,0,3
157,Tier_3,4,0,18.5,11,10,0,3
158,Tier_3,34,47,33.1,17,85,0,3
159,Tier_3,30,11,19.4,15,75,0,3
160,Tier_3,29,12,25.7,13,72.5,0,3
161,Tier_3,50,31,48,10,125,0,3
162,Tier_3,51,15,12.9,14,127.5,0,3
163,Tier_3,35,0,30.5,16,87.5,0,3
164,Tier_3,40,16,21.1,11,100,0,3
165,Tier_3,57,32,37.8,15,142.5,0,3
166,Tier_3,345,300,14.3,12,862.5,0,3
167,Tier_3,341,14,26,18,852.5,0,3
168,Tier_3,346,18,31.9,13,865,0,3
169,Tier_3,351,15,17.5,10,877.5,0,3
170,Tier_3,353,17,45.2,15,882.5,0,3
171,Tier_3,339,0,23.8,14,847.5,0,3
172,Tier_3,344,16,34,11,860,0,3
173,Tier_3,353,26,16.8,17,882.5,0,3
174,Tier_3,340,0,29.1,13,850,0,3
175,Tier_3,772,450,24.8,18,1930,0,3
176,Tier_3,757,0,20.1,15,1892.5,0,3
177,Tier_3,735,0,26.5,22,1837.5,0,3
178,Tier_3,1024,300,23.9,11,2560,0,3
179,Tier_3,1005,0,25.3,19,2512.5,0,3
180,Tier_3,1142,150,22.7,13,2855,0,3
181,Tier_3,1117,0,28.1,25,2792.5,0,3
182,Tier_3,1100,0,21.5,17,2750,0,3
183,Tier_3,1090,0,24.2,10,2725,0,3
184,Tier_3,1070,0,26.8,20,2675,0,3
185,Tier_3,1204,150,23.3,16,3010,0,3
186,Tier_3,1485,300,27,19,3712.5,0,3
187,Tier_3,1623,150,21.9,12,4057.5,0,3
188,Tier_3,1749,150,25.5,24,4372.5,0,3
189,Tier_3,1734,0,22.1,15,4335,0,3
190,Tier_3,1870,150,24.5,14,4675,0,3
191,Tier_3,1999,150,26.3,21,4997.5,0,3
192,Tier_3,1989,0,20.8,10,4972.5,0,3
193,Tier_3,2266,300,28.9,23,5665,0,3
194,Tier_3,2249,0,23,17,5622.5,0,3
195,Tier_3,2379,150,25.7,20,5947.5,0,3
196,Tier_3,2528,162,22.3,13,6320,0,3
197,Tier_3,2503,0,26.1,25,6257.5,0,3
198,Tier_3,2487,0,24.7,16,6217.5,0,3
199,Tier_3,2476,0,21.1,11,6190,0,3
200,Tier_3,2539,165,18.5,102,6347.5,0,3
201,Tier_3,2404,0,26.1,135,6010,0,3
202,Tier_3,2308,14,22.9,110,5770,0,3
203,Tier_3,2509,329,24.3,128,6272.5,0,3
204,Tier_3,2442,31,20.5,98,6105,0,3
205,Tier_3,2297,0,25.8,145,5742.5,0,3
206,Tier_3,2317,150,23.1,130,5792.5,0,3
207,Tier_3,2225,13,21.9,105,5562.5,0,3
208,Tier_3,2124,14,28.7,115,5310,0,3
209,Tier_3,2181,179,24,122,5452.5,0,3
210,Tier_3,2041,0,23.5,140,5102.5,0,3
211,Tier_3,1978,32,20.1,95,4945,0,3
212,Tier_3,1860,0,25.2,118,4650,0,3
213,Tier_3,1764,29,22.3,125,4410,0,3
214,Tier_3,1662,30,24.8,132,4155,0,3
215,Tier_3,1704,150,21.5,108,4260,0,3
216,Tier_3,1575,0,26.9,129,3937.5,0,3
217,Tier_3,1468,31,23.8,138,3670,0,3
218,Tier_3,1390,23,20.9,101,3475,0,3
219,Tier_3,1273,0,27.5,117,3182.5,0,3
220,Tier_3,1172,13,22.7,114,2930,0,3
221,Tier_3,1055,16,24.5,133,2637.5,0,3
222,Tier_3,954,19,23.3,120,2385,0,3
223,Tier_3,888,33,21.1,99,2220,0,3
224,Tier_3,756,10,28.1,142,1890,0,3
225,Tier_3,759,15,23.8,12,1897.5,0,3
226,Tier_3,744,0,25.1,15,1860,0,3
227,Tier_3,771,40,22.9,13,1927.5,0,3
228,Tier_3,755,0,24.5,16,1887.5,0,3
229,Tier_3,783,39,23.1,11,1957.5,0,3
230,Tier_3,769,0,25.5,14,1922.5,0,3
231,Tier_3,781,30,22.3,18,1952.5,0,3
232,Tier_3,766,0,24,15,1915,0,3
233,Tier_3,772,16,23.5,10,1930,0,3
234,Tier_3,777,22,25,17,1942.5,0,3
235,Tier_3,783,19,21.9,13,1957.5,0,3
236,Tier_3,767,0,24.8,16,1917.5,0,3
237,Tier_3,799,44,23.2,12,1997.5,0,3
238,Tier_3,785,0,25.3,14,1962.5,0,3
239,Tier_3,804,34,22.7,15,2010,0,3
240,Tier_3,786,0,24.1,18,1965,0,3
241,Tier_3,799,23,23,10,1997.5,0,3
242,Tier_3,788,0,25.8,11,1970,0,3
243,Tier_3,806,33,22.5,15,2015,0,3
244,Tier_3,806,12,24.3,12,2015,0,3
245,Tier_3,823,36,23.3,19,2057.5,0,3
246,Tier_3,809,0,25.2,14,2022.5,0,3
247,Tier_3,817,18,21.5,10,2042.5,0,3
248,Tier_3,804,0,24.7,13,2010,0,3
249,Tier_3,804,16,23.9,16,2010,0,3
250,Tier_3,806,14,23.5,12,2015,0,3
251,Tier_3,805,18,25.1,19,2012.5,0,3
252,Tier_3,841,51,24.8,15,2102.5,0,3
253,Tier_3,843,16,22.9,14,2107.5,0,3
254,Tier_3,825,0,25.5,18,2062.5,0,3
255,Tier_3,814,0,23.1,11,2035,0,3
256,Tier_3,829,32,24,17,2072.5,0,3
257,Tier_3,842,26,25.9,13,2105,0,3
258,Tier_3,826,0,23.3,16,2065,0,3
259,Tier_3,826,15,24.5,15,2065,0,3
260,Tier_3,824,17,22.1,19,2060,0,3
261,Tier_3,832,18,25,10,2080,0,3
262,Tier_3,832,15,23.7,15,2080,0,3
263,Tier_3,830,16,24.2,18,2075,0,3
264,Tier_3,850,32,25.3,12,2125,0,3
265,Tier_3,853,17,23,14,2132.5,0,3
266,Tier_3,836,0,24.7,17,2090,0,3
267,Tier_3,823,0,22.5,13,2057.5,0,3
268,Tier_3,855,48,25.8,16,2137.5,0,3
269,Tier_3,852,12,23.9,15,2130,0,3
270,Tier_3,834,0,24.1,18,2085,0,3
271,Tier_3,838,15,23.2,11,2095,0,3
272,Tier_3,819,0,25.2,19,2047.5,0,3
273,Tier_3,836,31,24.4,14,2090,0,3
274,Tier_3,837,18,22.7,17,2092.5,0,3
275,Tier_3,826,0,23.9,11,2065,0,3
276,Tier_3,841,32,25.1,17,2102.5,0,3
277,Tier_3,840,12,23.5,13,2100,0,3
278,Tier_3,840,16,24.8,16,2100,0,3
279,Tier_3,822,0,22.7,18,2055,0,3
280,Tier_3,840,33,24.1,15,2100,0,3
281,Tier_3,842,13,25.5,11,2105,0,3
282,Tier_3,846,18,23.2,14,2115,0,3
283,Tier_3,853,26,24,19,2132.5,0,3
284,Tier_3,841,0,22.9,12,2102.5,0,3
285,Tier_3,826,0,23.7,15,2065,0,3
286,Tier_3,839,31,25,18,2097.5,0,3
287,Tier_3,842,16,24.5,13,2105,0,3
288,Tier_3,840,15,23,17,2100,0,3
289,Tier_3,850,25,25.2,15,2125,0,3
290,Tier_3,840,0,22.1,10,2100,0,3
291,Tier_3,843,19,24.3,16,2107.5,0,3
292,Tier_3,829,0,23.8,14,2072.5,0,3
293,Tier_3,835,17,25.8,11,2087.5,0,3
294,Tier_3,864,47,24.7,18,2160,0,3
295,Tier_3,852,0,23.1,12,2130,0,3
296,Tier_3,833,0,25.3,19,2082.5,0,3
297,Tier_3,862,44,22.5,15,2155,0,3
298,Tier_3,849,0,24.9,13,2122.5,0,3
299,Tier_3,850,18,23.4,17,2125,0,3
300,Tier_3,834,0,23.1,16,2085,0,3
301,Tier_3,849,27,25.5,12,2122.5,0,3
302,Tier_3,848,14,22.9,15,2120,0,3
303,Tier_3,848,19,24,19,2120,0,3
304,Tier_3,854,17,23.3,11,2135,0,3
305,Tier_3,856,16,26.1,14,2140,0,3
306,Tier_3,838,0,21.8,18,2095,0,3
307,Tier_3,871,46,24.5,13,2177.5,0,3
308,Tier_3,851,0,22,20,2127.5,0,3
309,Tier_3,845,11,25.9,17,2112.5,0,3
310,Tier_3,830,0,23.5,15,2075,0,3
311,Tier_3,862,51,24.8,19,2155,0,3
312,Tier_3,862,12,21.1,12,2155,0,3
313,Tier_3,846,0,25,16,2115,0,3
314,Tier_3,845,16,22.5,17,2112.5,0,3
315,Tier_3,851,19,23.7,13,2127.5,0,3
316,Tier_3,851,15,26.3,15,2127.5,0,3
317,Tier_3,833,0,21.5,18,2082.5,0,3
318,Tier_3,833,14,24.2,14,2082.5,0,3
319,Tier_3,863,46,23,16,2157.5,0,3
320,Tier_3,842,0,25.1,21,2105,0,3
321,Tier_3,849,18,22.8,11,2122.5,0,3
322,Tier_3,849,15,24.7,15,2122.5,0,3
323,Tier_3,856,25,23.9,18,2140,0,3
324,Tier_3,839,0,25.3,17,2097.5,0,3
325,Tier_3,738,11,23.5,112,1845,0,3
326,Tier_3,603,0,24.1,135,1507.5,0,3
327,Tier_3,549,47,25.8,101,1372.5,0,3
328,Tier_3,476,15,22.9,88,1190,0,3
329,Tier_3,334,0,23.1,142,835,0,3
330,Tier_3,258,19,24.5,95,645,0,3
331,Tier_3,167,29,21.7,120,417.5,0,3
332,Tier_3,37,0,25.2,130,92.5,0,3
333,Tier_3,0,13,23.8,105,0,55000,3
334,Tier_3,0,10,24.9,118,0,108000,3
335,Tier_3,0,14,22.1,99,0,85000,3
336,Tier_3,0,34,23.3,125,0,91000,3
337,Tier_3,0,0,25.5,145,0,145000,3
338,Tier_3,0,15,24,108,0,93000,3
339,Tier_3,0,28,23,80,0,52000,3
340,Tier_3,0,0,22.5,115,0,115000,3
341,Tier_3,0,0,25,133,0,133000,3
342,Tier_3,0,41,23.9,122,0,81000,3
343,Tier_3,0,0,24.3,90,0,90000,3
344,Tier_3,0,10,22.7,110,0,100000,3
345,Tier_3,0,19,25.1,103,0,84000,3
346,Tier_3,0,0,23.4,128,0,128000,3
347,Tier_3,0,29,24.8,138,0,109000,3
348,Tier_3,0,0,22.3,97,0,97000,3
349,Tier_3,0,32,23.6,117,0,85000,3
350,Tier_3,122,0,25.1,128,305,0,4
351,Tier_3,21,0,22.5,101,52.5,0,4
352,Tier_3,0,0,24.8,145,0,124000,4
353,Tier_3,0,0,26.3,98,0,98000,4
354,Tier_3,0,0,23.1,115,0,115000,4
355,Tier_3,0,0,24,130,0,130000,4
356,Tier_3,0,0,25.5,122,0,122000,4
357,Tier_3,0,0,22.9,149,0,149000,4
358,Tier_3,0,0,24.5,105,0,105000,4
359,Tier_3,0,0,23.8,118,0,118000,4
360,Tier_3,0,0,26.1,135,0,135000,4
361,Tier_3,0,0,24.2,129,0,129000,4
362,Tier_3,0,0,25.8,90,0,90000,4
363,Tier_3,0,0,23.5,107,0,107000,4
364,Tier_3,0,0,24.9,133,0,133000,4
365,Tier_3,0,0,22.1,110,0,110000,4
366,Tier_3,0,0,25,140,0,140000,4
367,Tier_3,0,0,23.3,120,0,120000,4
368,Tier_3,0,0,24.7,112,0,112000,4
369,Tier_3,0,0,26,138,0,138000,4
370,Tier_3,0,0,23.9,95,0,95000,4
371,Tier_3,0,0,25.3,117,0,117000,4
372,Tier_3,0,0,22.8,125,0,125000,4
373,Tier_3,0,15,24.1,103,0,88000,4
374,Tier_3,0,0,23.6,124,0,124000,4
375,Tier_3,236,0,23.5,14,590,0,5
376,Tier_3,221,0,25.1,15,552.5,0,5
377,Tier_3,205,0,22.9,16,512.5,0,5
378,Tier_3,192,0,24.3,13,480,0,5
379,Tier_3,177,0,21.8,15,442.5,0,5
380,Tier_3,163,0,26,14,407.5,0,5
381,Tier_3,146,0,23.1,17,365,0,5
382,Tier_3,131,0,24.5,15,327.5,0,5
383,Tier_3,119,0,22.2,12,297.5,0,5
384,Tier_3,103,0,25.5,16,257.5,0,5
385,Tier_3,90,0,23.8,13,225,0,5
386,Tier_3,75,0,21,15,187.5,0,5
387,Tier_3,61,0,24.9,14,152.5,0,5
388,Tier_3,43,0,22.5,18,107.5,0,5
389,Tier_3,28,0,25.3,15,70,0,5
390,Tier_3,17,0,23.3,11,42.5,0,5
391,Tier_3,1,0,21.5,16,2.5,0,5
392,Tier_3,0,0,24.1,14,0,13000,5
393,Tier_3,0,0,26.2,17,0,17000,5
394,Tier_3,0,0,22.7,13,0,13000,5
395,Tier_3,0,0,23.9,18,0,18000,5
396,Tier_3,0,0,25.8,15,0,15000,5
397,Tier_3,0,0,21.9,12,0,12000,5
398,Tier_3,0,0,24.7,16,0,16000,5
399,Tier_3,5,16,23,11,12.5,0,5
400,Tier_3,7,14,23.7,12,17.5,0,5
401,Tier_3,23,35,25.1,19,57.5,0,5
402,Tier_3,27,15,22.9,11,67.5,0,5
403,Tier_3,12,0,24.5,15,30,0,5
404,Tier_3,14,19,23.1,17,35,0,5
405,Tier_3,15,15,25.8,14,37.5,0,5
406,Tier_3,26,29,22.3,18,65,0,5
407,Tier_3,28,17,24.1,15,70,0,5
408,Tier_3,12,0,23.5,16,30,0,5
409,Tier_3,13,14,25.5,13,32.5,0,5
410,Tier_3,30,37,22.7,20,75,0,5
411,Tier_3,18,0,23.9,12,45,0,5
412,Tier_3,19,15,24.9,14,47.5,0,5
413,Tier_3,32,30,25.3,17,80,0,5
414,Tier_3,33,16,22.1,15,82.5,0,5
415,Tier_3,15,0,23.3,18,37.5,0,5
416,Tier_3,14,15,24.7,16,35,0,5
417,Tier_3,15,14,25.9,13,37.5,0,5
418,Tier_3,0,0,22.5,19,0,4000,5
419,Tier_3,41,52,23.1,11,102.5,0,5
420,Tier_3,26,0,24.1,15,65,0,5
421,Tier_3,12,0,25.1,14,30,0,5
422,Tier_3,23,29,22.9,18,57.5,0,5
423,Tier_3,23,17,23.5,17,57.5,0,5
424,Tier_3,25,18,24.3,16,62.5,0,5
425,Tier_3,34,21,25.1,12,85,0,5
426,Tier_3,32,15,23.9,17,80,0,5
427,Tier_3,46,28,25.5,14,115,0,5
428,Tier_3,40,13,22.8,19,100,0,5
429,Tier_3,25,0,24,15,62.5,0,5
430,Tier_3,12,0,23.1,13,30,0,5
431,Tier_3,30,36,24.7,18,75,0,5
432,Tier_3,28,14,25.3,16,70,0,5
433,Tier_3,35,18,23.5,11,87.5,0,5
434,Tier_3,16,0,24.1,19,40,0,5
435,Tier_3,27,26,22.9,15,67.5,0,5
436,Tier_3,27,12,25,12,67.5,0,5
437,Tier_3,26,16,23.8,17,65,0,5
438,Tier_3,48,36,24.5,14,120,0,5
439,Tier_3,30,0,25.2,18,75,0,5
440,Tier_3,32,18,23.3,16,80,0,5
441,Tier_3,33,14,24.8,13,82.5,0,5
442,Tier_3,27,13,22.7,19,67.5,0,5
443,Tier_3,27,15,25.6,15,67.5,0,5
444,Tier_3,26,16,23,17,65,0,5
445,Tier_3,27,15,24.3,14,67.5,0,5
446,Tier_3,33,17,25.1,11,82.5,0,5
447,Tier_3,33,19,22.5,19,82.5,0,5
448,Tier_3,30,12,24.9,15,75,0,5
449,Tier_3,17,0,23.2,13,42.5,0,5
450,Tier_3,40,33,25.3,10,100,0,5
451,Tier_3,36,11,20.1,15,90,0,5
452,Tier_3,18,0,26.8,18,45,0,5
453,Tier_3,61,56,23.5,13,152.5,0,5
454,Tier_3,44,0,24.9,17,110,0,5
455,Tier_3,33,0,25.7,11,82.5,0,5
456,Tier_3,30,13,22,16,75,0,5
457,Tier_3,49,39,27.1,20,122.5,0,5
458,Tier_3,66,29,23.3,12,165,0,5
459,Tier_3,51,0,24,15,127.5,0,5
460,Tier_3,37,0,25.5,14,92.5,0,5
461,Tier_3,50,34,21.8,21,125,0,5
462,Tier_3,51,20,26,19,127.5,0,5
463,Tier_3,58,17,22.5,10,145,0,5
464,Tier_3,54,12,24.1,16,135,0,5
465,Tier_3,47,15,27.5,22,117.5,0,5
466,Tier_3,53,19,23,13,132.5,0,5
467,Tier_3,59,21,25.2,15,147.5,0,5
468,Tier_3,39,0,21.5,20,97.5,0,5
469,Tier_3,72,45,24.5,12,180,0,5
470,Tier_3,55,0,26.3,17,137.5,0,5
471,Tier_3,71,27,23.8,11,177.5,0,5
472,Tier_3,71,15,25,15,177.5,0,5
473,Tier_3,65,17,22.8,23,162.5,0,5
474,Tier_3,51,0,24.7,14,127.5,0,5
475,Tier_3,52,18,25.1,17,130,0,5
476,Tier_3,39,0,23.8,13,97.5,0,5
477,Tier_3,35,15,24.5,19,87.5,0,5
478,Tier_3,38,17,22.9,14,95,0,5
479,Tier_3,63,41,26,16,157.5,0,5
480,Tier_3,52,0,23.1,11,130,0,5
481,Tier_3,55,23,25.5,20,137.5,0,5
482,Tier_3,40,0,21.5,15,100,0,5
483,Tier_3,65,37,24,12,162.5,0,5
484,Tier_3,68,21,27.2,18,170,0,5
485,Tier_3,65,12,22.8,15,162.5,0,5
486,Tier_3,68,16,24.9,13,170,0,5
487,Tier_3,51,0,23.5,17,127.5,0,5
488,Tier_3,68,33,25.8,16,170,0,5
489,Tier_3,69,11,21.1,10,172.5,0,5
490,Tier_3,72,22,26.5,19,180,0,5
491,Tier_3,58,0,23,14,145,0,5
492,Tier_3,60,17,24.1,15,150,0,5
493,Tier_3,76,34,22.3,18,190,0,5
494,Tier_3,59,0,25,17,147.5,0,5
495,Tier_3,61,13,23.3,11,152.5,0,5
496,Tier_3,86,40,24.7,15,215,0,5
497,Tier_3,89,16,26.1,13,222.5,0,5
498,Tier_3,70,0,22.5,19,175,0,5
499,Tier_3,69,15,25.2,16,172.5,0,5
500,Tier_3,87,30,23.1,12,217.5,0,5
501,Tier_3,94,26,25.5,19,235,0,5
502,Tier_3,79,0,22.8,15,197.5,0,5
503,Tier_3,74,13,24.1,18,185,0,5
504,Tier_3,78,14,26.3,10,195,0,5
505,Tier_3,76,19,23.5,21,190,0,5
506,Tier_3,60,0,25.9,16,150,0,5
507,Tier_3,79,33,24.8,14,197.5,0,5
508,Tier_3,72,15,23.2,22,180,0,5
509,Tier_3,55,0,25.1,17,137.5,0,5
510,Tier_3,53,11,24.5,13,132.5,0,5
511,Tier_3,74,40,26.1,19,185,0,5
512,Tier_3,58,0,23.9,16,145,0,5
513,Tier_3,38,0,25,20,95,0,5
514,Tier_3,50,27,22.5,15,125,0,5
515,Tier_3,46,19,24.7,23,115,0,5
516,Tier_3,60,32,23.3,18,150,0,5
517,Tier_3,48,0,25.8,12,120,0,5
518,Tier_3,41,10,24,17,102.5,0,5
519,Tier_3,41,16,26.5,16,102.5,0,5
520,Tier_3,40,18,23.6,19,100,0,5
521,Tier_3,43,14,25.2,11,107.5,0,5
522,Tier_3,22,0,24.3,21,55,0,5
523,Tier_3,35,28,23,15,87.5,0,5
524,Tier_3,32,15,25.7,18,80,0,5
525,Tier_3,29,14,23.5,17,72.5,0,5
526,Tier_3,15,0,25.1,14,37.5,0,5
527,Tier_3,29,33,22.8,19,72.5,0,5
528,Tier_3,14,0,24.9,15,35,0,5
529,Tier_3,20,19,23.3,13,50,0,5
530,Tier_3,10,11,21.5,21,25,0,5
531,Tier_3,14,20,25.5,16,35,0,5
532,Tier_3,26,30,22.1,18,65,0,5
533,Tier_3,14,0,24,12,35,0,5
534,Tier_3,27,28,23.7,15,67.5,0,5
535,Tier_3,8,0,21.9,19,20,0,5
536,Tier_3,23,29,25.3,14,57.5,0,5
537,Tier_3,24,18,23,17,60,0,5
538,Tier_3,28,17,24.5,13,70,0,5
539,Tier_3,24,16,22.5,20,60,0,5
540,Tier_3,27,19,23.1,16,67.5,0,5
541,Tier_3,5,0,21.1,22,12.5,0,5
542,Tier_3,13,18,25,10,32.5,0,5
543,Tier_3,11,13,22.9,15,27.5,0,5
544,Tier_3,10,17,24.2,18,25,0,5
545,Tier_3,4,15,23.8,21,10,0,5
546,Tier_3,35,45,21.7,14,87.5,0,5
547,Tier_3,24,0,25.8,11,60,0,5
548,Tier_3,5,0,23.5,19,12.5,0,5
549,Tier_3,1,12,24.1,16,2.5,0,5
550,Tier_3,0,31,22.7,131,0,99000,5
551,Tier_3,0,18,25.1,109,0,91000,5
552,Tier_3,0,35,21.9,123,0,88000,5
553,Tier_3,0,11,24.5,145,0,134000,5
554,Tier_3,0,17,20.3,118,0,101000,5
555,Tier_3,0,0,23.8,127,0,127000,5
556,Tier_3,0,0,26.5,103,0,103000,5
557,Tier_3,0,45,22.1,135,0,90000,5
558,Tier_3,0,15,24.9,112,0,97000,5
559,Tier_3,0,0,21.5,105,0,105000,5
560,Tier_3,0,16,23.3,139,0,123000,5
561,Tier_3,0,29,25.8,121,0,92000,5
562,Tier_3,0,33,20.9,98,0,65000,5
563,Tier_3,0,15,22.9,115,0,100000,5
564,Tier_3,0,0,24.1,140,0,140000,5
565,Tier_3,0,0,21.2,107,0,107000,5
566,Tier_3,0,13,23.5,129,0,116000,5
567,Tier_3,0,11,25.5,133,0,122000,5
568,Tier_3,0,31,22.6,116,0,85000,5
569,Tier_3,0,18,20.1,101,0,83000,5
570,Tier_3,0,0,23.1,125,0,125000,5
571,Tier_3,0,0,26.3,148,0,148000,5
572,Tier_3,0,17,24.7,124,0,107000,5
573,Tier_3,0,38,21.8,119,0,81000,5
574,Tier_3,0,25,22.3,130,0,105000,5
575,Tier_3,236,0,24.1,14,590,0,6
576,Tier_3,219,0,23.5,17,547.5,0,6
577,Tier_3,207,0,25.8,12,517.5,0,6
578,Tier_3,192,0,22.9,15,480,0,6
579,Tier_3,173,0,24.5,19,432.5,0,6
580,Tier_3,159,0,23.1,14,397.5,0,6
581,Tier_3,143,0,24.9,16,357.5,0,6
582,Tier_3,130,0,25.2,13,325,0,6
583,Tier_3,113,0,23.8,17,282.5,0,6
584,Tier_3,98,0,24,15,245,0,6
585,Tier_3,80,0,25.5,18,200,0,6
586,Tier_3,67,0,22.7,13,167.5,0,6
587,Tier_3,51,0,24.3,16,127.5,0,6
588,Tier_3,32,0,23.3,19,80,0,6
589,Tier_3,18,0,25,14,45,0,6
590,Tier_3,1,0,23.6,17,2.5,0,6
591,Tier_3,0,0,24.7,15,0,14000,6
592,Tier_3,0,0,25.1,12,0,12000,6
593,Tier_3,0,0,22.3,16,0,16000,6
594,Tier_3,0,0,24.8,18,0,18000,6
595,Tier_3,0,0,23.9,13,0,13000,6
596,Tier_3,0,0,25.3,14,0,14000,6
597,Tier_3,0,0,24.1,15,0,15000,6
598,Tier_3,0,0,23.4,17,0,17000,6
599,Tier_3,0,18,25.6,19,0,1000,6
600,Tier_3,239,0,24.1,11,597.5,0,7
601,Tier_3,224,0,23.5,15,560,0,7
602,Tier_3,212,0,25.8,12,530,0,7
603,Tier_3,195,0,22.9,17,487.5,0,7
604,Tier_3,186,0,24.5,9,465,0,7
605,Tier_3,173,0,23.1,13,432.5,0,7
606,Tier_3,155,0,25,18,387.5,0,7
607,Tier_3,145,0,24.2,10,362.5,0,7
608,Tier_3,130,0,23.8,15,325,0,7
609,Tier_3,114,0,25.5,16,285,0,7
610,Tier_3,103,0,22,11,257.5,0,7
611,Tier_3,84,0,24.9,19,210,0,7
612,Tier_3,70,0,23.3,14,175,0,7
613,Tier_3,55,0,25.1,15,137.5,0,7
614,Tier_3,38,0,24,17,95,0,7
615,Tier_3,28,0,23.7,10,70,0,7
616,Tier_3,15,0,25.3,13,37.5,0,7
617,Tier_3,0,0,22.5,15,0,0,7
618,Tier_3,0,0,24.8,16,0,16000,7
619,Tier_3,0,0,23,11,0,11000,7
620,Tier_3,0,0,25.6,14,0,14000,7
621,Tier_3,0,0,24.3,17,0,17000,7
622,Tier_3,0,0,23.9,12,0,12000,7
623,Tier_3,0,0,25.2,15,0,15000,7
624,Tier_3,0,17,22.8,18,0,1000,7
625,Tier_3,232,0,24.3,18,580,0,8
626,Tier_3,218,0,25.1,14,545,0,8
627,Tier_3,206,0,23.8,12,515,0,8
628,Tier_3,189,0,25.5,17,472.5,0,8
629,Tier_3,179,0,22.9,10,447.5,0,8
630,Tier_3,164,0,24,15,410,0,8
631,Tier_3,151,0,23.1,13,377.5,0,8
632,Tier_3,140,0,25.9,11,350,0,8
633,Tier_3,124,0,22.5,16,310,0,8
634,Tier_3,110,0,24.7,14,275,0,8
635,Tier_3,92,0,23.3,18,230,0,8
636,Tier_3,80,0,25.2,12,200,0,8
637,Tier_3,65,0,24.5,15,162.5,0,8
638,Tier_3,52,0,23,13,130,0,8
639,Tier_3,33,0,25.8,19,82.5,0,8
640,Tier_3,23,0,22.1,10,57.5,0,8
641,Tier_3,7,0,24.9,16,17.5,0,8
642,Tier_3,0,0,23.5,14,0,7000,8
643,Tier_3,0,0,25,9,0,9000,8
644,Tier_3,0,0,24.2,15,0,15000,8
645,Tier_3,0,0,23.7,17,0,17000,8
646,Tier_3,0,0,25.3,11,0,11000,8
647,Tier_3,0,0,22.8,19,0,19000,8
648,Tier_3,0,0,24.1,12,0,12000,8
649,Tier_3,3,16,23.9,13,7.5,0,8
650,Tier_3,0,0,25.1,14,0,11000,8
651,Tier_3,18,29,22.9,11,45,0,8
652,Tier_3,14,12,25.5,16,35,0,8
653,Tier_3,4,0,21.8,10,10,0,8
654,Tier_3,31,46,23.3,19,77.5,0,8
655,Tier_3,31,13,24,13,77.5,0,8
656,Tier_3,16,0,26.1,15,40,0,8
657,Tier_3,4,0,22.5,12,10,0,8
658,Tier_3,15,29,23.8,18,37.5,0,8
659,Tier_3,21,15,25,9,52.5,0,8
660,Tier_3,7,0,21.1,14,17.5,0,8
661,Tier_3,32,41,24.5,16,80,0,8
662,Tier_3,31,12,23,13,77.5,0,8
663,Tier_3,16,0,26.5,15,40,0,8
664,Tier_3,5,0,22.1,11,12.5,0,8
665,Tier_3,6,18,24.2,17,15,0,8
666,Tier_3,28,32,25.8,10,70,0,8
667,Tier_3,14,0,23.5,14,35,0,8
668,Tier_3,25,23,21.5,12,62.5,0,8
669,Tier_3,25,16,24.8,16,62.5,0,8
670,Tier_3,25,18,23.1,18,62.5,0,8
671,Tier_3,28,14,25.3,11,70,0,8
672,Tier_3,24,11,22.7,15,60,0,8
673,Tier_3,26,15,24.7,13,65,0,8
674,Tier_3,29,17,23.9,14,72.5,0,8
675,Tier_3,36,25,24.7,18,90,0,8
676,Tier_3,21,0,18.5,15,52.5,0,8
677,Tier_3,26,18,27.1,13,65,0,8
678,Tier_3,24,15,21.3,17,60,0,8
679,Tier_3,30,25,24.9,19,75,0,8
680,Tier_3,18,0,22.8,12,45,0,8
681,Tier_3,17,15,23.5,16,42.5,0,8
682,Tier_3,34,35,20.1,18,85,0,8
683,Tier_3,13,0,26.3,21,32.5,0,8
684,Tier_3,8,10,24,15,20,0,8
685,Tier_3,9,29,23.1,28,22.5,0,8
686,Tier_3,9,14,20.5,14,22.5,0,8
687,Tier_3,0,0,25.8,17,0,8000,8
688,Tier_3,0,0,21.9,19,0,19000,8
689,Tier_3,14,34,24.2,20,35,0,8
690,Tier_3,4,13,22.6,23,10,0,8
691,Tier_3,3,15,26.9,16,7.5,0,8
692,Tier_3,1,11,23.3,13,2.5,0,8
693,Tier_3,2,19,20.9,18,5,0,8
694,Tier_3,8,28,25.5,22,20,0,8
695,Tier_3,9,16,21.1,15,22.5,0,8
696,Tier_3,4,12,24.5,17,10,0,8
697,Tier_3,0,0,22.2,24,0,20000,8
698,Tier_3,10,29,27.8,19,25,0,8
699,Tier_3,9,15,23.9,16,22.5,0,8
700,Tier_3,13,16,24.5,12,32.5,0,8
701,Tier_3,0,0,21.8,19,0,6000,8
702,Tier_3,2,17,28.1,15,5,0,8
703,Tier_3,0,10,23.3,17,0,5000,8
704,Tier_3,24,40,25.9,16,60,0,8
705,Tier_3,17,14,20.5,21,42.5,0,8
706,Tier_3,20,16,27,13,50,0,8
707,Tier_3,2,0,22.6,18,5,0,8
708,Tier_3,25,38,24.1,15,62.5,0,8
709,Tier_3,30,19,26.8,14,75,0,8
710,Tier_3,25,14,21,19,62.5,0,8
711,Tier_3,14,0,23.5,11,35,0,8
712,Tier_3,0,0,25.2,16,0,2000,8
713,Tier_3,36,49,27.9,13,90,0,8
714,Tier_3,38,17,22.1,15,95,0,8
715,Tier_3,32,12,24.8,18,80,0,8
716,Tier_3,26,14,20.3,20,65,0,8
717,Tier_3,14,0,23,12,35,0,8
718,Tier_3,12,15,25.5,17,30,0,8
719,Tier_3,19,21,21.5,14,47.5,0,8
720,Tier_3,41,37,26.3,15,102.5,0,8
721,Tier_3,23,0,23.8,18,57.5,0,8
722,Tier_3,7,0,24,16,17.5,0,8
723,Tier_3,22,28,22.9,13,55,0,8
724,Tier_3,21,18,25.1,19,52.5,0,8
725,Tier_3,30,22,24.1,13,75,0,8
726,Tier_3,46,34,23.5,18,115,0,8
727,Tier_3,35,0,25.8,11,87.5,0,8
728,Tier_3,20,0,22.9,15,50,0,8
729,Tier_3,1,0,24.5,19,2.5,0,8
730,Tier_3,23,38,23.1,16,57.5,0,8
731,Tier_3,33,20,26,10,82.5,0,8
732,Tier_3,36,17,24.8,14,90,0,8
733,Tier_3,35,16,22.3,17,87.5,0,8
734,Tier_3,23,0,25.1,12,57.5,0,8
735,Tier_3,20,12,23.8,15,50,0,8
736,Tier_3,60,53,24,13,150,0,8
737,Tier_3,59,18,25.5,19,147.5,0,8
738,Tier_3,43,0,22.7,16,107.5,0,8
739,Tier_3,29,0,23.3,14,72.5,0,8
740,Tier_3,46,28,26.2,11,115,0,8
741,Tier_3,62,33,24.9,17,155,0,8
742,Tier_3,47,0,23,15,117.5,0,8
743,Tier_3,37,0,25.3,10,92.5,0,8
744,Tier_3,40,16,22.1,13,100,0,8
745,Tier_3,39,17,24.2,18,97.5,0,8
746,Tier_3,70,47,23.6,16,175,0,8
747,Tier_3,58,0,26.5,12,145,0,8
748,Tier_3,43,0,24.7,15,107.5,0,8
749,Tier_3,56,32,22.8,19,140,0,8
750,Tier_3,58,14,23.8,12,145,0,8
751,Tier_3,55,12,25.1,15,137.5,0,8
752,Tier_3,45,0,22.9,10,112.5,0,8
753,Tier_3,79,50,24.5,16,197.5,0,8
754,Tier_3,65,0,21.7,14,162.5,0,8
755,Tier_3,70,16,23.3,11,175,0,8
756,Tier_3,52,0,25.8,18,130,0,8
757,Tier_3,75,32,22.1,9,187.5,0,8
758,Tier_3,62,0,24.9,13,155,0,8
759,Tier_3,76,29,23.5,15,190,0,8
760,Tier_3,78,14,25.5,12,195,0,8
761,Tier_3,77,15,21.1,16,192.5,0,8
762,Tier_3,86,19,23,10,215,0,8
763,Tier_3,86,17,24,17,215,0,8
764,Tier_3,75,0,22.5,11,187.5,0,8
765,Tier_3,79,18,23.1,14,197.5,0,8
766,Tier_3,106,46,25.9,19,265,0,8
767,Tier_3,98,0,21.5,8,245,0,8
768,Tier_3,97,12,24.1,13,242.5,0,8
769,Tier_3,102,15,23.7,10,255,0,8
770,Tier_3,106,19,25,15,265,0,8
771,Tier_3,90,0,22.8,16,225,0,8
772,Tier_3,96,18,23.4,12,240,0,8
773,Tier_3,109,30,24.7,17,272.5,0,8
774,Tier_3,114,14,21.9,9,285,0,8
775,Tier_3,2,11,25.1,123,5,0,8
776,Tier_3,0,37,24.8,145,0,106000,8
777,Tier_3,0,15,22.5,101,0,86000,8
778,Tier_3,0,13,26,133,0,120000,8
779,Tier_3,0,10,23.2,118,0,108000,8
780,Tier_3,0,0,25.5,140,0,140000,8
781,Tier_3,0,0,24.1,129,0,129000,8
782,Tier_3,0,31,22.9,135,0,104000,8
783,Tier_3,0,29,25.3,105,0,76000,8
784,Tier_3,0,0,23.5,148,0,148000,8
785,Tier_3,0,11,24.9,115,0,104000,8
786,Tier_3,0,27,26.2,122,0,95000,8
787,Tier_3,0,18,22.7,138,0,120000,8
788,Tier_3,0,16,25.8,109,0,93000,8
789,Tier_3,0,10,23.9,142,0,132000,8
790,Tier_3,0,0,24.5,117,0,117000,8
791,Tier_3,0,0,25,125,0,125000,8
792,Tier_3,0,31,23.1,130,0,99000,8
793,Tier_3,0,12,26.5,110,0,98000,8
794,Tier_3,0,18,24.3,147,0,129000,8
795,Tier_3,0,28,22.1,120,0,92000,8
796,Tier_3,0,11,25.9,132,0,121000,8
797,Tier_3,0,0,23.8,103,0,103000,8
798,Tier_3,0,16,26.8,144,0,128000,8
799,Tier_3,0,19,24,127,0,108000,8
800,Tier_3,236,0,23.5,14,590,0,9
801,Tier_3,219,0,25.1,17,547.5,0,9
802,Tier_3,208,0,23.9,11,520,0,9
803,Tier_3,192,0,24.5,16,480,0,9
804,Tier_3,179,0,22.8,13,447.5,0,9
805,Tier_3,164,0,25.9,15,410,0,9
806,Tier_3,154,0,23.1,10,385,0,9
807,Tier_3,136,0,24.2,18,340,0,9
808,Tier_3,122,0,22.5,14,305,0,9
809,Tier_3,103,0,25.5,19,257.5,0,9
810,Tier_3,87,0,23.3,16,217.5,0,9
811,Tier_3,75,0,24.8,12,187.5,0,9
812,Tier_3,62,0,22.9,13,155,0,9
813,Tier_3,47,0,25.3,15,117.5,0,9
814,Tier_3,36,0,23.7,11,90,0,9
815,Tier_3,19,0,24.1,17,47.5,0,9
816,Tier_3,5,0,23,14,12.5,0,9
817,Tier_3,0,0,25.2,18,0,13000,9
818,Tier_3,0,0,22.1,10,0,10000,9
819,Tier_3,0,0,24.6,16,0,16000,9
820,Tier_3,0,0,23.8,12,0,12000,9
821,Tier_3,0,0,25.7,19,0,19000,9
822,Tier_3,0,0,24.3,13,0,13000,9
823,Tier_3,0,0,23.2,15,0,15000,9
824,Tier_3,5,16,25,11,12.5,0,9
825,Tier_3,0,0,23.8,16,0,11000,9
826,Tier_3,18,30,25.1,12,45,0,9
827,Tier_3,35,34,22.5,17,87.5,0,9
828,Tier_3,21,0,24.9,14,52.5,0,9
829,Tier_3,21,11,23.3,11,52.5,0,9
830,Tier_3,19,13,25.5,15,47.5,0,9
831,Tier_3,32,31,22.8,18,80,0,9
832,Tier_3,19,0,24.1,13,47.5,0,9
833,Tier_3,21,18,23.9,16,52.5,0,9
834,Tier_3,7,0,25,14,17.5,0,9
835,Tier_3,18,28,22.1,17,45,0,9
836,Tier_3,21,15,24.5,12,52.5,0,9
837,Tier_3,6,0,23,15,15,0,9
838,Tier_3,24,31,25.3,13,60,0,9
839,Tier_3,38,32,22.9,18,95,0,9
840,Tier_3,42,15,24.7,11,105,0,9
841,Tier_3,26,0,23.5,16,65,0,9
842,Tier_3,28,16,25.8,14,70,0,9
843,Tier_3,13,0,23.1,15,32.5,0,9
844,Tier_3,25,29,24.2,17,62.5,0,9
845,Tier_3,12,0,22.6,13,30,0,9
846,Tier_3,33,33,25.4,12,82.5,0,9
847,Tier_3,32,17,23.7,18,80,0,9
848,Tier_3,17,0,24,15,42.5,0,9
849,Tier_3,43,42,22.3,16,107.5,0,9
850,Tier_3,30,0,22.5,13,75,0,9
851,Tier_3,30,15,26.1,15,75,0,9
852,Tier_3,32,13,21.9,11,80,0,9
853,Tier_3,31,16,25.3,17,77.5,0,9
854,Tier_3,33,14,23.8,12,82.5,0,9
855,Tier_3,17,0,24.5,16,42.5,0,9
856,Tier_3,39,36,20.7,14,97.5,0,9
857,Tier_3,50,29,28.9,18,125,0,9
858,Tier_3,37,0,22.1,13,92.5,0,9
859,Tier_3,37,15,24,15,92.5,0,9
860,Tier_3,56,29,21.5,10,140,0,9
861,Tier_3,37,0,26.8,19,92.5,0,9
862,Tier_3,38,17,23.2,16,95,0,9
863,Tier_3,38,14,20.1,14,95,0,9
864,Tier_3,27,0,25.5,11,67.5,0,9
865,Tier_3,44,34,22.9,17,110,0,9
866,Tier_3,47,16,23.5,13,117.5,0,9
867,Tier_3,29,0,21,18,72.5,0,9
868,Tier_3,60,43,27.4,12,150,0,9
869,Tier_3,45,0,24.1,15,112.5,0,9
870,Tier_3,26,0,20.3,19,65,0,9
871,Tier_3,55,43,25.9,14,137.5,0,9
872,Tier_3,69,30,22.7,16,172.5,0,9
873,Tier_3,58,0,23,11,145,0,9
874,Tier_3,56,15,26.3,17,140,0,9
875,Tier_3,44,0,23.8,12,110,0,9
876,Tier_3,25,0,25.1,19,62.5,0,9
877,Tier_3,41,31,22.5,15,102.5,0,9
878,Tier_3,61,31,24.9,11,152.5,0,9
879,Tier_3,62,19,23.1,18,155,0,9
880,Tier_3,64,15,25.5,13,160,0,9
881,Tier_3,48,0,22.8,16,120,0,9
882,Tier_3,48,14,24,14,120,0,9
883,Tier_3,65,34,23.5,17,162.5,0,9
884,Tier_3,53,0,25.2,12,132.5,0,9
885,Tier_3,49,15,22.1,19,122.5,0,9
886,Tier_3,50,16,24.5,15,125,0,9
887,Tier_3,36,0,23.3,14,90,0,9
888,Tier_3,72,54,25.8,18,180,0,9
889,Tier_3,59,0,22.9,13,147.5,0,9
890,Tier_3,88,45,24.1,16,220,0,9
891,Tier_3,71,0,23,17,177.5,0,9
892,Tier_3,60,0,25,11,150,0,9
893,Tier_3,57,16,22.7,19,142.5,0,9
894,Tier_3,42,0,24.3,15,105,0,9
895,Tier_3,62,32,23.5,12,155,0,9
896,Tier_3,57,13,25.3,18,142.5,0,9
897,Tier_3,59,15,22.3,13,147.5,0,9
898,Tier_3,42,0,24.8,17,105,0,9
899,Tier_3,62,34,23.9,14,155,0,9
900,Tier_3,62,14,26.1,14,155,0,9
901,Tier_3,57,14,19.5,19,142.5,0,9
902,Tier_3,55,11,22.8,13,137.5,0,9
903,Tier_3,59,20,25,16,147.5,0,9
904,Tier_3,67,19,23.3,11,167.5,0,9
905,Tier_3,49,0,24.5,18,122.5,0,9
906,Tier_3,64,30,21.1,15,160,0,9
907,Tier_3,78,31,28.9,17,195,0,9
908,Tier_3,66,0,20.5,12,165,0,9
909,Tier_3,69,18,25.5,15,172.5,0,9
910,Tier_3,84,29,22,14,210,0,9
911,Tier_3,66,0,24.1,18,165,0,9
912,Tier_3,74,21,21.8,13,185,0,9
913,Tier_3,58,0,26.7,16,145,0,9
914,Tier_3,86,47,23.9,19,215,0,9
915,Tier_3,71,0,20.1,15,177.5,0,9
916,Tier_3,67,13,25.3,17,167.5,0,9
917,Tier_3,66,10,22.5,11,165,0,9
918,Tier_3,69,17,24.8,14,172.5,0,9
919,Tier_3,88,35,21.5,16,220,0,9
920,Tier_3,76,0,28,12,190,0,9
921,Tier_3,88,25,23,13,220,0,9
922,Tier_3,73,0,20.8,15,182.5,0,9
923,Tier_3,82,27,25.8,18,205,0,9
924,Tier_3,65,0,22.3,17,162.5,0,9
925,Tier_3,67,15,26.1,13,167.5,0,9
926,Tier_3,67,18,22.8,18,167.5,0,9
927,Tier_3,84,32,25.5,15,210,0,9
928,Tier_3,99,34,21.3,19,247.5,0,9
929,Tier_3,99,16,23.9,16,247.5,0,9
930,Tier_3,87,0,24.7,12,217.5,0,9
931,Tier_3,70,0,20.5,17,175,0,9
932,Tier_3,68,12,23.1,14,170,0,9
933,Tier_3,49,0,25.9,19,122.5,0,9
934,Tier_3,51,18,22.3,16,127.5,0,9
935,Tier_3,88,48,24.1,11,220,0,9
936,Tier_3,77,10,20.1,21,192.5,0,9
937,Tier_3,62,0,23.5,15,155,0,9
938,Tier_3,58,14,25,18,145,0,9
939,Tier_3,57,13,21.9,14,142.5,0,9
940,Tier_3,51,11,22.7,17,127.5,0,9
941,Tier_3,77,36,24.3,10,192.5,0,9
942,Tier_3,61,0,23.3,16,152.5,0,9
943,Tier_3,75,33,20.9,19,187.5,0,9
944,Tier_3,74,14,25.2,15,185,0,9
945,Tier_3,56,0,21,18,140,0,9
946,Tier_3,58,15,23.7,13,145,0,9
947,Tier_3,42,0,22.1,16,105,0,9
948,Tier_3,32,10,24.5,20,80,0,9
949,Tier_3,62,44,20.3,14,155,0,9
950,Tier_3,50,0,23.1,12,125,0,9
951,Tier_3,66,34,25.5,18,165,0,9
952,Tier_3,51,0,21.8,15,127.5,0,9
953,Tier_3,58,26,24,19,145,0,9
954,Tier_3,42,0,22.9,16,105,0,9
955,Tier_3,53,24,20.3,13,132.5,0,9
956,Tier_3,70,34,23.5,17,175,0,9
957,Tier_3,59,0,24.8,11,147.5,0,9
958,Tier_3,44,0,21.1,15,110,0,9
959,Tier_3,53,30,23,21,132.5,0,9
960,Tier_3,39,0,20.5,14,97.5,0,9
961,Tier_3,47,27,22.7,19,117.5,0,9
962,Tier_3,34,0,24.1,13,85,0,9
963,Tier_3,50,33,21.5,17,125,0,9
964,Tier_3,52,18,23.3,16,130,0,9
965,Tier_3,63,26,20,15,157.5,0,9
966,Tier_3,62,17,22.1,18,155,0,9
967,Tier_3,50,0,24.5,12,125,0,9
968,Tier_3,30,0,21.9,20,75,0,9
969,Tier_3,58,42,23.8,14,145,0,9
970,Tier_3,54,12,20.8,16,135,0,9
971,Tier_3,44,0,22.5,10,110,0,9
972,Tier_3,46,19,24.9,17,115,0,9
973,Tier_3,49,18,21.2,15,122.5,0,9
974,Tier_3,47,11,23.6,13,117.5,0,9
975,Tier_3,51,17,22.7,13,127.5,0,9
976,Tier_3,36,0,28.1,15,90,0,9
977,Tier_3,69,51,21.5,18,172.5,0,9
978,Tier_3,57,0,24.9,12,142.5,0,9
979,Tier_3,59,16,19.3,14,147.5,0,9
980,Tier_3,74,31,26,16,185,0,9
981,Tier_3,55,0,23.5,19,137.5,0,9
982,Tier_3,73,33,27.8,15,182.5,0,9
983,Tier_3,56,0,21,17,140,0,9
984,Tier_3,61,18,25.5,13,152.5,0,9
985,Tier_3,78,38,22.1,21,195,0,9
986,Tier_3,79,15,28.9,14,197.5,0,9
987,Tier_3,75,14,19.8,18,187.5,0,9
988,Tier_3,79,19,23,15,197.5,0,9
989,Tier_3,62,0,26.3,17,155,0,9
990,Tier_3,71,22,20.5,13,177.5,0,9
991,Tier_3,86,31,24.1,16,215,0,9
992,Tier_3,66,0,27.5,20,165,0,9
993,Tier_3,77,26,21.9,15,192.5,0,9
994,Tier_3,84,19,25,12,210,0,9
995,Tier_3,65,0,22.8,19,162.5,0,9
996,Tier_3,51,0,23.3,14,127.5,0,9
997,Tier_3,51,16,29.2,16,127.5,0,9
998,Tier_3,75,41,20.1,17,187.5,0,9
999,Tier_3,75,15,24.5,15,187.5,0,9
1000,Tier_3,63,0,24.1,12,157.5,0,9
1001,Tier_3,48,0,25.5,15,120,0,9
1002,Tier_3,29,0,22.9,19,72.5,0,9
1003,Tier_3,37,22,24.8,14,92.5,0,9
1004,Tier_3,57,37,23.3,17,142.5,0,9
1005,Tier_3,57,13,25.1,13,142.5,0,9
1006,Tier_3,58,17,21.7,16,145,0,9
1007,Tier_3,84,37,23.9,11,210,0,9
1008,Tier_3,66,0,24.5,18,165,0,9
1009,Tier_3,51,0,26,15,127.5,0,9
1010,Tier_3,82,45,22.1,14,205,0,9
1011,Tier_3,82,19,23.5,19,205,0,9
1012,Tier_3,70,0,24.9,12,175,0,9
1013,Tier_3,54,0,25.8,16,135,0,9
1014,Tier_3,41,0,23,13,102.5,0,9
1015,Tier_3,90,66,21.3,17,225,0,9
1016,Tier_3,75,0,24.2,15,187.5,0,9
1017,Tier_3,57,0,22.5,18,142.5,0,9
1018,Tier_3,82,39,25.3,14,205,0,9
1019,Tier_3,100,29,23.7,11,250,0,9
1020,Tier_3,108,23,21.9,15,270,0,9
1021,Tier_3,89,0,24,19,222.5,0,9
1022,Tier_3,77,0,25.6,12,192.5,0,9
1023,Tier_3,77,16,23.1,16,192.5,0,9
1024,Tier_3,79,15,24.7,13,197.5,0,9
1025,Tier_3,78,11,23.5,12,195,0,9
1026,Tier_3,73,13,26.1,18,182.5,0,9
1027,Tier_3,91,32,22.9,14,227.5,0,9
1028,Tier_3,100,28,28.5,19,250,0,9
1029,Tier_3,85,0,21,15,212.5,0,9
1030,Tier_3,93,19,25.3,11,232.5,0,9
1031,Tier_3,91,15,23.1,17,227.5,0,9
1032,Tier_3,101,23,27.8,13,252.5,0,9
1033,Tier_3,81,0,24,20,202.5,0,9
1034,Tier_3,65,0,21.5,16,162.5,0,9
1035,Tier_3,86,33,25.9,12,215,0,9
1036,Tier_3,78,11,22.1,19,195,0,9
1037,Tier_3,92,29,29.2,15,230,0,9
1038,Tier_3,78,0,23.8,14,195,0,9
1039,Tier_3,92,31,24.5,17,230,0,9
1040,Tier_3,96,17,21.8,13,240,0,9
1041,Tier_3,80,0,26.5,16,200,0,9
1042,Tier_3,74,12,22.5,18,185,0,9
1043,Tier_3,98,35,28,11,245,0,9
1044,Tier_3,83,0,23.3,15,207.5,0,9
1045,Tier_3,84,15,25,14,210,0,9
1046,Tier_3,81,14,24.1,17,202.5,0,9
1047,Tier_3,68,0,22.7,13,170,0,9
1048,Tier_3,67,18,27.1,19,167.5,0,9
1049,Tier_3,88,33,25.1,12,220,0,9
1050,Tier_3,106,33,19.5,15,265,0,9
1051,Tier_3,96,0,28.3,10,240,0,9
1052,Tier_3,95,17,23.9,18,237.5,0,9
1053,Tier_3,81,0,26.7,14,202.5,0,9
1054,Tier_3,77,13,21,17,192.5,0,9
1055,Tier_3,78,16,24.5,15,195,0,9
1056,Tier_3,90,28,22.1,16,225,0,9
1057,Tier_3,96,19,27.8,13,240,0,9
1058,Tier_3,92,15,18.9,19,230,0,9
1059,Tier_3,81,0,25.3,11,202.5,0,9
1060,Tier_3,82,15,23.5,14,205,0,9
1061,Tier_3,82,17,20.2,17,205,0,9
1062,Tier_3,98,28,29.1,12,245,0,9
1063,Tier_3,101,18,21.5,15,252.5,0,9
1064,Tier_3,105,17,24.8,13,262.5,0,9
1065,Tier_3,87,0,19.8,18,217.5,0,9
1066,Tier_3,93,16,26.1,10,232.5,0,9
1067,Tier_3,110,33,22.9,16,275,0,9
1068,Tier_3,96,0,23.3,14,240,0,9
1069,Tier_3,77,0,20.5,19,192.5,0,9
1070,Tier_3,128,63,28,12,320,0,9
1071,Tier_3,131,16,24,13,327.5,0,9
1072,Tier_3,116,0,21.9,15,290,0,9
1073,Tier_3,99,0,23.7,17,247.5,0,9
1074,Tier_3,98,15,23.8,16,245,0,9
1075,Tier_3,118,33,25.1,13,295,0,9
1076,Tier_3,117,16,24.5,17,292.5,0,9
1077,Tier_3,122,20,22.9,15,305,0,9
1078,Tier_3,128,17,26.3,11,320,0,9
1079,Tier_3,139,25,23.1,14,347.5,0,9
1080,Tier_3,131,11,24.8,19,327.5,0,9
1081,Tier_3,133,18,21.5,16,332.5,0,9
1082,Tier_3,121,0,25.9,12,302.5,0,9
1083,Tier_3,103,0,23.3,18,257.5,0,9
1084,Tier_3,113,25,24.1,15,282.5,0,9
1085,Tier_3,149,49,22.6,13,372.5,0,9
1086,Tier_3,132,0,25.5,17,330,0,9
1087,Tier_3,121,0,23.9,11,302.5,0,9
1088,Tier_3,107,0,26,14,267.5,0,9
1089,Tier_3,120,32,24.3,19,300,0,9
1090,Tier_3,121,17,21.9,16,302.5,0,9
1091,Tier_3,137,28,25.2,12,342.5,0,9
1092,Tier_3,134,12,23.5,15,335,0,9
1093,Tier_3,116,0,24.7,18,290,0,9
1094,Tier_3,119,16,22.1,13,297.5,0,9
1095,Tier_3,115,13,25.8,17,287.5,0,9
1096,Tier_3,104,0,23,11,260,0,9
1097,Tier_3,107,17,24,14,267.5,0,9
1098,Tier_3,114,26,26.5,19,285,0,9
1099,Tier_3,102,0,18.3,12,255,0,9
1100,Tier_3,131,44,35.1,15,327.5,0,9
1101,Tier_3,122,0,22.5,9,305,0,9
1102,Tier_3,116,11,41.9,17,290,0,9
1103,Tier_3,115,13,15.2,14,287.5,0,9
1104,Tier_3,112,16,28.7,19,280,0,9
1105,Tier_3,111,15,32.4,16,277.5,0,9
1106,Tier_3,114,14,19,11,285,0,9
1107,Tier_3,101,0,25.8,13,252.5,0,9
1108,Tier_3,124,43,38.1,20,310,0,9
1109,Tier_3,109,0,16.5,15,272.5,0,9
1110,Tier_3,95,0,21.3,14,237.5,0,9
1111,Tier_3,96,18,45.6,17,240,0,9
1112,Tier_3,109,32,23.9,19,272.5,0,9
1113,Tier_3,111,14,30.5,12,277.5,0,9
1114,Tier_3,107,12,17.8,16,267.5,0,9
1115,Tier_3,85,0,33.2,22,212.5,0,9
1116,Tier_3,114,44,20.1,15,285,0,9
1117,Tier_3,111,15,27.6,18,277.5,0,9
1118,Tier_3,115,24,36.9,20,287.5,0,9
1119,Tier_3,117,15,22.8,13,292.5,0,9
1120,Tier_3,100,0,19.5,17,250,0,9
1121,Tier_3,120,31,31.7,11,300,0,9
1122,Tier_3,104,0,24,16,260,0,9
1123,Tier_3,96,11,34.5,19,240,0,9
1124,Tier_3,97,13,23.8,12,242.5,0,9
1125,Tier_3,104,22,25.1,15,260,0,9
1126,Tier_3,85,0,21.5,19,212.5,0,9
1127,Tier_3,72,0,24.9,13,180,0,9
1128,Tier_3,55,0,22.3,17,137.5,0,9
1129,Tier_3,45,0,23.5,10,112.5,0,9
1130,Tier_3,31,0,20.1,14,77.5,0,9
1131,Tier_3,29,16,24,18,72.5,0,9
1132,Tier_3,28,15,21.8,16,70,0,9
1133,Tier_3,45,32,23.1,15,112.5,0,9
1134,Tier_3,34,0,22.7,11,85,0,9
1135,Tier_3,39,18,24.5,13,97.5,0,9
1136,Tier_3,53,31,20.5,17,132.5,0,9
1137,Tier_3,53,19,23.3,19,132.5,0,9
1138,Tier_3,38,0,21,15,95,0,9
1139,Tier_3,26,0,22.9,12,65,0,9
1140,Tier_3,28,16,23.9,14,70,0,9
1141,Tier_3,12,0,20.8,16,30,0,9
1142,Tier_3,8,14,24.2,18,20,0,9
1143,Tier_3,4,11,21.3,15,10,0,9
1144,Tier_3,11,20,23,13,27.5,0,9
1145,Tier_3,17,17,22.5,11,42.5,0,9
1146,Tier_3,37,37,24.8,17,92.5,0,9
1147,Tier_3,18,0,21.9,19,45,0,9
1148,Tier_3,50,47,23.2,15,125,0,9
1149,Tier_3,32,0,25.1,18,80,0,9
1150,Tier_3,69,51,23.8,14,172.5,0,9
1151,Tier_3,53,0,24.5,16,132.5,0,9
1152,Tier_3,63,22,21.9,12,157.5,0,9
1153,Tier_3,74,28,26,17,185,0,9
1154,Tier_3,76,17,23.1,15,190,0,9
1155,Tier_3,89,32,22.5,19,222.5,0,9
1156,Tier_3,114,38,24.8,13,285,0,9
1157,Tier_3,145,47,23.5,16,362.5,0,9
1158,Tier_3,134,0,25.5,11,335,0,9
1159,Tier_3,145,28,21.1,17,362.5,0,9
1160,Tier_3,146,14,24.2,13,365,0,9
1161,Tier_3,128,0,22.9,18,320,0,9
1162,Tier_3,137,24,23.3,15,342.5,0,9
1163,Tier_3,125,0,25,12,312.5,0,9
1164,Tier_3,149,40,21.5,16,372.5,0,9
1165,Tier_3,135,0,24.1,14,337.5,0,9
1166,Tier_3,133,17,23,19,332.5,0,9
1167,Tier_3,143,27,22.7,17,357.5,0,9
1168,Tier_3,133,0,25.8,10,332.5,0,9
1169,Tier_3,134,14,23.9,13,335,0,9
1170,Tier_3,119,0,21.8,15,297.5,0,9
1171,Tier_3,135,34,24.6,18,337.5,0,9
1172,Tier_3,119,0,22.2,16,297.5,0,9
1173,Tier_3,105,0,23.7,14,262.5,0,9
1174,Tier_3,129,42,26.3,18,322.5,0,9
1175,Tier_3,135,19,23.1,13,337.5,0,9
1176,Tier_3,116,0,25.8,19,290,0,9
1177,Tier_3,140,35,22.5,11,350,0,9
1178,Tier_3,125,0,24.9,15,312.5,0,9
1179,Tier_3,122,13,21.7,16,305,0,9
1180,Tier_3,126,16,23.4,12,315,0,9
1181,Tier_3,144,35,25.1,17,360,0,9
1182,Tier_3,130,0,22.9,14,325,0,9
1183,Tier_3,111,0,24.2,19,277.5,0,9
1184,Tier_3,142,46,21.1,15,355,0,9
1185,Tier_3,143,14,23.8,13,357.5,0,9
1186,Tier_3,138,13,25.5,18,345,0,9
1187,Tier_3,128,0,22.1,10,320,0,9
1188,Tier_3,128,17,24.5,17,320,0,9
1189,Tier_3,150,38,23,16,375,0,9
1190,Tier_3,151,15,21.9,14,377.5,0,9
1191,Tier_3,136,0,25.2,15,340,0,9
1192,Tier_3,141,17,23.5,12,352.5,0,9
1193,Tier_3,138,16,22.7,19,345,0,9
1194,Tier_3,157,30,24,11,392.5,0,9
1195,Tier_3,139,0,21.5,18,347.5,0,9
1196,Tier_3,140,14,23.3,13,350,0,9
1197,Tier_3,138,15,25,17,345,0,9
1198,Tier_3,139,15,22.8,14,347.5,0,9
1199,Tier_3,145,18,19.8,12,362.5,0,9
1200,Tier_3,142,12,25.1,15,355,0,9
1201,Tier_3,144,20,23.5,18,360,0,9
1202,Tier_3,143,10,21.2,11,357.5,0,9
1203,Tier_3,153,24,26.7,14,382.5,0,9
1204,Tier_3,136,0,22.9,17,340,0,9
1205,Tier_3,149,26,20.5,13,372.5,0,9
1206,Tier_3,149,16,24,16,372.5,0,9
1207,Tier_3,151,14,21.8,12,377.5,0,9
1208,Tier_3,136,0,23.3,15,340,0,9
1209,Tier_3,143,20,20.1,13,357.5,0,9
1210,Tier_3,129,0,25.5,14,322.5,0,9
1211,Tier_3,118,0,22.1,11,295,0,9
1212,Tier_3,163,63,24.8,18,407.5,0,9
1213,Tier_3,148,0,21,15,370,0,9
1214,Tier_3,131,0,23.9,17,327.5,0,9
1215,Tier_3,115,0,20.7,16,287.5,0,9
1216,Tier_3,144,42,26.1,13,360,0,9
1217,Tier_3,147,15,22.5,12,367.5,0,9
1218,Tier_3,143,10,24.2,14,357.5,0,9
1219,Tier_3,157,29,21.5,15,392.5,0,9
1220,Tier_3,146,0,23,11,365,0,9
1221,Tier_3,142,13,25.9,17,355,0,9
1222,Tier_3,144,18,20.3,16,360,0,9
1223,Tier_3,147,16,23.1,13,367.5,0,9
1224,Tier_3,129,0,19.5,18,322.5,0,9
1225,Tier_3,166,48,26.1,11,415,0,9
1226,Tier_3,151,0,21.8,15,377.5,0,9
1227,Tier_3,150,18,15.3,19,375,0,9
1228,Tier_3,140,0,28.9,10,350,0,9
1229,Tier_3,164,37,22.5,13,410,0,9
1230,Tier_3,173,30,18,21,432.5,0,9
1231,Tier_3,172,15,25.4,16,430,0,9
1232,Tier_3,160,0,20.1,12,400,0,9
1233,Tier_3,158,12,23.7,14,395,0,9
1234,Tier_3,155,14,27,17,387.5,0,9
1235,Tier_3,140,0,21.2,15,350,0,9
1236,Tier_3,160,31,24.5,11,400,0,9
1237,Tier_3,159,17,20.9,18,397.5,0,9
1238,Tier_3,165,19,25.8,13,412.5,0,9
1239,Tier_3,159,13,22.3,19,397.5,0,9
1240,Tier_3,149,0,28.1,10,372.5,0,9
1241,Tier_3,151,16,21.5,14,377.5,0,9
1242,Tier_3,334,200,23,17,835,0,9
1243,Tier_3,333,14,26.5,15,832.5,0,9
1244,Tier_3,471,150,20.5,12,1177.5,0,9
1245,Tier_3,455,0,24,16,1137.5,0,9
1246,Tier_3,460,18,27.5,13,1150,0,9
1247,Tier_3,459,19,21,20,1147.5,0,9
1248,Tier_3,745,300,25,14,1862.5,0,9
1249,Tier_3,728,0,3.1,17,1820,0,9
1250,Tier_3,717,0,28.5,11,1792.5,0,9
1251,Tier_3,998,300,1.9,19,2495,0,9
1252,Tier_3,1151,165,15.2,12,2877.5,0,9
1253,Tier_3,1145,14,45.8,20,2862.5,0,9
1254,Tier_3,1130,0,1,15,2825,0,9
1255,Tier_3,1126,12,33.7,16,2815,0,9
1256,Tier_3,1412,300,2.2,14,3530,0,9
1257,Tier_3,1694,300,7.8,18,4235,0,9
1258,Tier_3,1837,165,61.1,22,4592.5,0,9
1259,Tier_3,1824,0,10.4,13,4560,0,9
1260,Tier_3,1959,150,18.9,15,4897.5,0,9
1261,Tier_3,2242,300,3.5,17,5605,0,9
1262,Tier_3,2231,0,55,11,5577.5,0,9
1263,Tier_3,2362,150,1.1,19,5905,0,9
1264,Tier_3,2665,317,4.9,14,6662.5,0,9
1265,Tier_3,2818,174,25.3,21,7045,0,9
1266,Tier_3,2802,0,9.2,16,7005,0,9
1267,Tier_3,2797,13,15.7,18,6992.5,0,9
1268,Tier_3,3084,300,2.9,13,7710,0,9
1269,Tier_3,3393,326,77.6,17,8482.5,0,9
1270,Tier_3,3373,0,12,20,8432.5,0,9
1271,Tier_3,3373,15,30.1,15,8432.5,0,9
1272,Tier_3,3361,0,6.8,12,8402.5,0,9
1273,Tier_3,3492,150,21.5,19,8730,0,9
1274,Tier_3,3624,150,19.3,18,9060,0,9
1275,Tier_3,3623,14,26.1,15,9057.5,0,9
1276,Tier_3,3604,0,15.8,19,9010,0,9
1277,Tier_3,3588,0,24.5,16,8970,0,9
1278,Tier_3,3587,16,22.9,17,8967.5,0,9
1279,Tier_3,3605,32,18.1,14,9012.5,0,9
1280,Tier_3,3585,0,25.7,20,8962.5,0,9
1281,Tier_3,3570,0,17.4,15,8925,0,9
1282,Tier_3,3568,17,23.2,19,8920,0,9
1283,Tier_3,3571,16,21,13,8927.5,0,9
1284,Tier_3,3555,0,24.8,16,8887.5,0,9
1285,Tier_3,3537,0,19.9,18,8842.5,0,9
1286,Tier_3,3520,0,20.5,17,8800,0,9
1287,Tier_3,3505,0,23.8,15,8762.5,0,9
1288,Tier_3,3486,0,25.3,19,8715,0,9
1289,Tier_3,3490,18,16.7,14,8725,0,9
1290,Tier_3,3492,18,22.1,16,8730,0,9
1291,Tier_3,3474,0,24,18,8685,0,9
1292,Tier_3,3607,150,18.5,17,9017.5,0,9
1293,Tier_3,3742,150,21.5,15,9355,0,9
1294,Tier_3,3723,0,23,19,9307.5,0,9
1295,Tier_3,3725,15,20.1,13,9312.5,0,9
1296,Tier_3,3709,0,26.5,16,9272.5,0,9
1297,Tier_3,3841,150,17.9,18,9602.5,0,9
1298,Tier_3,3976,150,22.5,15,9940,0,9
1299,Tier_3,3981,17,25.3,12,9952.5,0,9
1300,Tier_3,3964,0,22.1,17,9910,0,9
1301,Tier_3,4418,464,26.8,10,11045,0,9
1302,Tier_3,4403,0,24.5,15,11007.5,0,9
1303,Tier_3,4385,0,21.9,18,10962.5,0,9
1304,Tier_3,4524,150,27,11,11310,0,9
1305,Tier_3,4810,300,23.5,14,12025,0,9
1306,Tier_3,5244,450,25.1,16,13110,0,9
1307,Tier_3,5231,0,22.8,13,13077.5,0,9
1308,Tier_3,5212,0,26.3,19,13030,0,9
1309,Tier_3,5347,150,24.1,15,13367.5,0,9
1310,Tier_3,5485,150,28.5,12,13712.5,0,9
1311,Tier_3,5618,150,23.3,17,14045,0,9
1312,Tier_3,5754,150,25.9,14,14385,0,9
1313,Tier_3,5888,150,21.5,16,14720,0,9
1314,Tier_3,5878,0,27.8,10,14695,0,9
1315,Tier_3,6460,600,22.5,18,16150,0,9
1316,Tier_3,6445,0,24.9,15,16112.5,0,9
1317,Tier_3,6597,165,26.1,13,16492.5,0,9
1318,Tier_3,6578,0,23.7,19,16445,0,9
1319,Tier_3,6586,19,25.5,11,16465,0,9
1320,Tier_3,6719,150,22.2,17,16797.5,0,9
1321,Tier_3,6705,0,28.1,14,16762.5,0,9
1322,Tier_3,6854,165,24.3,16,17135,0,9
1323,Tier_3,6839,0,21.1,15,17097.5,0,9
1324,Tier_3,6846,18,85.1,11,17115,0,9
1325,Tier_3,6848,16,112.3,14,17120,0,9
1326,Tier_3,6846,13,98.7,15,17115,0,9
1327,Tier_3,6838,0,78.2,8,17095,0,9
1328,Tier_3,6847,21,105.5,12,17117.5,0,9
1329,Tier_3,6853,19,91,13,17132.5,0,9
1330,Tier_3,6863,20,118.9,10,17157.5,0,9
1331,Tier_3,6875,27,72.5,15,17187.5,0,9
1332,Tier_3,6864,0,101.1,11,17160,0,9
1333,Tier_3,6864,14,115.6,14,17160,0,9
1334,Tier_3,6886,35,95.2,13,17215,0,9
1335,Tier_3,6893,19,109,12,17232.5,0,9
1336,Tier_3,6878,0,79.1,15,17195,0,9
1337,Tier_3,6884,16,110.5,10,17210,0,9
1338,Tier_3,6899,26,120,11,17247.5,0,9
1339,Tier_3,6885,0,88.3,14,17212.5,0,9
1340,Tier_3,6872,0,93.4,13,17180,0,9
1341,Tier_3,6871,14,117.8,15,17177.5,0,9
1342,Tier_3,6905,46,75,12,17262.5,0,9
1343,Tier_3,6911,17,103.2,11,17277.5,0,9
1344,Tier_3,6920,19,111.9,10,17300,0,9
1345,Tier_3,6918,12,97.6,14,17295,0,9
1346,Tier_3,6920,15,106.8,13,17300,0,9
1347,Tier_3,6918,13,113.1,15,17295,0,9
1348,Tier_3,6906,0,82.5,12,17265,0,9
1349,Tier_3,6908,13,22.5,11,17270,0,9
1350,Tier_3,6893,0,25.1,15,17232.5,0,9
1351,Tier_3,6874,0,20.8,19,17185,0,9
1352,Tier_3,6861,0,24,13,17152.5,0,9
1353,Tier_3,6844,0,21.3,17,17110,0,9
1354,Tier_3,6834,0,23.5,10,17085,0,9
1355,Tier_3,6818,0,26.2,16,17045,0,9
1356,Tier_3,6804,0,22.9,14,17010,0,9
1357,Tier_3,6792,0,24.5,12,16980,0,9
1358,Tier_3,6774,0,21.1,18,16935,0,9
1359,Tier_3,6759,0,23,15,16897.5,0,9
1360,Tier_3,6746,0,25.8,13,16865,0,9
1361,Tier_3,6727,0,20.1,19,16817.5,0,9
1362,Tier_3,6716,0,22.3,11,16790,0,9
1363,Tier_3,6699,0,23.8,17,16747.5,0,9
1364,Tier_3,6683,0,24.9,16,16707.5,0,9
1365,Tier_3,6669,0,21.5,14,16672.5,0,9
1366,Tier_3,6654,0,25.5,15,16635,0,9
1367,Tier_3,6642,0,22.1,12,16605,0,9
1368,Tier_3,6632,0,23.3,10,16580,0,9
1369,Tier_3,6614,0,24.7,18,16535,0,9
1370,Tier_3,6597,0,20.5,17,16492.5,0,9
1371,Tier_3,6599,15,21.9,13,16497.5,0,9
1372,Tier_3,6597,12,23.1,14,16492.5,0,9
1373,Tier_3,6582,0,26,15,16455,0,9
1374,Tier_3,6578,14,23.1,18,16445,0,9
1375,Tier_3,6581,18,25.8,15,16452.5,0,9
1376,Tier_3,6578,16,22.5,19,16445,0,9
1377,Tier_3,6565,0,24,13,16412.5,0,9
1378,Tier_3,6556,11,20.1,20,16390,0,9
1379,Tier_3,6570,30,23.5,16,16425,0,9
1380,Tier_3,6553,0,21.9,17,16382.5,0,9
1381,Tier_3,6592,50,24.3,11,16480,0,9
1382,Tier_3,6583,10,23,19,16457.5,0,9
1383,Tier_3,6569,0,20.5,14,16422.5,0,9
1384,Tier_3,6563,12,22.8,18,16407.5,0,9
1385,Tier_3,6548,0,25.1,15,16370,0,9
1386,Tier_3,6550,14,21,12,16375,0,9
1387,Tier_3,6562,28,23.3,16,16405,0,9
1388,Tier_3,6541,0,20.9,21,16352.5,0,9
1389,Tier_3,6560,32,24.5,13,16400,0,9
1390,Tier_3,6560,19,22.1,19,16400,0,9
1391,Tier_3,6554,11,23.8,17,16385,0,9
1392,Tier_3,6556,17,20,15,16390,0,9
1393,Tier_3,6550,12,21.5,18,16375,0,9
1394,Tier_3,6555,16,25,11,16387.5,0,9
1395,Tier_3,6550,15,22.7,20,16375,0,9
1396,Tier_3,6534,0,23.2,16,16335,0,9
1397,Tier_3,6533,16,20.3,17,16332.5,0,9
1398,Tier_3,6549,35,21.8,19,16372.5,0,9
1399,Tier_3,6549,18,23.5,18,16372.5,0,9
1400,Tier_3,6534,0,25.1,15,16335,0,9
1401,Tier_3,6541,27,22.9,20,16352.5,0,9
1402,Tier_3,6544,16,24,13,16360,0,9
1403,Tier_3,6556,31,23.3,19,16390,0,9
1404,Tier_3,6540,0,26.5,16,16350,0,9
1405,Tier_3,6554,28,21.8,14,16385,0,9
1406,Tier_3,6537,0,24.5,17,16342.5,0,9
1407,Tier_3,6552,27,23.1,12,16380,0,9
1408,Tier_3,6531,0,25.8,21,16327.5,0,9
1409,Tier_3,6534,18,22,15,16335,0,9
1410,Tier_3,6546,31,23.9,19,16365,0,9
1411,Tier_3,6535,0,24.2,11,16337.5,0,9
1412,Tier_3,6555,33,25.5,13,16387.5,0,9
1413,Tier_3,6550,12,23.7,17,16375,0,9
1414,Tier_3,6528,0,21.1,22,16320,0,9
1415,Tier_3,6543,29,24.8,14,16357.5,0,9
1416,Tier_3,6525,0,22.5,18,16312.5,0,9
1417,Tier_3,6525,16,26.1,16,16312.5,0,9
1418,Tier_3,6528,18,23,15,16320,0,9
1419,Tier_3,6536,27,24.7,19,16340,0,9
1420,Tier_3,6539,15,21.5,12,16347.5,0,9
1421,Tier_3,6526,0,25.9,13,16315,0,9
1422,Tier_3,6509,0,23.2,17,16272.5,0,9
1423,Tier_3,6510,15,22.8,14,16275,0,9
1424,Tier_3,6416,18,19.3,112,16040,0,9
1425,Tier_3,6294,12,26.1,134,15735,0,9
1426,Tier_3,6226,30,21.5,98,15565,0,9
1427,Tier_3,6100,19,28.9,145,15250,0,9
1428,Tier_3,5995,0,18.7,105,14987.5,0,9
1429,Tier_3,5873,0,24.3,122,14682.5,0,9
1430,Tier_3,5782,39,22.1,130,14455,0,9
1431,Tier_3,5697,10,25.5,95,14242.5,0,9
1432,Tier_3,5579,0,19,118,13947.5,0,9
1433,Tier_3,5478,0,27.8,101,13695,0,9
1434,Tier_3,5384,31,23.3,125,13460,0,9
1435,Tier_3,5306,37,20.9,115,13265,0,9
1436,Tier_3,5166,0,24,140,12915,0,9
1437,Tier_3,5088,12,22.5,90,12720,0,9
1438,Tier_3,4989,29,26.7,128,12472.5,0,9
1439,Tier_3,4854,0,21.1,135,12135,0,9
1440,Tier_3,4761,15,23.5,108,11902.5,0,9
1441,Tier_3,4653,11,25,119,11632.5,0,9
1442,Tier_3,4551,18,20.1,120,11377.5,0,9
1443,Tier_3,4486,34,28.1,99,11215,0,9
1444,Tier_3,4352,14,18.5,148,10880,0,9
1445,Tier_3,4250,15,24.9,117,10625,0,9
1446,Tier_3,4128,10,22.8,132,10320,0,9
1447,Tier_3,4060,37,21.7,105,10150,0,9
1448,Tier_3,3954,18,23,124,9885,0,9
1449,Tier_3,3942,0,23.1,12,9855,0,9
1450,Tier_3,3924,0,26.5,18,9810,0,9
1451,Tier_3,3945,32,20.8,11,9862.5,0,9
1452,Tier_3,3948,19,24.9,16,9870,0,9
1453,Tier_3,3951,16,21.3,13,9877.5,0,9
1454,Tier_3,3937,0,28.7,14,9842.5,0,9
1455,Tier_3,3918,0,22,19,9795,0,9
1456,Tier_3,3930,27,25.1,15,9825,0,9
1457,Tier_3,3947,34,23.4,17,9867.5,0,9
1458,Tier_3,3937,0,20.1,10,9842.5,0,9
1459,Tier_3,3936,11,27.9,12,9840,0,9
1460,Tier_3,3959,37,21.5,14,9897.5,0,9
1461,Tier_3,3954,13,24.1,18,9885,0,9
1462,Tier_3,3980,37,22.8,11,9950,0,9
1463,Tier_3,3964,0,25.6,16,9910,0,9
1464,Tier_3,3965,14,20.3,13,9912.5,0,9
1465,Tier_3,3966,16,23.7,15,9915,0,9
1466,Tier_3,3964,17,26.1,19,9910,0,9
1467,Tier_3,3954,0,21.9,10,9885,0,9
1468,Tier_3,3940,0,24.5,14,9850,0,9
1469,Tier_3,3956,33,22.3,17,9890,0,9
1470,Tier_3,3960,16,27.1,12,9900,0,9
1471,Tier_3,3972,27,20.6,15,9930,0,9
1472,Tier_3,4001,40,23.9,11,10002.5,0,9
1473,Tier_3,3983,0,25.3,18,9957.5,0,9
1474,Tier_3,3988,17,19.2,12,9970,0,9
1475,Tier_3,3971,0,25.1,17,9927.5,0,9
1476,Tier_3,3972,15,22.8,14,9930,0,9
1477,Tier_3,3978,25,28.5,19,9945,0,9
1478,Tier_3,3986,18,15.3,10,9965,0,9
1479,Tier_3,3971,0,20.7,15,9927.5,0,9
1480,Tier_3,3966,13,24.9,18,9915,0,9
1481,Tier_3,3976,21,21.1,11,9940,0,9
1482,Tier_3,3976,16,27.6,16,9940,0,9
1483,Tier_3,3982,19,18.9,13,9955,0,9
1484,Tier_3,3979,17,23.4,20,9947.5,0,9
1485,Tier_3,3998,33,29,14,9995,0,9
1486,Tier_3,3981,0,20.3,17,9952.5,0,9
1487,Tier_3,3991,25,25.8,15,9977.5,0,9
1488,Tier_3,3979,0,17.5,12,9947.5,0,9
1489,Tier_3,4003,43,22.1,19,10007.5,0,9
1490,Tier_3,3992,0,26.3,11,9980,0,9
1491,Tier_3,3999,23,19.8,16,9997.5,0,9
1492,Tier_3,4035,49,23.7,13,10087.5,0,9
1493,Tier_3,4314,300,28.1,21,10785,0,9
1494,Tier_3,4299,0,20.5,15,10747.5,0,9
1495,Tier_3,4289,0,24.2,10,10722.5,0,9
1496,Tier_3,4290,19,21.6,18,10725,0,9
1497,Tier_3,4290,14,27.9,14,10725,0,9
1498,Tier_3,4288,15,18.3,17,10720,0,9
1499,Tier_3,4420,150,21.3,18,11050,0,9
1500,Tier_3,4708,300,35.8,12,11770,0,9
1501,Tier_3,4693,0,19.1,15,11732.5,0,9
1502,Tier_3,4977,300,25.5,16,12442.5,0,9
1503,Tier_3,4958,0,12.7,19,12395,0,9
1504,Tier_3,4944,0,31,14,12360,0,9
1505,Tier_3,5231,300,22.9,13,13077.5,0,9
1506,Tier_3,5514,300,18.4,17,13785,0,9
1507,Tier_3,5649,150,45.2,15,14122.5,0,9
1508,Tier_3,5638,0,15.1,11,14095,0,9
1509,Tier_3,5620,0,28.6,18,14050,0,9
1510,Tier_3,5756,150,11.9,14,14390,0,9
1511,Tier_3,6036,300,39.5,20,15090,0,9
1512,Tier_3,6020,0,17.8,16,15050,0,9
1513,Tier_3,6153,150,23.3,17,15382.5,0,9
1514,Tier_3,6440,300,32.1,13,16100,0,9
1515,Tier_3,6425,0,20.5,15,16062.5,0,9
1516,Tier_3,6876,470,14.2,19,17190,0,9
1517,Tier_3,6865,0,36.7,11,17162.5,0,9
1518,Tier_3,6998,150,26.8,17,17495,0,9
1519,Tier_3,7134,150,19.9,14,17835,0,9
1520,Tier_3,7146,33,29.3,21,17865,0,9
1521,Tier_3,7280,150,10.5,16,18200,0,9
1522,Tier_3,7278,13,38,15,18195,0,9
1523,Tier_3,7270,10,22.3,18,18175,0,9
1524,Tier_3,7271,19,26.7,18,18177.5,0,9
1525,Tier_3,7406,150,23.3,15,18515,0,9
1526,Tier_3,7389,0,24.9,17,18472.5,0,9
1527,Tier_3,7376,0,22.1,13,18440,0,9
1528,Tier_3,7383,26,25.5,19,18457.5,0,9
1529,Tier_3,7367,0,21,16,18417.5,0,9
1530,Tier_3,7389,33,24.1,11,18472.5,0,9
1531,Tier_3,7388,17,23.8,18,18470,0,9
1532,Tier_3,7374,0,25,14,18435,0,9
1533,Tier_3,7354,0,22.5,20,18385,0,9
1534,Tier_3,7344,0,24.5,10,18360,0,9
1535,Tier_3,7358,31,23.1,17,18395,0,9
1536,Tier_3,7368,29,21.5,19,18420,0,9
1537,Tier_3,7353,0,24,15,18382.5,0,9
1538,Tier_3,7357,17,23.5,13,18392.5,0,9
1539,Tier_3,7352,13,25.2,18,18380,0,9
1540,Tier_3,7336,0,22.8,16,18340,0,9
1541,Tier_3,7315,0,24.3,21,18287.5,0,9
1542,Tier_3,7304,0,21.9,11,18260,0,9
1543,Tier_3,7285,0,23,19,18212.5,0,9
1544,Tier_3,7271,0,24.7,14,18177.5,0,9
1545,Tier_3,7285,31,22.3,17,18212.5,0,9
1546,Tier_3,7281,11,25.8,15,18202.5,0,9
1547,Tier_3,7263,0,23.7,18,18157.5,0,9
1548,Tier_3,7268,21,25.1,16,18170,0,9
1549,Tier_3,7294,38,22.9,12,18235,0,9
1550,Tier_3,7291,15,24.5,18,18227.5,0,9
1551,Tier_3,7328,52,23.1,15,18320,0,9
1552,Tier_3,7332,15,25.8,11,18330,0,9
1553,Tier_3,7318,0,24,14,18295,0,9
1554,Tier_3,7341,42,21.5,19,18352.5,0,9
1555,Tier_3,7363,35,23.7,13,18407.5,0,9
1556,Tier_3,7347,0,25.3,16,18367.5,0,9
1557,Tier_3,7343,13,22.6,17,18357.5,0,9
1558,Tier_3,7377,44,24.9,10,18442.5,0,9
1559,Tier_3,7362,0,23.4,15,18405,0,9
1560,Tier_3,7357,14,25,19,18392.5,0,9
1561,Tier_3,7359,16,21.9,14,18397.5,0,9
1562,Tier_3,7355,14,24.1,18,18387.5,0,9
1563,Tier_3,7357,15,23.5,13,18392.5,0,9
1564,Tier_3,7375,29,25.5,11,18437.5,0,9
1565,Tier_3,7378,19,22.8,16,18445,0,9
1566,Tier_3,7379,18,24.3,17,18447.5,0,9
1567,Tier_3,7383,16,23,12,18457.5,0,9
1568,Tier_3,7368,0,25.2,15,18420,0,9
1569,Tier_3,7363,13,21.1,18,18407.5,0,9
1570,Tier_3,7349,0,23.9,14,18372.5,0,9
1571,Tier_3,7353,17,24.8,13,18382.5,0,9
1572,Tier_3,7371,34,22.5,16,18427.5,0,9
1573,Tier_3,7369,17,26.1,19,18422.5,0,9
1574,Tier_3,7379,27,22.5,17,18447.5,0,9
1575,Tier_3,7364,0,24.8,15,18410,0,9
1576,Tier_3,7364,11,25.9,11,18410,0,9
1577,Tier_3,7367,16,20.3,13,18417.5,0,9
1578,Tier_3,7369,18,23.1,16,18422.5,0,9
1579,Tier_3,7368,17,21.7,18,18420,0,9
1580,Tier_3,7369,15,24,14,18422.5,0,9
1581,Tier_3,7363,13,28.5,19,18407.5,0,9
1582,Tier_3,7369,18,23.3,12,18422.5,0,9
1583,Tier_3,7380,26,25,15,18450,0,9
1584,Tier_3,7363,0,21.1,17,18407.5,0,9
1585,Tier_3,7366,16,24.5,13,18415,0,9
1586,Tier_3,7365,15,20.8,16,18412.5,0,9
1587,Tier_3,7364,17,22.9,18,18410,0,9
1588,Tier_3,7364,14,25.5,14,18410,0,9
1589,Tier_3,7345,0,23.8,19,18362.5,0,9
1590,Tier_3,7392,62,26.7,15,18480,0,9
1591,Tier_3,7375,0,21.5,17,18437.5,0,9
1592,Tier_3,7362,0,24.1,13,18405,0,9
1593,Tier_3,7362,11,20,11,18405,0,9
1594,Tier_3,7378,32,23.5,16,18445,0,9
1595,Tier_3,7360,0,25.2,18,18400,0,9
1596,Tier_3,7513,167,22.1,14,18782.5,0,9
1597,Tier_3,7644,150,24.9,19,19110,0,9
1598,Tier_3,7542,0,25.1,102,18855,0,9
1599,Tier_3,7557,150,22.8,135,18892.5,0,9
1600,Tier_3,7609,150,26.5,98,19022.5,0,9
1601,Tier_3,7798,300,23.9,111,19495,0,9
1602,Tier_3,7808,150,24.7,140,19520,0,9
1603,Tier_3,7680,0,21.1,128,19200,0,9
1604,Tier_3,7725,150,25.8,105,19312.5,0,9
1605,Tier_3,7895,300,23.3,130,19737.5,0,9
1606,Tier_3,7780,0,24.1,115,19450,0,9
1607,Tier_3,7835,150,26.9,95,19587.5,0,9
1608,Tier_3,7863,150,22.5,122,19657.5,0,9
1609,Tier_3,8018,300,24.5,145,20045,0,9
1610,Tier_3,8060,150,23.1,108,20150,0,9
1611,Tier_3,7927,0,25.5,133,19817.5,0,9
1612,Tier_3,7809,0,21.9,118,19522.5,0,9
1613,Tier_3,8134,450,24.9,125,20335,0,9
1614,Tier_3,8136,150,23.6,148,20340,0,9
1615,Tier_3,8036,0,26.1,100,20090,0,9
1616,Tier_3,8048,150,22.9,138,20120,0,9
1617,Tier_3,8086,150,24.3,112,20215,0,9
1618,Tier_3,8266,300,25.3,120,20665,0,9
1619,Tier_3,8124,0,23.7,142,20310,0,9
1620,Tier_3,8164,150,21.5,110,20410,0,9
1621,Tier_3,8032,0,24.8,132,20080,0,9
1622,Tier_3,8205,300,23,127,20512.5,0,9
1623,Tier_3,8343,150,23.5,12,20857.5,0,9
1624,Tier_3,8478,150,25.1,15,21195,0,9
1625,Tier_3,8610,150,22.8,18,21525,0,9
1626,Tier_3,8747,150,24.5,13,21867.5,0,9
1627,Tier_3,8881,150,23,16,22202.5,0,9
1628,Tier_3,9021,150,26.7,10,22552.5,0,9
1629,Tier_3,9007,0,21.9,14,22517.5,0,9
1630,Tier_3,9446,450,23.3,11,23615,0,9
1631,Tier_3,9427,0,25.5,19,23567.5,0,9
1632,Tier_3,9412,0,22.1,15,23530,0,9
1633,Tier_3,9700,300,24,12,24250,0,9
1634,Tier_3,9983,300,23.8,17,24957.5,0,9
1635,Tier_3,9970,0,21,13,24925,0,9
1636,Tier_3,9960,0,25.9,10,24900,0,9
1637,Tier_3,10094,150,23.2,16,25235,0,9
1638,Tier_3,10380,300,24.8,14,25950,0,9
1639,Tier_3,10512,150,22.5,18,26280,0,9
1640,Tier_3,10501,0,23.9,11,26252.5,0,9
1641,Tier_3,10786,300,25.3,15,26965,0,9
1642,Tier_3,10924,150,21.5,12,27310,0,9
1643,Tier_3,11211,300,24.1,13,28027.5,0,9
1644,Tier_3,11195,0,23.7,16,27987.5,0,9
1645,Tier_3,11335,150,26.2,10,28337.5,0,9
1646,Tier_3,11471,150,22.9,14,28677.5,0,9
1647,Tier_3,11477,18,24.5,12,28692.5,0,9
1648,Tier_3,11475,15,23.1,17,28687.5,0,9
1649,Tier_3,11485,21,25.8,11,28712.5,0,9
1650,Tier_3,11506,36,21.9,15,28765,0,9
1651,Tier_3,11513,20,24.2,13,28782.5,0,9
1652,Tier_3,11495,0,22.5,18,28737.5,0,9
1653,Tier_3,11499,14,25,10,28747.5,0,9
1654,Tier_3,11501,18,23.7,16,28752.5,0,9
1655,Tier_3,11499,12,24.9,14,28747.5,0,9
1656,Tier_3,11502,22,21.1,19,28755,0,9
1657,Tier_3,11514,27,23.5,15,28785,0,9
1658,Tier_3,11517,15,24,12,28792.5,0,9
1659,Tier_3,11500,0,22.8,17,28750,0,9
1660,Tier_3,11504,17,25.1,13,28760,0,9
1661,Tier_3,11510,16,23.3,10,28775,0,9
1662,Tier_3,11509,13,24.6,14,28772.5,0,9
1663,Tier_3,11512,19,21.5,16,28780,0,9
1664,Tier_3,11533,32,23.9,11,28832.5,0,9
1665,Tier_3,11518,0,24.1,15,28795,0,9
1666,Tier_3,11519,20,22.2,19,28797.5,0,9
1667,Tier_3,11522,15,25.5,12,28805,0,9
1668,Tier_3,11522,17,23,17,28805,0,9
1669,Tier_3,11525,16,24.8,13,28812.5,0,9
1670,Tier_3,11510,0,21.7,15,28775,0,9
1671,Tier_3,11538,46,23.4,18,28845,0,9
1672,Tier_3,11532,12,19.5,18,28830,0,9
1673,Tier_3,11520,0,25.1,12,28800,0,9
1674,Tier_3,11525,20,11.8,15,28812.5,0,9
1675,Tier_3,11540,35,22.3,20,28850,0,9
1676,Tier_3,11529,0,24.9,11,28822.5,0,9
1677,Tier_3,11525,13,15,17,28812.5,0,9
1678,Tier_3,11542,31,18.7,14,28855,0,9
1679,Tier_3,11523,0,20.1,19,28807.5,0,9
1680,Tier_3,11524,11,23.5,10,28810,0,9
1681,Tier_3,11526,18,14.2,16,28815,0,9
1682,Tier_3,11544,31,21.9,13,28860,0,9
1683,Tier_3,11527,0,25.5,17,28817.5,0,9
1684,Tier_3,11528,12,16,11,28820,0,9
1685,Tier_3,11543,33,12.7,18,28857.5,0,9
1686,Tier_3,11678,150,23.1,15,29195,0,9
1687,Tier_3,11681,17,17.8,14,29202.5,0,9
1688,Tier_3,11700,38,20.5,19,29250,0,9
1689,Tier_3,11705,15,13.3,10,29262.5,0,9
1690,Tier_3,11689,0,22,16,29222.5,0,9
1691,Tier_3,11693,16,15.9,12,29232.5,0,9
1692,Tier_3,11990,314,24.1,17,29975,0,9
1693,Tier_3,11990,13,18.2,13,29975,0,9
1694,Tier_3,12011,36,21.5,15,30027.5,0,9
1695,Tier_3,12150,150,14.5,11,30375,0,9
1696,Tier_3,12132,0,23,18,30330,0,9
1697,Tier_3,12414,300,23.5,18,31035,0,9
1698,Tier_3,12702,300,26.1,12,31755,0,9
1699,Tier_3,12837,150,21.9,15,32092.5,0,9
1700,Tier_3,12968,150,24.3,19,32420,0,9
1701,Tier_3,13105,150,22.8,13,32762.5,0,9
1702,Tier_3,13238,150,25.5,17,33095,0,9
1703,Tier_3,13227,0,20.1,11,33067.5,0,9
1704,Tier_3,13511,300,23.7,16,33777.5,0,9
1705,Tier_3,13647,150,27.2,14,34117.5,0,9
1706,Tier_3,13627,0,24.8,20,34067.5,0,9
1707,Tier_3,13767,150,21,10,34417.5,0,9
1708,Tier_3,13902,150,23.1,15,34755,0,9
1709,Tier_3,14334,450,25.9,18,35835,0,9
1710,Tier_3,14318,0,22.4,16,35795,0,9
1711,Tier_3,14456,150,24,12,36140,0,9
1712,Tier_3,14587,150,23.3,19,36467.5,0,9
1713,Tier_3,14573,0,20.5,14,36432.5,0,9
1714,Tier_3,14562,0,26.8,11,36405,0,9
1715,Tier_3,14547,0,21.5,15,36367.5,0,9
1716,Tier_3,14830,300,23.9,17,37075,0,9
1717,Tier_3,14817,0,24.5,13,37042.5,0,9
1718,Tier_3,14799,0,22.1,18,36997.5,0,9
1719,Tier_3,14933,150,25,16,37332.5,0,9
1720,Tier_3,14919,0,23,14,37297.5,0,9
1721,Tier_3,15204,300,20.8,15,38010,0,9
1722,Tier_3,15192,0,24.5,12,37980,0,9
1723,Tier_3,15327,150,23.1,15,38317.5,0,9
1724,Tier_3,15758,450,25.8,19,39395,0,9
1725,Tier_3,15744,0,22.9,14,39360,0,9
1726,Tier_3,15727,0,24.1,17,39317.5,0,9
1727,Tier_3,15717,0,23.5,10,39292.5,0,9
1728,Tier_3,16149,450,25,18,40372.5,0,9
1729,Tier_3,16134,0,22.3,15,40335,0,9
1730,Tier_3,16121,0,24.8,13,40302.5,0,9
1731,Tier_3,16405,300,23.9,16,41012.5,0,9
1732,Tier_3,16694,300,25.5,11,41735,0,9
1733,Tier_3,16830,150,22.7,14,42075,0,9
1734,Tier_3,16813,0,24.3,17,42032.5,0,9
1735,Tier_3,17244,450,23.3,19,43110,0,9
1736,Tier_3,17232,0,25.1,12,43080,0,9
1737,Tier_3,17367,150,22.1,15,43417.5,0,9
1738,Tier_3,17349,0,24,18,43372.5,0,9
1739,Tier_3,17333,0,23.7,16,43332.5,0,9
1740,Tier_3,17623,300,25.2,10,44057.5,0,9
1741,Tier_3,17910,300,22.5,13,44775,0,9
1742,Tier_3,18043,150,24.6,17,45107.5,0,9
1743,Tier_3,18178,150,23,15,45445,0,9
1744,Tier_3,18314,150,25.3,14,45785,0,9
1745,Tier_3,18295,0,22.8,19,45737.5,0,9
1746,Tier_3,18317,33,24.2,11,45792.5,0,9
1747,Tier_3,18305,0,23.5,12,45762.5,0,9
1748,Tier_3,18303,16,25.1,18,45757.5,0,9
1749,Tier_3,18293,0,22.8,10,45732.5,0,9
1750,Tier_3,18309,31,24,15,45772.5,0,9
1751,Tier_3,18325,27,26.7,11,45812.5,0,9
1752,Tier_3,18308,0,23.2,17,45770,0,9
1753,Tier_3,18312,17,24.5,13,45780,0,9
1754,Tier_3,18298,0,21.9,14,45745,0,9
1755,Tier_3,18320,31,25.5,9,45800,0,9
1756,Tier_3,18322,18,23.8,16,45805,0,9
1757,Tier_3,18303,0,22.1,19,45757.5,0,9
1758,Tier_3,18334,41,24.9,10,45835,0,9
1759,Tier_3,18336,17,23,15,45840,0,9
1760,Tier_3,18318,0,25.8,18,45795,0,9
1761,Tier_3,18318,13,21.5,13,45795,0,9
1762,Tier_3,18321,14,24.2,11,45802.5,0,9
1763,Tier_3,18341,34,23.9,14,45852.5,0,9
1764,Tier_3,18322,0,26.1,19,45805,0,9
1765,Tier_3,18324,11,22.5,9,45810,0,9
1766,Tier_3,18320,12,24.7,16,45800,0,9
1767,Tier_3,18326,18,23.1,12,45815,0,9
1768,Tier_3,18319,13,25,20,45797.5,0,9
1769,Tier_3,18325,16,21.8,10,45812.5,0,9
1770,Tier_3,18327,17,24.4,15,45817.5,0,9
1771,Tier_3,18331,16,19.5,12,45827.5,0,9
1772,Tier_3,18328,15,31.2,18,45820,0,9
1773,Tier_3,18330,17,22.8,15,45825,0,9
1774,Tier_3,18338,18,3.1,10,45845,0,9
1775,Tier_3,18330,14,45.9,22,45825,0,9
1776,Tier_3,18335,19,15,14,45837.5,0,9
1777,Tier_3,18353,29,7.7,11,45882.5,0,9
1778,Tier_3,18349,13,28.5,17,45872.5,0,9
1779,Tier_3,18346,17,55.1,20,45865,0,9
1780,Tier_3,18353,15,1.2,8,45882.5,0,9
1781,Tier_3,18359,22,35.6,16,45897.5,0,9
1782,Tier_3,18348,14,12.3,25,45870,0,9
1783,Tier_3,18364,29,25,13,45910,0,9
1784,Tier_3,18355,0,60.5,9,45887.5,0,9
1785,Tier_3,18352,12,2.9,15,45880,0,9
1786,Tier_3,18369,29,40.1,12,45922.5,0,9
1787,Tier_3,18377,27,18.8,19,45942.5,0,9
1788,Tier_3,18377,14,33.4,14,45942.5,0,9
1789,Tier_3,18360,0,5.5,17,45900,0,9
1790,Tier_3,18370,33,70.2,23,45925,0,9
1791,Tier_3,18410,56,10,16,46025,0,9
1792,Tier_3,18399,0,20.1,11,45997.5,0,9
1793,Tier_3,18400,19,4.8,18,46000,0,9
1794,Tier_3,18422,37,30.7,15,46055,0,9
1795,Tier_3,18425,16,15.9,13,46062.5,0,9
1796,Tier_3,18431,18,19.3,12,46077.5,0,9
1797,Tier_3,18416,0,28.1,15,46040,0,9
1798,Tier_3,18423,17,21.5,10,46057.5,0,9
1799,Tier_3,18405,0,25.8,18,46012.5,0,9
1800,Tier_3,18391,0,22.9,14,45977.5,0,9
1801,Tier_3,18393,15,18.7,13,45982.5,0,9
1802,Tier_3,18376,0,26.3,17,45940,0,9
1803,Tier_3,18371,11,20.1,16,45927.5,0,9
1804,Tier_3,18360,0,24.5,11,45900,0,9
1805,Tier_3,18345,0,23,15,45862.5,0,9
1806,Tier_3,18358,32,20.5,19,45895,0,9
1807,Tier_3,18346,0,27.9,12,45865,0,9
1808,Tier_3,18347,15,21.1,14,45867.5,0,9
1809,Tier_3,18332,0,23.5,15,45830,0,9
1810,Tier_3,18314,0,19.8,18,45785,0,9
1811,Tier_3,18313,12,25,13,45782.5,0,9
1812,Tier_3,18307,10,22.3,16,45767.5,0,9
1813,Tier_3,18287,0,20.9,20,45717.5,0,9
1814,Tier_3,18276,0,24.1,11,45690,0,9
1815,Tier_3,18274,15,21.7,17,45685,0,9
1816,Tier_3,18259,0,26,15,45647.5,0,9
1817,Tier_3,18257,17,18.2,19,45642.5,0,9
1818,Tier_3,18245,0,23.3,12,45612.5,0,9
1819,Tier_3,18231,0,20,14,45577.5,0,9
1820,Tier_3,18244,31,25.5,18,45610,0,9
1821,Tier_3,18266,33,18.3,11,45665,0,9
1822,Tier_3,18251,0,25.1,15,45627.5,0,9
1823,Tier_3,18267,28,20.5,12,45667.5,0,9
1824,Tier_3,18248,0,23.9,19,45620,0,9
1825,Tier_3,18286,48,19.7,10,45715,0,9
1826,Tier_3,18301,29,24.5,14,45752.5,0,9
1827,Tier_3,18285,0,22.1,16,45712.5,0,9
1828,Tier_3,18309,42,26.8,18,45772.5,0,9
1829,Tier_3,18312,16,18.9,13,45780,0,9
1830,Tier_3,18314,17,21.3,15,45785,0,9
1831,Tier_3,18303,0,23.2,11,45757.5,0,9
1832,Tier_3,18289,0,17.5,14,45722.5,0,9
1833,Tier_3,18288,14,25.9,15,45720,0,9
1834,Tier_3,18324,53,22.8,17,45810,0,9
1835,Tier_3,18339,28,20.1,13,45847.5,0,9
1836,Tier_3,18339,12,19.2,12,45847.5,0,9
1837,Tier_3,18339,16,23.5,16,45847.5,0,9
1838,Tier_3,18334,13,21.7,18,45835,0,9
1839,Tier_3,18350,31,24.1,15,45875,0,9
1840,Tier_3,18340,0,22.5,10,45850,0,9
1841,Tier_3,18337,11,18,14,45842.5,0,9
1842,Tier_3,18338,14,25.3,13,45845,0,9
1843,Tier_3,18335,14,20.8,17,45837.5,0,9
1844,Tier_3,18324,8,23,19,45810,0,9
1845,Tier_3,18320,11,21,15,45800,0,9
1846,Tier_3,18319,17,26.1,18,45797.5,0,9
1847,Tier_3,18325,18,21.5,12,45812.5,0,9
1848,Tier_3,18336,27,28.9,16,45840,0,9
1849,Tier_3,18343,17,19.3,10,45857.5,0,9
1850,Tier_3,18351,23,24.7,15,45877.5,0,9
1851,Tier_3,18352,15,23.1,14,45880,0,9
1852,Tier_3,18341,0,25.5,11,45852.5,0,9
1853,Tier_3,18322,0,22.8,19,45805,0,9
1854,Tier_3,18325,16,20.1,13,45812.5,0,9
1855,Tier_3,18353,45,27.3,17,45882.5,0,9
1856,Tier_3,18344,0,24,9,45860,0,9
1857,Tier_3,18347,18,23.5,15,45867.5,0,9
1858,Tier_3,18331,0,25.9,16,45827.5,0,9
1859,Tier_3,18349,30,21,12,45872.5,0,9
1860,Tier_3,18365,34,26.8,18,45912.5,0,9
1861,Tier_3,18367,17,22.2,15,45917.5,0,9
1862,Tier_3,18369,19,23.9,17,45922.5,0,9
1863,Tier_3,18363,14,28,20,45907.5,0,9
1864,Tier_3,18367,15,19.7,11,45917.5,0,9
1865,Tier_3,18353,0,24.5,14,45882.5,0,9
1866,Tier_3,18347,13,25.1,19,45867.5,0,9
1867,Tier_3,18366,29,20.5,10,45915,0,9
1868,Tier_3,18363,13,27.5,16,45907.5,0,9
1869,Tier_3,18365,15,22,13,45912.5,0,9
1870,Tier_3,18350,0,23.3,15,45875,0,9
1871,Tier_3,18338,0,26.7,12,45845,0,9
1872,Tier_3,18336,17,19.3,19,45840,0,9
1873,Tier_3,18321,0,23.1,15,45802.5,0,9
1874,Tier_3,18334,26,25.5,13,45835,0,9
1875,Tier_3,18334,17,22.8,17,45835,0,9
1876,Tier_3,18341,18,24.1,11,45852.5,0,9
1877,Tier_3,18344,19,20.9,16,45860,0,9
1878,Tier_3,18345,15,23.5,14,45862.5,0,9
1879,Tier_3,18327,0,26.2,18,45817.5,0,9
1880,Tier_3,18336,24,21.7,15,45840,0,9
1881,Tier_3,18340,15,24.8,11,45850,0,9
1882,Tier_3,18337,16,20.1,19,45842.5,0,9
1883,Tier_3,18338,14,25.9,13,45845,0,9
1884,Tier_3,18351,30,22.3,17,45877.5,0,9
1885,Tier_3,18335,0,23,16,45837.5,0,9
1886,Tier_3,18337,16,26.8,14,45842.5,0,9
1887,Tier_3,18352,30,21.1,15,45880,0,9
1888,Tier_3,18334,0,24.5,18,45835,0,9
1889,Tier_3,18337,15,20.5,12,45842.5,0,9
1890,Tier_3,18320,0,23.9,17,45800,0,9
1891,Tier_3,18377,68,25.1,11,45942.5,0,9
1892,Tier_3,18364,0,22.6,13,45910,0,9
1893,Tier_3,18365,16,20.3,15,45912.5,0,9
1894,Tier_3,18346,0,23.3,19,45865,0,9
1895,Tier_3,18330,0,26,16,45825,0,9
1896,Tier_3,18346,28,25.3,12,45865,0,9
1897,Tier_3,18328,0,22.1,18,45820,0,9
1898,Tier_3,18361,48,28.9,15,45902.5,0,9
1899,Tier_3,18351,0,21.5,10,45877.5,0,9
1900,Tier_3,18362,30,26.7,19,45905,0,9
1901,Tier_3,18348,0,23,14,45870,0,9
1902,Tier_3,18373,42,20.5,17,45932.5,0,9
1903,Tier_3,18360,0,24.1,13,45900,0,9
1904,Tier_3,18344,0,27.8,16,45860,0,9
1905,Tier_3,18352,19,21.9,11,45880,0,9
1906,Tier_3,18365,31,25.5,18,45912.5,0,9
1907,Tier_3,18351,0,23.3,14,45877.5,0,9
1908,Tier_3,18367,31,29.1,15,45917.5,0,9
1909,Tier_3,18384,29,22.6,12,45960,0,9
1910,Tier_3,18365,0,20.1,19,45912.5,0,9
1911,Tier_3,18352,0,24.5,13,45880,0,9
1912,Tier_3,18351,16,28.2,17,45877.5,0,9
1913,Tier_3,18366,25,21.1,10,45915,0,9
1914,Tier_3,18369,19,26,16,45922.5,0,9
1915,Tier_3,18371,17,23.9,15,45927.5,0,9
1916,Tier_3,18372,12,27.1,11,45930,0,9
1917,Tier_3,18370,16,22.8,18,45925,0,9
1918,Tier_3,18356,0,20.9,14,45890,0,9
1919,Tier_3,18360,17,25.7,13,45900,0,9
1920,Tier_3,18343,0,24.3,17,45857.5,0,9
1921,Tier_3,18373,48,28.5,18,45932.5,0,9
1922,Tier_3,18373,14,19.1,14,45932.5,0,9
1923,Tier_3,18354,0,23.7,19,45885,0,9
1924,Tier_3,18355,16,26.3,15,45887.5,0,9
1925,Tier_3,18338,0,18.8,17,45845,0,9
1926,Tier_3,18325,0,24.9,13,45812.5,0,9
1927,Tier_3,18360,51,21.5,16,45900,0,9
1928,Tier_3,18341,0,25.2,19,45852.5,0,9
1929,Tier_3,18329,0,22.1,12,45822.5,0,9
1930,Tier_3,18343,29,27,15,45857.5,0,9
1931,Tier_3,18322,0,20.4,21,45805,0,9
1932,Tier_3,18351,43,23.5,14,45877.5,0,9
1933,Tier_3,18333,0,24.1,18,45832.5,0,9
1934,Tier_3,18334,18,19.9,17,45835,0,9
1935,Tier_3,18332,11,21.8,13,45830,0,9
1936,Tier_3,18316,0,26.7,16,45790,0,9
1937,Tier_3,18313,17,22.9,20,45782.5,0,9
1938,Tier_3,18298,0,25.5,15,45745,0,9
1939,Tier_3,18305,29,19.3,22,45762.5,0,9
1940,Tier_3,18333,41,23.2,13,45832.5,0,9
1941,Tier_3,18330,15,20.1,18,45825,0,9
1942,Tier_3,18319,0,27.8,11,45797.5,0,9
1943,Tier_3,18319,17,24.5,17,45797.5,0,9
1944,Tier_3,18329,33,21,23,45822.5,0,9
1945,Tier_3,18330,15,22.6,14,45825,0,9
1946,Tier_3,18313,0,18.5,17,45782.5,0,9
1947,Tier_3,18319,18,26.1,12,45797.5,0,9
1948,Tier_3,18304,0,19.3,15,45760,0,9
1949,Tier_3,18313,22,22.8,13,45782.5,0,9
1950,Tier_3,18308,11,24.5,16,45770,0,9
1951,Tier_3,18337,48,20.7,19,45842.5,0,9
1952,Tier_3,18322,0,25.9,15,45805,0,9
1953,Tier_3,18325,17,21.2,14,45812.5,0,9
1954,Tier_3,18321,14,23,18,45802.5,0,9
1955,Tier_3,18310,0,25.5,11,45775,0,9
1956,Tier_3,18306,12,19.8,16,45765,0,9
1957,Tier_3,18335,42,24.1,13,45837.5,0,9
1958,Tier_3,18335,17,20.3,17,45837.5,0,9
1959,Tier_3,18320,0,21.5,15,45800,0,9
1960,Tier_3,18326,18,23.7,12,45815,0,9
1961,Tier_3,18324,16,25,18,45810,0,9
1962,Tier_3,18310,0,22.1,14,45775,0,9
1963,Tier_3,18323,29,18.9,16,45807.5,0,9
1964,Tier_3,18337,25,23.5,11,45842.5,0,9
1965,Tier_3,18337,19,20.1,19,45842.5,0,9
1966,Tier_3,18324,0,24.9,13,45810,0,9
1967,Tier_3,18334,25,21.8,15,45835,0,9
1968,Tier_3,18329,12,22.5,17,45822.5,0,9
1969,Tier_3,18313,0,23.3,16,45782.5,0,9
1970,Tier_3,18309,10,20.5,14,45772.5,0,9
1971,Tier_3,18291,0,22.5,18,45727.5,0,9
1972,Tier_3,18306,29,28.1,14,45765,0,9
1973,Tier_3,18305,15,19.3,16,45762.5,0,9
1974,Tier_3,18313,27,25,19,45782.5,0,9
1975,Tier_3,18300,0,20.5,13,45750,0,9
1976,Tier_3,18300,15,23.8,15,45750,0,9
1977,Tier_3,18296,17,26.7,21,45740,0,9
1978,Tier_3,18313,34,18.9,17,45782.5,0,9
1979,Tier_3,18301,0,21.1,12,45752.5,0,9
1980,Tier_3,18286,0,24.3,15,45715,0,9
1981,Tier_3,18303,35,22.9,18,45757.5,0,9
1982,Tier_3,18304,15,27.5,14,45760,0,9
1983,Tier_3,18293,0,20.1,11,45732.5,0,9
1984,Tier_3,18301,24,23.3,16,45752.5,0,9
1985,Tier_3,18298,17,25.8,20,45745,0,9
1986,Tier_3,18297,16,19.5,17,45742.5,0,9
1987,Tier_3,18282,0,21.9,15,45705,0,9
1988,Tier_3,18273,10,24.7,19,45682.5,0,9
1989,Tier_3,18272,12,23.1,13,45680,0,9
1990,Tier_3,18284,29,28.9,17,45710,0,9
1991,Tier_3,18284,14,20.7,14,45710,0,9
1992,Tier_3,18295,27,22.1,16,45737.5,0,9
1993,Tier_3,18289,16,26.3,22,45722.5,0,9
1994,Tier_3,18274,0,18,15,45685,0,9
1995,Tier_3,18272,11,21.5,13,45680,0,9
1996,Tier_3,18253,0,25.1,19,45632.5,0,9
1997,Tier_3,18261,19,22.8,11,45652.5,0,9
1998,Tier_3,18246,0,24.5,15,45615,0,9
1999,Tier_3,18248,15,20.3,13,45620,0,9
2000,Tier_3,18279,48,26.7,17,45697.5,0,9
2001,Tier_3,18261,0,23.1,18,45652.5,0,9
2002,Tier_3,18249,0,21.9,12,45622.5,0,9
2003,Tier_3,18246,12,25.9,15,45615,0,9
2004,Tier_3,18277,45,22.4,14,45692.5,0,9
2005,Tier_3,18261,0,24,16,45652.5,0,9
2006,Tier_3,18269,19,23.5,11,45672.5,0,9
2007,Tier_3,18267,17,20.7,19,45667.5,0,9
2008,Tier_3,18254,0,26.1,13,45635,0,9
2009,Tier_3,18250,13,22.9,17,45625,0,9
2010,Tier_3,18253,18,23.8,15,45632.5,0,9
2011,Tier_3,18255,14,25.5,12,45637.5,0,9
2012,Tier_3,18282,45,21.2,18,45705,0,9
2013,Tier_3,18284,16,24.1,14,45710,0,9
2014,Tier_3,18285,17,20,16,45712.5,0,9
2015,Tier_3,18274,0,23.3,11,45685,0,9
2016,Tier_3,18259,0,25,15,45647.5,0,9
2017,Tier_3,18258,12,22,13,45645,0,9
2018,Tier_3,18240,0,24.8,18,45600,0,9
2019,Tier_3,18276,53,21.5,17,45690,0,9
2020,Tier_3,18280,18,23,14,45700,0,9
2021,Tier_3,18280,12,26.1,12,45700,0,9
2022,Tier_3,18275,15,19.5,20,45687.5,0,9
2023,Tier_3,18260,0,28.3,15,45650,0,9
2024,Tier_3,18273,30,22.7,17,45682.5,0,9
2025,Tier_3,18260,0,25.9,13,45650,0,9
2026,Tier_3,18261,17,18.1,16,45652.5,0,9
2027,Tier_3,18252,10,24.5,19,45630,0,9
2028,Tier_3,18259,18,21,11,45647.5,0,9
2029,Tier_3,18263,22,29.2,18,45657.5,0,9
2030,Tier_3,18264,15,23.5,14,45660,0,9
2031,Tier_3,18243,0,17.8,21,45607.5,0,9
2032,Tier_3,18241,14,25.1,16,45602.5,0,9
2033,Tier_3,18240,12,20.3,13,45600,0,9
2034,Tier_3,18267,46,22.9,19,45667.5,0,9
2035,Tier_3,18255,0,26.7,12,45637.5,0,9
2036,Tier_3,18233,0,24,22,45582.5,0,9
2037,Tier_3,18241,25,19.9,17,45602.5,0,9
2038,Tier_3,18240,13,28.5,14,45600,0,9
2039,Tier_3,18234,14,23.1,20,45585,0,9
2040,Tier_3,18224,0,21.5,10,45560,0,9
2041,Tier_3,18234,28,27,18,45585,0,9
2042,Tier_3,18237,18,22.2,15,45592.5,0,9
2043,Tier_3,18245,31,18.9,23,45612.5,0,9
2044,Tier_3,18242,14,25.5,17,45605,0,9
2045,Tier_3,18228,0,20.8,14,45570,0,9
2046,Tier_3,18216,0,88.5,12,45540,0,9
2047,Tier_3,18232,31,115.2,15,45580,0,9
2048,Tier_3,18222,0,93.1,10,45555,0,9
2049,Tier_3,18235,31,78.9,18,45587.5,0,9
2050,Tier_3,18222,0,101.4,13,45555,0,9
2051,Tier_3,18254,47,99.7,15,45635,0,9
2052,Tier_3,18242,0,118,12,45605,0,9
2053,Tier_3,18239,14,72.3,17,45597.5,0,9
2054,Tier_3,18237,12,105.5,14,45592.5,0,9
2055,Tier_3,18226,0,120,11,45565,0,9
2056,Tier_3,18210,0,82.1,16,45525,0,9
2057,Tier_3,18245,48,90.3,13,45612.5,0,9
2058,Tier_3,18246,16,111.7,15,45615,0,9
2059,Tier_3,18236,0,75.6,10,45590,0,9
2060,Tier_3,18241,19,108.9,14,45602.5,0,9
2061,Tier_3,18224,0,95.2,17,45560,0,9
2062,Tier_3,18274,62,113.4,12,45685,0,9
2063,Tier_3,18259,0,85.7,15,45647.5,0,9
2064,Tier_3,18262,14,103.1,11,45655,0,9
2065,Tier_3,18249,0,97.8,13,45622.5,0,9
2066,Tier_3,18263,30,110.5,16,45657.5,0,9
2067,Tier_3,18249,0,77.2,14,45622.5,0,9
2068,Tier_3,18254,17,106,12,45635,0,9
2069,Tier_3,18239,0,119.5,15,45597.5,0,9
2070,Tier_3,18245,16,89,10,45612.5,0,9
2071,Tier_3,18227,0,25.1,18,45567.5,0,9
2072,Tier_3,18216,0,21.8,11,45540,0,9
2073,Tier_3,18194,0,28.5,22,45485,0,9
2074,Tier_3,18181,0,19.3,13,45452.5,0,9
2075,Tier_3,18172,0,24.7,9,45430,0,9
2076,Tier_3,18147,0,26,25,45367.5,0,9
2077,Tier_3,18132,0,22.9,15,45330,0,9
2078,Tier_3,18113,0,27.3,19,45282.5,0,9
2079,Tier_3,18103,0,20.5,10,45257.5,0,9
2080,Tier_3,18089,0,23.1,14,45222.5,0,9
2081,Tier_3,18073,0,25.8,16,45182.5,0,9
2082,Tier_3,18053,0,21.1,20,45132.5,0,9
2083,Tier_3,18045,0,24,8,45112.5,0,9
2084,Tier_3,18033,0,26.9,12,45082.5,0,9
2085,Tier_3,18012,0,22.3,21,45030,0,9
2086,Tier_3,17997,0,23.5,15,44992.5,0,9
2087,Tier_3,17980,0,28.1,17,44950,0,9
2088,Tier_3,17956,0,20.7,24,44890,0,9
2089,Tier_3,17947,0,25.5,9,44867.5,0,9
2090,Tier_3,17929,0,21.9,18,44822.5,0,9
2091,Tier_3,17916,0,27,13,44790,0,9
2092,Tier_3,17894,0,23.8,22,44735,0,9
2093,Tier_3,17898,15,24.5,11,44745,0,9
2094,Tier_3,17896,14,26.3,16,44740,0,9
2095,Tier_3,17883,0,24.1,13,44707.5,0,9
2096,Tier_3,17883,16,25.8,16,44707.5,0,9
2097,Tier_3,17864,0,22.5,19,44660,0,9
2098,Tier_3,17850,0,23.9,14,44625,0,9
2099,Tier_3,17845,12,26.1,17,44612.5,0,9
2100,Tier_3,17858,24,24.5,11,44645,0,9
2101,Tier_3,17861,18,21.7,15,44652.5,0,9
2102,Tier_3,17862,19,25.3,18,44655,0,9
2103,Tier_3,17884,34,23,12,44710,0,9
2104,Tier_3,17868,0,24.9,16,44670,0,9
2105,Tier_3,17872,17,22.2,13,44680,0,9
2106,Tier_3,17853,0,26.5,19,44632.5,0,9
2107,Tier_3,17881,42,23.3,14,44702.5,0,9
2108,Tier_3,17864,0,21.1,17,44660,0,9
2109,Tier_3,17868,19,24,15,44670,0,9
2110,Tier_3,17870,13,25.7,11,44675,0,9
2111,Tier_3,17866,14,22.8,18,44665,0,9
2112,Tier_3,17869,16,23.5,13,44672.5,0,9
2113,Tier_3,17853,0,26.9,16,44632.5,0,9
2114,Tier_3,17839,0,24.3,14,44597.5,0,9
2115,Tier_3,17848,26,21.9,17,44620,0,9
2116,Tier_3,17850,17,25.1,15,44625,0,9
2117,Tier_3,17843,12,23.1,19,44607.5,0,9
2118,Tier_3,17845,14,24.8,12,44612.5,0,9
2119,Tier_3,17864,32,22.7,13,44660,0,9
2120,Tier_3,17767,15,24.1,112,44417.5,0,9
2121,Tier_3,17632,0,22.8,135,44080,0,9
2122,Tier_3,17563,29,25.5,98,43907.5,0,9
2123,Tier_3,17434,13,23.9,142,43585,0,9
2124,Tier_3,17362,16,24.5,88,43405,0,9
2125,Tier_3,17269,12,21.1,105,43172.5,0,9
2126,Tier_3,17153,14,23.3,130,42882.5,0,9
2127,Tier_3,17067,29,24.8,115,42667.5,0,9
2128,Tier_3,16977,0,22,90,42442.5,0,9
2129,Tier_3,16857,28,25.1,148,42142.5,0,9
2130,Tier_3,16798,18,23.5,77,41995,0,9
2131,Tier_3,16673,0,24,125,41682.5,0,9
2132,Tier_3,16587,15,21.5,101,41467.5,0,9
2133,Tier_3,16470,16,25.9,133,41175,0,9
2134,Tier_3,16394,19,23.1,95,40985,0,9
2135,Tier_3,16276,0,22.5,118,40690,0,9
2136,Tier_3,16162,26,24.2,140,40405,0,9
2137,Tier_3,16090,10,21.8,82,40225,0,9
2138,Tier_3,15978,17,23.7,129,39945,0,9
2139,Tier_3,15873,0,25,105,39682.5,0,9
2140,Tier_3,15768,33,22.9,138,39420,0,9
2141,Tier_3,15702,13,24.7,79,39255,0,9
2142,Tier_3,15624,15,23,93,39060,0,9
2143,Tier_3,15530,16,21.3,110,38825,0,9
2144,Tier_3,15439,31,24.4,122,38597.5,0,9
2145,Tier_3,15422,0,25.1,17,38555,0,9
2146,Tier_3,15428,18,21.8,12,38570,0,9
2147,Tier_3,15429,16,26.5,15,38572.5,0,9
2148,Tier_3,15442,31,23.2,18,38605,0,9
2149,Tier_3,15449,21,20.9,14,38622.5,0,9
2150,Tier_3,15451,13,24.8,11,38627.5,0,9
2151,Tier_3,15435,0,22.1,16,38587.5,0,9
2152,Tier_3,15437,15,25.9,13,38592.5,0,9
2153,Tier_3,15418,0,20.5,19,38545,0,9
2154,Tier_3,15450,42,23.5,10,38625,0,9
2155,Tier_3,15455,20,26.1,15,38637.5,0,9
2156,Tier_3,15438,0,21,17,38595,0,9
2157,Tier_3,15460,34,24,12,38650,0,9
2158,Tier_3,15447,0,22.7,13,38617.5,0,9
2159,Tier_3,15460,31,25.5,18,38650,0,9
2160,Tier_3,15465,16,20.1,11,38662.5,0,9
2161,Tier_3,15449,0,23.8,16,38622.5,0,9
2162,Tier_3,15452,17,26.9,14,38630,0,9
2163,Tier_3,15451,18,21.5,19,38627.5,0,9
2164,Tier_3,15469,33,24.2,15,38672.5,0,9
2165,Tier_3,15467,15,22.5,17,38667.5,0,9
2166,Tier_3,15469,12,25,10,38672.5,0,9
2167,Tier_3,15456,0,20.7,13,38640,0,9
2168,Tier_3,15470,32,23.1,18,38675,0,9
2169,Tier_3,15458,0,26.3,12,38645,0,9
2170,Tier_3,15475,35,105.2,18,38687.5,0,9
2171,Tier_3,15478,15,88.9,12,38695,0,9
2172,Tier_3,15453,0,112.5,25,38632.5,0,9
2173,Tier_3,15496,58,93.1,15,38740,0,9
2174,Tier_3,15474,0,78.4,22,38685,0,9
2175,Tier_3,15477,13,101.7,10,38692.5,0,9
2176,Tier_3,15458,0,118.3,19,38645,0,9
2177,Tier_3,15462,18,95.6,14,38655,0,9
2178,Tier_3,15468,26,120,20,38670,0,9
2179,Tier_3,15457,0,72.2,11,38642.5,0,9
2180,Tier_3,15443,14,108.9,28,38607.5,0,9
2181,Tier_3,15469,42,115.4,16,38672.5,0,9
2182,Tier_3,15456,0,90.3,13,38640,0,9
2183,Tier_3,15435,0,103.1,21,38587.5,0,9
2184,Tier_3,15418,0,75,17,38545,0,9
2185,Tier_3,15451,56,110.2,23,38627.5,0,9
2186,Tier_3,15436,0,98.5,15,38590,0,9
2187,Tier_3,15435,18,118,19,38587.5,0,9
2188,Tier_3,15455,31,79.1,11,38637.5,0,9
2189,Tier_3,15444,13,106.4,24,38610,0,9
2190,Tier_3,15426,0,120,18,38565,0,9
2191,Tier_3,15447,31,91.2,10,38617.5,0,9
2192,Tier_3,15420,0,114.7,27,38550,0,9
2193,Tier_3,15406,0,76.3,14,38515,0,9
2194,Tier_3,15386,0,109.5,20,38465,0,9
2195,Tier_3,15383,14,26.7,17,38457.5,0,9
2196,Tier_3,15368,0,19.3,15,38420,0,9
2197,Tier_3,15355,0,24.1,13,38387.5,0,9
2198,Tier_3,15336,0,22.5,19,38340,0,9
2199,Tier_3,15324,0,27.8,12,38310,0,9
2200,Tier_3,15306,0,20,18,38265,0,9
2201,Tier_3,15295,0,25.5,11,38237.5,0,9
2202,Tier_3,15279,0,23.1,16,38197.5,0,9
2203,Tier_3,15265,0,21.9,14,38162.5,0,9
2204,Tier_3,15250,0,26.3,15,38125,0,9
2205,Tier_3,15240,0,18.8,10,38100,0,9
2206,Tier_3,15221,0,24.9,19,38052.5,0,9
2207,Tier_3,15208,0,22.1,13,38020,0,9
2208,Tier_3,15191,0,25,17,37977.5,0,9
2209,Tier_3,15176,0,20.5,15,37940,0,9
2210,Tier_3,15165,0,23.5,11,37912.5,0,9
2211,Tier_3,15147,0,27.1,18,37867.5,0,9
2212,Tier_3,15133,0,21.3,14,37832.5,0,9
2213,Tier_3,15117,0,24.5,16,37792.5,0,9
2214,Tier_3,15102,0,22.8,15,37755,0,9
2215,Tier_3,15110,18,26,10,37775,0,9
2216,Tier_3,15093,0,19.7,17,37732.5,0,9
2217,Tier_3,15080,0,23.9,13,37700,0,9
2218,Tier_3,15061,0,25.2,19,37652.5,0,9
2219,Tier_3,15047,0,20.8,14,37617.5,0,9
2220,Tier_3,15067,31,25.1,11,37667.5,0,9
2221,Tier_3,15073,21,22.8,15,37682.5,0,9
2222,Tier_3,15066,12,24.5,19,37665,0,9
2223,Tier_3,15053,0,20.3,13,37632.5,0,9
2224,Tier_3,15048,11,23.9,16,37620,0,9
2225,Tier_3,15068,32,25.5,12,37670,0,9
2226,Tier_3,15050,0,21.1,18,37625,0,9
2227,Tier_3,15059,24,24.2,15,37647.5,0,9
2228,Tier_3,15045,0,23,14,37612.5,0,9
2229,Tier_3,15062,34,26.7,17,37655,0,9
2230,Tier_3,15066,17,21.5,13,37665,0,9
2231,Tier_3,15065,15,22.3,16,37662.5,0,9
2232,Tier_3,15054,0,23.5,11,37635,0,9
2233,Tier_3,15064,25,20.8,15,37660,0,9
2234,Tier_3,15060,14,24.9,18,37650,0,9
2235,Tier_3,15048,0,25.8,12,37620,0,9
2236,Tier_3,15050,16,23.1,14,37625,0,9
2237,Tier_3,15071,34,21.9,13,37677.5,0,9
2238,Tier_3,15072,17,24,16,37680,0,9
2239,Tier_3,15053,0,22.5,19,37632.5,0,9
2240,Tier_3,15053,15,25.3,15,37632.5,0,9
2241,Tier_3,15059,23,20.1,17,37647.5,0,9
2242,Tier_3,15048,0,23.7,11,37620,0,9
2243,Tier_3,15071,37,24.7,14,37677.5,0,9
2244,Tier_3,15074,16,21.2,13,37685,0,9
2245,Tier_3,15079,18,25.3,13,37697.5,0,9
2246,Tier_3,15075,14,22.1,18,37687.5,0,9
2247,Tier_3,15078,13,28.5,10,37695,0,9
2248,Tier_3,15078,15,20.9,15,37695,0,9
2249,Tier_3,15059,0,25.8,19,37647.5,0,9
2250,Tier_3,15048,0,21.3,11,37620,0,9
2251,Tier_3,15085,51,23,14,37712.5,0,9
2252,Tier_3,15088,19,27.1,16,37720,0,9
2253,Tier_3,15090,14,24.5,12,37725,0,9
2254,Tier_3,15086,13,20,17,37715,0,9
2255,Tier_3,15072,0,26.7,14,37680,0,9
2256,Tier_3,15089,32,23.5,15,37722.5,0,9
2257,Tier_3,15071,0,21.8,18,37677.5,0,9
2258,Tier_3,15058,0,25.1,13,37645,0,9
2259,Tier_3,15091,48,22.9,15,37727.5,0,9
2260,Tier_3,15080,0,27.9,11,37700,0,9
2261,Tier_3,15109,45,20.5,16,37772.5,0,9
2262,Tier_3,15114,19,23.3,14,37785,0,9
2263,Tier_3,15095,0,26,19,37737.5,0,9
2264,Tier_3,15080,0,21,15,37700,0,9
2265,Tier_3,15101,33,24,12,37752.5,0,9
2266,Tier_3,15102,18,22.5,17,37755,0,9
2267,Tier_3,15089,0,28,13,37722.5,0,9
2268,Tier_3,15104,30,20.1,15,37760,0,9
2269,Tier_3,15105,17,23.8,16,37762.5,0,9
2270,Tier_3,15106,18,23.5,17,37765,0,9
2271,Tier_3,15106,16,25.1,16,37765,0,9
2272,Tier_3,15092,0,24.8,14,37730,0,9
2273,Tier_3,15074,0,22.9,18,37685,0,9
2274,Tier_3,15085,26,25.5,15,37712.5,0,9
2275,Tier_3,15098,26,23.1,13,37745,0,9
2276,Tier_3,15080,0,26,18,37700,0,9
2277,Tier_3,15081,13,24.3,12,37702.5,0,9
2278,Tier_3,15066,0,23.8,15,37665,0,9
2279,Tier_3,15082,35,25.8,19,37705,0,9
2280,Tier_3,15081,10,22.1,11,37702.5,0,9
2281,Tier_3,15077,12,24.5,16,37692.5,0,9
2282,Tier_3,15098,35,23.3,14,37745,0,9
2283,Tier_3,15095,14,26.5,17,37737.5,0,9
2284,Tier_3,15080,0,22.8,15,37700,0,9
2285,Tier_3,15102,35,24.1,13,37755,0,9
2286,Tier_3,15082,0,25.9,20,37705,0,9
2287,Tier_3,15071,0,23,11,37677.5,0,9
2288,Tier_3,15098,41,24.9,14,37745,0,9
2289,Tier_3,15106,27,25.2,19,37765,0,9
2290,Tier_3,15094,0,23.6,12,37735,0,9
2291,Tier_3,15076,0,26.3,18,37690,0,9
2292,Tier_3,15061,0,22.5,15,37652.5,0,9
2293,Tier_3,15063,18,24,16,37657.5,0,9
2294,Tier_3,15065,16,23.2,14,37662.5,0,9
2295,Tier_3,14979,16,23.4,102,37447.5,0,9
2296,Tier_3,14909,28,25.1,98,37272.5,0,9
2297,Tier_3,14811,17,22.9,115,37027.5,0,9
2298,Tier_3,14720,14,24.5,105,36800,0,9
2299,Tier_3,14595,0,23.1,125,36487.5,0,9
2300,Tier_3,14508,12,24.8,99,36270,0,9
2301,Tier_3,14409,11,22.3,110,36022.5,0,9
2302,Tier_3,14324,45,25.5,130,35810,0,9
2303,Tier_3,14216,0,23.8,108,35540,0,9
2304,Tier_3,14104,0,24.1,112,35260,0,9
2305,Tier_3,14030,46,22.7,120,35075,0,9
2306,Tier_3,13927,0,25.9,103,34817.5,0,9
2307,Tier_3,13823,14,23.5,118,34557.5,0,9
2308,Tier_3,13695,0,24.3,128,34237.5,0,9
2309,Tier_3,13621,33,23,107,34052.5,0,9
2310,Tier_3,13519,12,22.5,114,33797.5,0,9
2311,Tier_3,13423,0,25.3,96,33557.5,0,9
2312,Tier_3,13329,19,23.9,113,33322.5,0,9
2313,Tier_3,13212,15,24.6,132,33030,0,9
2314,Tier_3,13144,43,22.8,111,32860,0,9
2315,Tier_3,13039,0,25,105,32597.5,0,9
2316,Tier_3,12915,0,23.2,124,32287.5,0,9
2317,Tier_3,12864,46,24.2,97,32160,0,9
2318,Tier_3,12765,17,22.6,116,31912.5,0,9
2319,Tier_3,12664,0,25.7,101,31660,0,9
2320,Tier_3,12665,19,22.5,18,31662.5,0,9
2321,Tier_3,12662,12,28.9,15,31655,0,9
2322,Tier_3,12687,37,19.1,12,31717.5,0,9
2323,Tier_3,12689,18,24.7,16,31722.5,0,9
2324,Tier_3,12675,0,25.3,14,31687.5,0,9
2325,Tier_3,12669,11,21,17,31672.5,0,9
2326,Tier_3,12656,0,23.5,13,31640,0,9
2327,Tier_3,12655,14,20.8,15,31637.5,0,9
2328,Tier_3,12698,61,27.1,18,31745,0,9
2329,Tier_3,12687,0,24.1,11,31717.5,0,9
2330,Tier_3,12668,0,22.9,19,31670,0,9
2331,Tier_3,12669,17,26.5,16,31672.5,0,9
2332,Tier_3,12723,68,21.5,14,31807.5,0,9
2333,Tier_3,12706,0,23.8,17,31765,0,9
2334,Tier_3,12693,0,20.1,13,31732.5,0,9
2335,Tier_3,12678,0,25.9,15,31695,0,9
2336,Tier_3,12690,30,22.2,18,31725,0,9
2337,Tier_3,12694,16,28,12,31735,0,9
2338,Tier_3,12701,23,24.5,16,31752.5,0,9
2339,Tier_3,12704,20,20.5,17,31760,0,9
2340,Tier_3,12704,14,23.1,14,31760,0,9
2341,Tier_3,12735,46,21.8,15,31837.5,0,9
2342,Tier_3,12733,17,26.8,19,31832.5,0,9
2343,Tier_3,12720,0,22.7,13,31800,0,9
2344,Tier_3,12704,0,25,16,31760,0,9
2345,Tier_3,12704,13,25.1,13,31760,0,9
2346,Tier_3,12704,16,23.8,16,31760,0,9
2347,Tier_3,12690,0,24.5,14,31725,0,9
2348,Tier_3,12702,29,25.9,17,31755,0,9
2349,Tier_3,12698,11,22.1,15,31745,0,9
2350,Tier_3,12711,32,24,19,31777.5,0,9
2351,Tier_3,12698,0,26.3,13,31745,0,9
2352,Tier_3,12683,0,23.5,15,31707.5,0,9
2353,Tier_3,12692,27,25,18,31730,0,9
2354,Tier_3,12705,27,24.9,14,31762.5,0,9
2355,Tier_3,12706,17,22.7,16,31765,0,9
2356,Tier_3,12691,0,26.1,15,31727.5,0,9
2357,Tier_3,12708,34,23.3,17,31770,0,9
2358,Tier_3,12714,19,24.2,13,31785,0,9
2359,Tier_3,12717,18,25.5,15,31792.5,0,9
2360,Tier_3,12699,0,23,18,31747.5,0,9
2361,Tier_3,12704,17,24.7,12,31760,0,9
2362,Tier_3,12700,15,25.8,19,31750,0,9
2363,Tier_3,12715,29,22.9,14,31787.5,0,9
2364,Tier_3,12699,0,26,16,31747.5,0,9
2365,Tier_3,12693,11,23.1,17,31732.5,0,9
2366,Tier_3,12692,14,24.4,15,31730,0,9
2367,Tier_3,12679,0,25.2,13,31697.5,0,9
2368,Tier_3,12661,0,22.5,18,31652.5,0,9
2369,Tier_3,12678,32,24.8,15,31695,0,9
2370,Tier_3,12701,36,23.1,13,31752.5,0,9
2371,Tier_3,12717,33,25.5,17,31792.5,0,9
2372,Tier_3,12706,0,19.8,11,31765,0,9
2373,Tier_3,12690,0,21.3,16,31725,0,9
2374,Tier_3,12710,32,26,12,31775,0,9
2375,Tier_3,12695,0,22.7,15,31737.5,0,9
2376,Tier_3,12693,16,24.1,18,31732.5,0,9
2377,Tier_3,12694,14,20.5,13,31735,0,9
2378,Tier_3,12709,30,23.9,15,31772.5,0,9
2379,Tier_3,12707,17,25.1,19,31767.5,0,9
2380,Tier_3,12712,15,18.4,10,31780,0,9
2381,Tier_3,12698,0,24.8,14,31745,0,9
2382,Tier_3,12712,31,20.1,17,31780,0,9
2383,Tier_3,12715,14,22.3,11,31787.5,0,9
2384,Tier_3,12699,0,26.5,16,31747.5,0,9
2385,Tier_3,12702,16,19,13,31755,0,9
2386,Tier_3,12719,32,23.5,15,31797.5,0,9
2387,Tier_3,12701,0,21.8,18,31752.5,0,9
2388,Tier_3,12728,39,25.9,12,31820,0,9
2389,Tier_3,12713,0,20.9,15,31782.5,0,9
2390,Tier_3,12743,44,22.1,14,31857.5,0,9
2391,Tier_3,12726,0,24.5,17,31815,0,9
2392,Tier_3,12753,38,19.5,11,31882.5,0,9
2393,Tier_3,12758,18,23,13,31895,0,9
2394,Tier_3,12775,33,25.3,16,31937.5,0,9
2395,Tier_3,12757,0,23.5,18,31892.5,0,9
2396,Tier_3,12742,0,25.1,15,31855,0,9
2397,Tier_3,12757,31,22.9,16,31892.5,0,9
2398,Tier_3,12776,33,24.3,14,31940,0,9
2399,Tier_3,12757,0,26,19,31892.5,0,9
2400,Tier_3,12769,25,23.1,13,31922.5,0,9
2401,Tier_3,12752,0,24.5,17,31880,0,9
2402,Tier_3,12779,42,21.8,15,31947.5,0,9
2403,Tier_3,12759,0,25.5,20,31897.5,0,9
2404,Tier_3,12780,33,23.3,12,31950,0,9
2405,Tier_3,12779,15,24.1,16,31947.5,0,9
2406,Tier_3,12779,18,22.5,18,31947.5,0,9
2407,Tier_3,12765,0,26.2,14,31912.5,0,9
2408,Tier_3,12748,0,23.8,17,31870,0,9
2409,Tier_3,12752,23,24.9,19,31880,0,9
2410,Tier_3,12789,52,21.5,15,31972.5,0,9
2411,Tier_3,12776,0,25.8,13,31940,0,9
2412,Tier_3,12798,38,23,16,31995,0,9
2413,Tier_3,12780,0,22.1,18,31950,0,9
2414,Tier_3,12780,14,24.7,14,31950,0,9
2415,Tier_3,12774,15,25.3,21,31935,0,9
2416,Tier_3,12768,11,23.4,17,31920,0,9
2417,Tier_3,12754,0,26.5,14,31885,0,9
2418,Tier_3,12738,0,22.7,16,31845,0,9
2419,Tier_3,12752,34,24,20,31880,0,9
2420,Tier_3,12754,15,25.1,13,31885,0,9
2421,Tier_3,12750,13,22.8,17,31875,0,9
2422,Tier_3,12750,12,24.5,12,31875,0,9
2423,Tier_3,12742,11,23.9,19,31855,0,9
2424,Tier_3,12742,14,24.1,14,31855,0,9
2425,Tier_3,12760,34,25.5,16,31900,0,9
2426,Tier_3,12749,0,23.3,11,31872.5,0,9
2427,Tier_3,12741,10,24.8,18,31852.5,0,9
2428,Tier_3,12743,17,22.1,15,31857.5,0,9
2429,Tier_3,12767,34,25.9,10,31917.5,0,9
2430,Tier_3,12748,0,24.7,19,31870,0,9
2431,Tier_3,12734,0,23.5,14,31835,0,9
2432,Tier_3,12747,30,24,17,31867.5,0,9
2433,Tier_3,12747,13,22.9,13,31867.5,0,9
2434,Tier_3,12749,18,25.2,16,31872.5,0,9
2435,Tier_3,12769,32,23.1,12,31922.5,0,9
2436,Tier_3,12749,0,24.3,20,31872.5,0,9
2437,Tier_3,12745,11,25,15,31862.5,0,9
2438,Tier_3,12734,0,23.7,11,31835,0,9
2439,Tier_3,12744,28,24.9,18,31860,0,9
2440,Tier_3,12749,19,22.5,14,31872.5,0,9
2441,Tier_3,12745,15,24.2,19,31862.5,0,9
2442,Tier_3,12735,0,25.3,10,31837.5,0,9
2443,Tier_3,12750,31,23,16,31875,0,9
2444,Tier_3,12752,15,24.6,13,31880,0,9
2445,Tier_3,12758,18,23.7,12,31895,0,9
2446,Tier_3,12760,21,25.1,19,31900,0,9
2447,Tier_3,12759,12,24.9,13,31897.5,0,9
2448,Tier_3,12761,17,23.2,15,31902.5,0,9
2449,Tier_3,12765,14,24.5,10,31912.5,0,9
2450,Tier_3,12764,16,25.8,17,31910,0,9
2451,Tier_3,12769,19,24.1,14,31922.5,0,9
2452,Tier_3,12780,22,23.5,11,31950,0,9
2453,Tier_3,12764,0,24.8,16,31910,0,9
2454,Tier_3,12751,0,25.5,13,31877.5,0,9
2455,Tier_3,12779,46,23.9,18,31947.5,0,9
2456,Tier_3,12798,31,24.3,12,31995,0,9
2457,Tier_3,12783,0,25.2,15,31957.5,0,9
2458,Tier_3,12787,14,23.1,10,31967.5,0,9
2459,Tier_3,12787,17,24.7,17,31967.5,0,9
2460,Tier_3,12792,19,25.9,14,31980,0,9
2461,Tier_3,12781,0,23.6,11,31952.5,0,9
2462,Tier_3,12811,46,24.2,16,32027.5,0,9
2463,Tier_3,12798,0,25,13,31995,0,9
2464,Tier_3,12801,21,23.4,18,32002.5,0,9
2465,Tier_3,12804,15,24.6,12,32010,0,9
2466,Tier_3,12806,17,25.3,15,32015,0,9
2467,Tier_3,12809,13,23.3,10,32022.5,0,9
2468,Tier_3,12792,0,24.4,17,31980,0,9
2469,Tier_3,12810,32,25.7,14,32025,0,9
2470,Tier_3,12797,0,26.4,13,31992.5,0,9
2471,Tier_3,12810,31,21.9,18,32025,0,9
2472,Tier_3,12806,11,25.1,15,32015,0,9
2473,Tier_3,12803,13,18.8,16,32007.5,0,9
2474,Tier_3,12791,0,23.5,12,31977.5,0,9
2475,Tier_3,12786,12,28.2,17,31965,0,9
2476,Tier_3,12805,33,19.3,14,32012.5,0,9
2477,Tier_3,12786,0,20.5,19,31965,0,9
2478,Tier_3,12793,17,27.7,10,31982.5,0,9
2479,Tier_3,12797,19,22.1,15,31992.5,0,9
2480,Tier_3,12804,25,24.8,18,32010,0,9
2481,Tier_3,12804,13,21,13,32010,0,9
2482,Tier_3,12809,16,23.9,11,32022.5,0,9
2483,Tier_3,12795,0,25.5,14,31987.5,0,9
2484,Tier_3,12794,18,20.1,19,31985,0,9
2485,Tier_3,12789,12,26.8,17,31972.5,0,9
2486,Tier_3,12805,32,22.9,16,32012.5,0,9
2487,Tier_3,12812,19,24,12,32030,0,9
2488,Tier_3,12811,14,21.5,15,32027.5,0,9
2489,Tier_3,12793,0,23.1,18,31982.5,0,9
2490,Tier_3,12803,24,25.9,14,32007.5,0,9
2491,Tier_3,12800,16,20.7,19,32000,0,9
2492,Tier_3,12820,33,22.5,13,32050,0,9
2493,Tier_3,12818,14,27,16,32045,0,9
2494,Tier_3,12803,0,24.3,15,32007.5,0,9
2495,Tier_3,12820,31,23.5,14,32050,0,9
2496,Tier_3,12817,16,25.1,19,32042.5,0,9
2497,Tier_3,12837,32,22.8,12,32092.5,0,9
2498,Tier_3,12835,13,24,15,32087.5,0,9
2499,Tier_3,12818,0,21.3,17,32045,0,9
2500,Tier_3,12805,0,23.9,13,32012.5,0,9
2501,Tier_3,12804,14,24.5,15,32010,0,9
2502,Tier_3,12810,17,20.7,11,32025,0,9
2503,Tier_3,12812,18,23.1,16,32030,0,9
2504,Tier_3,12809,15,25.8,18,32022.5,0,9
2505,Tier_3,12813,19,21,15,32032.5,0,9
2506,Tier_3,12825,25,24.2,13,32062.5,0,9
2507,Tier_3,12811,0,22.5,14,32027.5,0,9
2508,Tier_3,12792,0,23.3,19,31980,0,9
2509,Tier_3,12810,30,20.1,12,32025,0,9
2510,Tier_3,12811,17,24.7,16,32027.5,0,9
2511,Tier_3,12809,13,23,15,32022.5,0,9
2512,Tier_3,12849,51,21.5,11,32122.5,0,9
2513,Tier_3,12832,0,25.5,17,32080,0,9
2514,Tier_3,12833,14,22.2,13,32082.5,0,9
2515,Tier_3,12818,0,24.9,15,32045,0,9
2516,Tier_3,12820,16,23.7,14,32050,0,9
2517,Tier_3,12802,0,21.8,18,32005,0,9
2518,Tier_3,12807,17,24.1,12,32017.5,0,9
2519,Tier_3,12808,17,20.5,16,32020,0,9
2520,Tier_3,12837,41,26.1,12,32092.5,0,9
2521,Tier_3,12833,14,18.5,18,32082.5,0,9
2522,Tier_3,12834,16,22.9,15,32085,0,9
2523,Tier_3,12836,15,24.3,13,32090,0,9
2524,Tier_3,12837,18,15.7,17,32092.5,0,9
2525,Tier_3,12836,13,25.8,14,32090,0,9
2526,Tier_3,12853,28,19.1,11,32132.5,0,9
2527,Tier_3,12834,0,23.5,19,32085,0,9
2528,Tier_3,12818,0,20.2,16,32045,0,9
2529,Tier_3,12831,23,24.9,10,32077.5,0,9
2530,Tier_3,12847,31,16.3,15,32117.5,0,9
2531,Tier_3,12849,15,21.1,13,32122.5,0,9
2532,Tier_3,12831,0,23.8,18,32077.5,0,9
2533,Tier_3,12819,0,17.9,12,32047.5,0,9
2534,Tier_3,12834,29,25,14,32085,0,9
2535,Tier_3,12832,18,22.5,20,32080,0,9
2536,Tier_3,12838,16,18,10,32095,0,9
2537,Tier_3,12822,0,20.5,16,32055,0,9
2538,Tier_3,12805,0,24,17,32012.5,0,9
2539,Tier_3,12843,51,15.1,13,32107.5,0,9
2540,Tier_3,12869,41,23.3,15,32172.5,0,9
2541,Tier_3,12858,0,19.8,11,32145,0,9
2542,Tier_3,12863,15,21.5,10,32157.5,0,9
2543,Tier_3,12842,0,26,21,32105,0,9
2544,Tier_3,12828,0,22,14,32070,0,9
2545,Tier_3,12736,28,25.1,120,31840,0,9
2546,Tier_3,12635,34,24.7,135,31587.5,0,9
2547,Tier_3,12512,19,25.9,142,31280,0,9
2548,Tier_3,12409,15,23.5,118,31022.5,0,9
2549,Tier_3,12284,0,24.1,125,30710,0,9
2550,Tier_3,12154,0,25.3,130,30385,0,9
2551,Tier_3,12053,47,23.8,148,30132.5,0,9
2552,Tier_3,11952,14,25.5,115,29880,0,9
2553,Tier_3,11824,0,24.9,128,29560,0,9
2554,Tier_3,11728,37,26.1,133,29320,0,9
2555,Tier_3,11609,0,23.2,119,29022.5,0,9
2556,Tier_3,11485,16,25.8,140,28712.5,0,9
2557,Tier_3,11398,35,24.4,122,28495,0,9
2558,Tier_3,11261,0,25,137,28152.5,0,9
2559,Tier_3,11131,15,23.9,145,27827.5,0,9
2560,Tier_3,11015,0,25.2,116,27537.5,0,9
2561,Tier_3,10901,15,24.6,129,27252.5,0,9
2562,Tier_3,10771,19,26.3,149,26927.5,0,9
2563,Tier_3,10663,16,23.1,124,26657.5,0,9
2564,Tier_3,10544,12,25.7,131,26360,0,9
2565,Tier_3,10417,0,24.5,127,26042.5,0,9
2566,Tier_3,10312,13,25.4,118,25780,0,9
2567,Tier_3,10169,0,23.6,143,25422.5,0,9
2568,Tier_3,10043,0,25.1,126,25107.5,0,9
2569,Tier_3,9927,18,24.8,134,24817.5,0,9
2570,Tier_3,9929,16,25.1,14,24822.5,0,9
2571,Tier_3,9923,11,23.8,17,24807.5,0,9
2572,Tier_3,9923,15,24.5,15,24807.5,0,9
2573,Tier_3,9950,40,25.3,13,24875,0,9
2574,Tier_3,9934,0,22.9,16,24835,0,9
2575,Tier_3,9948,33,24.1,19,24870,0,9
2576,Tier_3,9933,0,23.5,15,24832.5,0,9
2577,Tier_3,9915,0,25,18,24787.5,0,9
2578,Tier_3,9943,40,24.7,12,24857.5,0,9
2579,Tier_3,9929,0,23.1,14,24822.5,0,9
2580,Tier_3,9932,20,25.5,17,24830,0,9
2581,Tier_3,9938,21,22.2,15,24845,0,9
2582,Tier_3,9938,16,24,16,24845,0,9
2583,Tier_3,9958,33,23.3,13,24895,0,9
2584,Tier_3,9940,0,24.8,18,24850,0,9
2585,Tier_3,9937,12,25.2,15,24842.5,0,9
2586,Tier_3,9954,31,23.9,14,24885,0,9
2587,Tier_3,9937,0,24.3,17,24842.5,0,9
2588,Tier_3,9948,23,25,12,24870,0,9
2589,Tier_3,9949,16,22.5,15,24872.5,0,9
2590,Tier_3,9952,19,24.9,16,24880,0,9
2591,Tier_3,9970,31,23.7,13,24925,0,9
2592,Tier_3,9951,0,25.1,19,24877.5,0,9
2593,Tier_3,9951,15,24.4,15,24877.5,0,9
2594,Tier_3,9952,18,23,17,24880,0,9
2595,Tier_3,9963,28,22.5,17,24907.5,0,9
2596,Tier_3,9959,15,26.1,19,24897.5,0,9
2597,Tier_3,9958,14,23.8,15,24895,0,9
2598,Tier_3,9963,18,24.9,13,24907.5,0,9
2599,Tier_3,9956,11,21.3,18,24890,0,9
2600,Tier_3,9957,17,25.5,16,24892.5,0,9
2601,Tier_3,9945,0,23.1,12,24862.5,0,9
2602,Tier_3,9955,29,20.7,19,24887.5,0,9
2603,Tier_3,9969,29,24,15,24922.5,0,9
2604,Tier_3,9952,0,27.2,17,24880,0,9
2605,Tier_3,9938,0,22.9,14,24845,0,9
2606,Tier_3,9970,48,25,16,24925,0,9
2607,Tier_3,9952,0,23.5,18,24880,0,9
2608,Tier_3,9941,0,21.1,11,24852.5,0,9
2609,Tier_3,9941,15,24.5,15,24852.5,0,9
2610,Tier_3,9953,31,26.8,19,24882.5,0,9
2611,Tier_3,9973,33,22.2,13,24932.5,0,9
2612,Tier_3,9956,0,23.3,17,24890,0,9
2613,Tier_3,9953,11,20,14,24882.5,0,9
2614,Tier_3,9937,0,25.9,16,24842.5,0,9
2615,Tier_3,9948,29,22,18,24870,0,9
2616,Tier_3,9933,0,24.1,15,24832.5,0,9
2617,Tier_3,9977,61,27.5,17,24942.5,0,9
2618,Tier_3,9965,0,23,12,24912.5,0,9
2619,Tier_3,9950,0,21.8,15,24875,0,9
2620,Tier_3,9946,12,23.8,16,24865,0,9
2621,Tier_3,9949,17,24.5,14,24872.5,0,9
2622,Tier_3,9943,13,25.1,19,24857.5,0,9
2623,Tier_3,9952,26,22.9,17,24880,0,9
2624,Tier_3,9953,14,24,13,24882.5,0,9
2625,Tier_3,9935,0,23.3,18,24837.5,0,9
2626,Tier_3,9938,18,25.5,15,24845,0,9
2627,Tier_3,9942,16,21.7,12,24855,0,9
2628,Tier_3,9934,13,23.1,21,24835,0,9
2629,Tier_3,9933,10,24.8,11,24832.5,0,9
2630,Tier_3,9917,0,23.5,16,24792.5,0,9
2631,Tier_3,9954,51,25,14,24885,0,9
2632,Tier_3,9935,0,22.5,19,24837.5,0,9
2633,Tier_3,9961,41,24.2,15,24902.5,0,9
2634,Tier_3,9941,0,23.9,20,24852.5,0,9
2635,Tier_3,9943,15,21.1,13,24857.5,0,9
2636,Tier_3,9925,0,25.3,18,24812.5,0,9
2637,Tier_3,9938,30,23,17,24845,0,9
2638,Tier_3,9923,0,24.7,15,24807.5,0,9
2639,Tier_3,9901,0,22.1,22,24752.5,0,9
2640,Tier_3,9920,31,23.6,12,24800,0,9
2641,Tier_3,9933,29,25.2,16,24832.5,0,9
2642,Tier_3,9919,0,24.1,14,24797.5,0,9
2643,Tier_3,9900,0,21.9,19,24750,0,9
2644,Tier_3,9905,18,23.4,13,24762.5,0,9
2645,Tier_3,9920,31,25.1,16,24800,0,9
2646,Tier_3,9923,15,23.8,12,24807.5,0,9
2647,Tier_3,9928,20,26.5,15,24820,0,9
2648,Tier_3,9940,30,21.9,18,24850,0,9
2649,Tier_3,9944,14,24.3,10,24860,0,9
2650,Tier_3,9927,0,22.7,17,24817.5,0,9
2651,Tier_3,9936,22,25.9,13,24840,0,9
2652,Tier_3,9938,16,20.1,14,24845,0,9
2653,Tier_3,9919,0,23.5,19,24797.5,0,9
2654,Tier_3,9948,45,24.8,16,24870,0,9
2655,Tier_3,9937,0,21.2,11,24842.5,0,9
2656,Tier_3,9945,25,25.5,17,24862.5,0,9
2657,Tier_3,9947,15,22.3,13,24867.5,0,9
2658,Tier_3,9953,21,23.1,15,24882.5,0,9
2659,Tier_3,9941,0,24.9,12,24852.5,0,9
2660,Tier_3,9937,16,20.5,20,24842.5,0,9
2661,Tier_3,9965,42,23.9,14,24912.5,0,9
2662,Tier_3,9954,0,21.5,11,24885,0,9
2663,Tier_3,9950,14,25,18,24875,0,9
2664,Tier_3,9945,11,22.9,16,24862.5,0,9
2665,Tier_3,9946,18,24.1,17,24865,0,9
2666,Tier_3,9968,32,20.8,10,24920,0,9
2667,Tier_3,9966,13,23.3,15,24915,0,9
2668,Tier_3,9953,0,26.1,13,24882.5,0,9
2669,Tier_3,9935,0,22,18,24837.5,0,9
2670,Tier_3,9970,47,25.1,12,24925,0,9
2671,Tier_3,9953,0,22.8,17,24882.5,0,9
2672,Tier_3,9955,13,26.5,11,24887.5,0,9
2673,Tier_3,9984,48,23.1,19,24960,0,9
2674,Tier_3,9971,0,24.9,13,24927.5,0,9
2675,Tier_3,9955,0,21.3,16,24887.5,0,9
2676,Tier_3,9953,12,25.8,14,24882.5,0,9
2677,Tier_3,9979,36,23.5,10,24947.5,0,9
2678,Tier_3,9964,0,24.1,15,24910,0,9
2679,Tier_3,9984,31,20.9,11,24960,0,9
2680,Tier_3,9986,19,25.3,17,24965,0,9
2681,Tier_3,9991,18,22,13,24977.5,0,9
2682,Tier_3,9995,20,23.8,16,24987.5,0,9
2683,Tier_3,9977,0,24.5,18,24942.5,0,9
2684,Tier_3,9996,28,21.7,9,24990,0,9
2685,Tier_3,10000,16,25.9,12,25000,0,9
2686,Tier_3,9985,0,23.3,15,24962.5,0,9
2687,Tier_3,9998,27,24.7,14,24995,0,9
2688,Tier_3,10005,17,22.5,10,25012.5,0,9
2689,Tier_3,10004,18,26.1,19,25010,0,9
2690,Tier_3,10012,19,23,11,25030,0,9
2691,Tier_3,10012,16,21.9,16,25030,0,9
2692,Tier_3,9999,0,24.2,13,24997.5,0,9
2693,Tier_3,9982,0,25.5,17,24955,0,9
2694,Tier_3,10000,32,22.7,14,25000,0,9
2695,Tier_3,9998,16,22.5,18,24995,0,9
2696,Tier_3,10014,28,28.1,12,25035,0,9
2697,Tier_3,9999,0,19.3,15,24997.5,0,9
2698,Tier_3,9999,14,25,14,24997.5,0,9
2699,Tier_3,10000,17,21.7,16,25000,0,9
2700,Tier_3,10007,18,23.4,11,25017.5,0,9
2701,Tier_3,10006,12,26.8,13,25015,0,9
2702,Tier_3,10022,35,20.1,19,25055,0,9
2703,Tier_3,10021,14,24.5,15,25052.5,0,9
2704,Tier_3,10011,0,21,10,25027.5,0,9
2705,Tier_3,10008,15,23.9,18,25020,0,9
2706,Tier_3,10022,28,27.3,14,25055,0,9
2707,Tier_3,10025,19,19.8,16,25062.5,0,9
2708,Tier_3,10013,0,22.2,12,25032.5,0,9
2709,Tier_3,10011,13,25.6,15,25027.5,0,9
2710,Tier_3,10009,15,20.5,17,25022.5,0,9
2711,Tier_3,10012,16,23.1,13,25030,0,9
2712,Tier_3,10019,18,26,11,25047.5,0,9
2713,Tier_3,10033,33,21.5,19,25082.5,0,9
2714,Tier_3,10018,0,24.1,15,25045,0,9
2715,Tier_3,10021,17,18.9,14,25052.5,0,9
2716,Tier_3,10032,27,22.8,16,25080,0,9
2717,Tier_3,10047,27,25.5,12,25117.5,0,9
2718,Tier_3,10029,0,20.9,18,25072.5,0,9
2719,Tier_3,10028,12,23.3,13,25070,0,9
2720,Tier_3,10011,0,23.7,17,25027.5,0,9
2721,Tier_3,10006,14,25.1,19,25015,0,9
2722,Tier_3,10005,15,23.3,16,25012.5,0,9
2723,Tier_3,10021,34,24.5,18,25052.5,0,9
2724,Tier_3,10022,15,26.8,14,25055,0,9
2725,Tier_3,10019,17,22.9,20,25047.5,0,9
2726,Tier_3,10004,0,24.1,15,25010,0,9
2727,Tier_3,10010,23,25.5,17,25025,0,9
2728,Tier_3,10008,10,23,12,25020,0,9
2729,Tier_3,10000,13,24.8,21,25000,0,9
2730,Tier_3,10010,26,22.1,16,25025,0,9
2731,Tier_3,9991,0,26,19,24977.5,0,9
2732,Tier_3,9976,0,23.5,15,24940,0,9
2733,Tier_3,9973,15,24.9,18,24932.5,0,9
2734,Tier_3,9992,32,25.8,13,24980,0,9
2735,Tier_3,9998,26,22.5,20,24995,0,9
2736,Tier_3,9981,0,24.2,17,24952.5,0,9
2737,Tier_3,9966,0,23.1,15,24915,0,9
2738,Tier_3,9978,31,25.3,19,24945,0,9
2739,Tier_3,9991,29,24,16,24977.5,0,9
2740,Tier_3,9978,0,23.8,13,24945,0,9
2741,Tier_3,9960,0,26.5,18,24900,0,9
2742,Tier_3,9950,11,22.7,21,24875,0,9
2743,Tier_3,9952,16,24.7,14,24880,0,9
2744,Tier_3,9953,18,25.9,17,24882.5,0,9
2745,Tier_3,9951,15,24.7,17,24877.5,0,9
2746,Tier_3,9958,21,23.1,14,24895,0,9
2747,Tier_3,9960,17,25.5,15,24900,0,9
2748,Tier_3,9967,19,22.9,12,24917.5,0,9
2749,Tier_3,9951,0,24.1,16,24877.5,0,9
2750,Tier_3,9947,15,26.3,19,24867.5,0,9
2751,Tier_3,9959,25,23.5,13,24897.5,0,9
2752,Tier_3,9958,14,25.8,15,24895,0,9
2753,Tier_3,9956,16,24,18,24890,0,9
2754,Tier_3,9962,20,23.2,14,24905,0,9
2755,Tier_3,9945,0,25.1,17,24862.5,0,9
2756,Tier_3,9949,15,22.5,11,24872.5,0,9
2757,Tier_3,9970,37,24.5,16,24925,0,9
2758,Tier_3,9974,17,23.8,13,24935,0,9
2759,Tier_3,9959,0,26,15,24897.5,0,9
2760,Tier_3,9982,41,23,18,24955,0,9
2761,Tier_3,9970,0,24.8,12,24925,0,9
2762,Tier_3,9956,0,25.9,14,24890,0,9
2763,Tier_3,9970,33,22.1,19,24925,0,9
2764,Tier_3,9966,12,24.3,16,24915,0,9
2765,Tier_3,9972,19,23.3,13,24930,0,9
2766,Tier_3,9957,0,26.5,15,24892.5,0,9
2767,Tier_3,9957,17,24.9,17,24892.5,0,9
2768,Tier_3,9958,13,23.6,12,24895,0,9
2769,Tier_3,9960,16,25.2,14,24900,0,9
2770,Tier_3,9977,30,23.5,13,24942.5,0,9
2771,Tier_3,9977,17,26.1,17,24942.5,0,9
2772,Tier_3,9963,0,21.8,14,24907.5,0,9
2773,Tier_3,9975,28,24.9,16,24937.5,0,9
2774,Tier_3,9957,0,22,18,24892.5,0,9
2775,Tier_3,9960,18,25.5,15,24900,0,9
2776,Tier_3,9959,12,20.3,13,24897.5,0,9
2777,Tier_3,9967,27,23.1,19,24917.5,0,9
2778,Tier_3,9979,27,24,15,24947.5,0,9
2779,Tier_3,9967,0,22.7,12,24917.5,0,9
2780,Tier_3,9972,19,25.8,14,24930,0,9
2781,Tier_3,9970,15,20.5,17,24925,0,9
2782,Tier_3,9971,17,23.3,16,24927.5,0,9
2783,Tier_3,9967,11,21.1,15,24917.5,0,9
2784,Tier_3,9954,0,24.5,13,24885,0,9
2785,Tier_3,9965,29,22.2,18,24912.5,0,9
2786,Tier_3,9967,16,25,14,24917.5,0,9
2787,Tier_3,9950,0,20.8,17,24875,0,9
2788,Tier_3,9981,47,23.9,16,24952.5,0,9
2789,Tier_3,9966,0,21.5,15,24915,0,9
2790,Tier_3,9954,0,24.2,12,24885,0,9
2791,Tier_3,9935,0,22.9,19,24837.5,0,9
2792,Tier_3,9964,43,25.1,14,24910,0,9
2793,Tier_3,9951,0,20.1,13,24877.5,0,9
2794,Tier_3,9982,48,23.8,17,24955,0,9
2795,Tier_3,9968,0,23.8,14,24920,0,9
2796,Tier_3,9987,35,25.1,16,24967.5,0,9
2797,Tier_3,9982,12,22.5,17,24955,0,9
2798,Tier_3,9979,11,24.9,14,24947.5,0,9
2799,Tier_3,9961,0,21.3,18,24902.5,0,9
2800,Tier_3,9959,13,26.7,15,24897.5,0,9
2801,Tier_3,9975,32,23.1,16,24937.5,0,9
2802,Tier_3,9989,27,20.5,13,24972.5,0,9
2803,Tier_3,9974,0,24.2,15,24935,0,9
2804,Tier_3,9971,14,22.8,17,24927.5,0,9
2805,Tier_3,9969,12,25.5,14,24922.5,0,9
2806,Tier_3,9965,15,23.9,19,24912.5,0,9
2807,Tier_3,9961,11,21.9,15,24902.5,0,9
2808,Tier_3,9974,31,24.5,18,24935,0,9
2809,Tier_3,9962,0,22.1,12,24905,0,9
2810,Tier_3,9946,0,26.3,16,24865,0,9
2811,Tier_3,9967,36,23.5,15,24917.5,0,9
2812,Tier_3,9963,13,20.1,17,24907.5,0,9
2813,Tier_3,9962,18,25.8,19,24905,0,9
2814,Tier_3,9979,30,22.9,13,24947.5,0,9
2815,Tier_3,9965,0,21.5,14,24912.5,0,9
2816,Tier_3,9947,0,24.1,18,24867.5,0,9
2817,Tier_3,9942,10,23.3,15,24855,0,9
2818,Tier_3,9940,15,20.9,17,24850,0,9
2819,Tier_3,9959,35,25,16,24897.5,0,9
2820,Tier_3,9960,17,25.1,16,24900,0,9
2821,Tier_3,9960,15,23.8,15,24900,0,9
2822,Tier_3,9957,15,24.5,18,24892.5,0,9
2823,Tier_3,9956,13,25.9,14,24890,0,9
2824,Tier_3,9959,18,23.1,15,24897.5,0,9
2825,Tier_3,9940,0,24.8,19,24850,0,9
2826,Tier_3,9923,0,22.5,17,24807.5,0,9
2827,Tier_3,9949,42,25.3,16,24872.5,0,9
2828,Tier_3,9934,0,24,15,24835,0,9
2829,Tier_3,9935,15,23.5,14,24837.5,0,9
2830,Tier_3,9936,18,25.7,17,24840,0,9
2831,Tier_3,9942,24,24.1,18,24855,0,9
2832,Tier_3,9961,35,22.9,16,24902.5,0,9
2833,Tier_3,9946,0,23.3,15,24865,0,9
2834,Tier_3,9933,0,25.5,13,24832.5,0,9
2835,Tier_3,9930,14,24.9,17,24825,0,9
2836,Tier_3,9932,17,23,15,24830,0,9
2837,Tier_3,9943,27,25,16,24857.5,0,9
2838,Tier_3,9929,0,22.1,14,24822.5,0,9
2839,Tier_3,9948,37,24.2,18,24870,0,9
2840,Tier_3,9963,30,23.7,15,24907.5,0,9
2841,Tier_3,9946,0,25.8,17,24865,0,9
2842,Tier_3,9927,0,24.3,19,24817.5,0,9
2843,Tier_3,9911,0,22.6,16,24777.5,0,9
2844,Tier_3,9913,15,25.2,13,24782.5,0,9
2845,Tier_3,9936,36,23.1,13,24840,0,9
2846,Tier_3,9932,15,25.6,19,24830,0,9
2847,Tier_3,9935,18,24.3,15,24837.5,0,9
2848,Tier_3,9934,17,22.9,18,24835,0,9
2849,Tier_3,9939,16,26.1,11,24847.5,0,9
2850,Tier_3,9940,14,23.8,13,24850,0,9
2851,Tier_3,9924,0,25,16,24810,0,9
2852,Tier_3,9946,34,22.5,12,24865,0,9
2853,Tier_3,9945,16,24.7,17,24862.5,0,9
2854,Tier_3,9930,0,23.3,15,24825,0,9
2855,Tier_3,9948,32,25.9,14,24870,0,9
2856,Tier_3,9966,37,24.1,19,24915,0,9
2857,Tier_3,9953,0,22,13,24882.5,0,9
2858,Tier_3,9936,0,26.5,17,24840,0,9
2859,Tier_3,9943,18,23.5,11,24857.5,0,9
2860,Tier_3,9975,47,24.9,15,24937.5,0,9
2861,Tier_3,9959,0,22.7,16,24897.5,0,9
2862,Tier_3,9960,15,25.2,14,24900,0,9
2863,Tier_3,9961,19,24,18,24902.5,0,9
2864,Tier_3,9964,15,23.9,12,24910,0,9
2865,Tier_3,9951,0,26.8,13,24877.5,0,9
2866,Tier_3,9971,35,24.5,15,24927.5,0,9
2867,Tier_3,9970,16,22.2,17,24925,0,9
2868,Tier_3,9977,18,25.5,11,24942.5,0,9
2869,Tier_3,9972,14,23,19,24930,0,9
2870,Tier_3,9961,0,25.1,11,24902.5,0,9
2871,Tier_3,9973,28,19.8,16,24932.5,0,9
2872,Tier_3,9970,15,24.5,18,24925,0,9
2873,Tier_3,9957,0,20.3,13,24892.5,0,9
2874,Tier_3,9978,36,26.7,15,24945,0,9
2875,Tier_3,9978,14,21.1,14,24945,0,9
2876,Tier_3,9974,13,23.9,17,24935,0,9
2877,Tier_3,9973,11,22.5,12,24932.5,0,9
2878,Tier_3,9973,15,25.3,15,24932.5,0,9
2879,Tier_3,9968,14,18.9,19,24920,0,9
2880,Tier_3,9968,16,24.1,16,24920,0,9
2881,Tier_3,9975,18,20.7,11,24937.5,0,9
2882,Tier_3,9957,0,23.3,18,24892.5,0,9
2883,Tier_3,9956,12,26.1,13,24890,0,9
2884,Tier_3,9967,28,21.5,17,24917.5,0,9
2885,Tier_3,9970,17,19.5,14,24925,0,9
2886,Tier_3,9955,0,24.9,15,24887.5,0,9
2887,Tier_3,9976,33,22.1,12,24940,0,9
2888,Tier_3,9969,11,25.5,18,24922.5,0,9
2889,Tier_3,9969,16,20.1,16,24922.5,0,9
2890,Tier_3,9968,14,23.7,15,24920,0,9
2891,Tier_3,9977,22,21.9,13,24942.5,0,9
2892,Tier_3,9994,34,24.3,17,24985,0,9
2893,Tier_3,9991,11,22.9,14,24977.5,0,9
2894,Tier_3,9985,13,25.7,19,24962.5,0,9
2895,Tier_3,9992,18,25.1,11,24980,0,9
2896,Tier_3,10005,28,18.5,15,25012.5,0,9
2897,Tier_3,9987,0,28.9,18,24967.5,0,9
2898,Tier_3,9995,21,22.3,13,24987.5,0,9
2899,Tier_3,9995,16,19.7,16,24987.5,0,9
2900,Tier_3,10006,25,24.5,14,25015,0,9
2901,Tier_3,10006,19,20.1,19,25015,0,9
2902,Tier_3,10006,12,27.8,12,25015,0,9
2903,Tier_3,10005,14,21.5,15,25012.5,0,9
2904,Tier_3,10005,17,23,17,25012.5,0,9
2905,Tier_3,10035,43,26.2,13,25087.5,0,9
2906,Tier_3,10037,18,19,16,25092.5,0,9
2907,Tier_3,10023,0,24.1,14,25057.5,0,9
2908,Tier_3,10005,0,21.8,18,25012.5,0,9
2909,Tier_3,10041,51,25.5,15,25102.5,0,9
2910,Tier_3,10030,0,20.5,11,25075,0,9
2911,Tier_3,10029,16,22.9,17,25072.5,0,9
2912,Tier_3,10010,0,27.1,19,25025,0,9
2913,Tier_3,10011,14,19.3,13,25027.5,0,9
2914,Tier_3,10047,52,23.5,16,25117.5,0,9
2915,Tier_3,10032,0,26.7,15,25080,0,9
2916,Tier_3,10053,33,21.1,12,25132.5,0,9
2917,Tier_3,10039,0,24.9,14,25097.5,0,9
2918,Tier_3,10022,0,20.8,17,25055,0,9
2919,Tier_3,10019,10,22,13,25047.5,0,9
2920,Tier_3,10046,40,23.8,13,25115,0,9
2921,Tier_3,10051,16,24.5,11,25127.5,0,9
2922,Tier_3,10035,0,22.1,16,25087.5,0,9
2923,Tier_3,10023,0,25.9,12,25057.5,0,9
2924,Tier_3,10022,13,23,14,25055,0,9
2925,Tier_3,10044,37,21.5,15,25110,0,9
2926,Tier_3,10039,12,24.1,17,25097.5,0,9
2927,Tier_3,10040,14,22.8,13,25100,0,9
2928,Tier_3,10025,0,23.5,15,25062.5,0,9
2929,Tier_3,10014,0,25.1,11,25035,0,9
2930,Tier_3,10042,44,21.9,16,25105,0,9
2931,Tier_3,10056,28,24.7,14,25140,0,9
2932,Tier_3,10054,11,23.2,13,25135,0,9
2933,Tier_3,10039,0,22.6,15,25097.5,0,9
2934,Tier_3,10041,14,25.5,12,25102.5,0,9
2935,Tier_3,10036,12,24,17,25090,0,9
2936,Tier_3,10022,0,21.1,14,25055,0,9
2937,Tier_3,10019,13,23.7,16,25047.5,0,9
2938,Tier_3,10021,15,25.3,13,25052.5,0,9
2939,Tier_3,10043,37,22.9,15,25107.5,0,9
2940,Tier_3,10032,0,24.2,11,25080,0,9
2941,Tier_3,10034,14,23.1,12,25085,0,9
2942,Tier_3,10053,33,21.8,14,25132.5,0,9
2943,Tier_3,10036,0,24.9,17,25090,0,9
2944,Tier_3,10053,30,23.3,13,25132.5,0,9
2945,Tier_3,10059,18,25.1,12,25147.5,0,9
2946,Tier_3,10042,0,22.8,17,25105,0,9
2947,Tier_3,10058,30,26.5,14,25145,0,9
2948,Tier_3,10042,0,21.3,16,25105,0,9
2949,Tier_3,10039,15,24.9,18,25097.5,0,9
2950,Tier_3,10059,35,23,15,25147.5,0,9
2951,Tier_3,10046,0,25.7,13,25115,0,9
2952,Tier_3,10057,30,20.1,19,25142.5,0,9
2953,Tier_3,10046,0,24.2,11,25115,0,9
2954,Tier_3,10045,14,23.5,15,25112.5,0,9
2955,Tier_3,10048,17,25.9,14,25120,0,9
2956,Tier_3,10057,26,21.7,17,25142.5,0,9
2957,Tier_3,10054,13,23.1,16,25135,0,9
2958,Tier_3,10041,0,26.3,13,25102.5,0,9
2959,Tier_3,10042,19,22.4,18,25105,0,9
2960,Tier_3,10043,16,24.5,15,25107.5,0,9
2961,Tier_3,10046,15,20.9,12,25115,0,9
2962,Tier_3,10046,14,25.2,14,25115,0,9
2963,Tier_3,10047,18,21,17,25117.5,0,9
2964,Tier_3,10080,48,23.8,15,25200,0,9
2965,Tier_3,10064,0,24,16,25160,0,9
2966,Tier_3,10051,0,22.1,13,25127.5,0,9
2967,Tier_3,10044,12,25.5,19,25110,0,9
2968,Tier_3,10048,19,20.5,15,25120,0,9
2969,Tier_3,10068,34,23.3,14,25170,0,9
2970,Tier_3,10068,18,25.1,18,25170,0,9
2971,Tier_3,10053,0,21.9,15,25132.5,0,9
2972,Tier_3,10053,22,26.5,22,25132.5,0,9
2973,Tier_3,10070,28,23.2,11,25175,0,9
2974,Tier_3,10064,13,24.8,19,25160,0,9
2975,Tier_3,10048,0,22.1,16,25120,0,9
2976,Tier_3,10023,0,27,25,25057.5,0,9
2977,Tier_3,10039,30,25.5,14,25097.5,0,9
2978,Tier_3,10055,33,23.8,17,25137.5,0,9
2979,Tier_3,10035,0,24.1,20,25087.5,0,9
2980,Tier_3,10041,19,22.5,13,25102.5,0,9
2981,Tier_3,10051,29,26,19,25127.5,0,9
2982,Tier_3,10049,13,21.5,15,25122.5,0,9
2983,Tier_3,10026,0,28.3,23,25065,0,9
2984,Tier_3,10049,41,24.5,18,25122.5,0,9
2985,Tier_3,10037,0,23,12,25092.5,0,9
2986,Tier_3,10016,0,25.9,21,25040,0,9
2987,Tier_3,10016,16,22.8,16,25040,0,9
2988,Tier_3,10048,52,26.8,20,25120,0,9
2989,Tier_3,10047,14,24,15,25117.5,0,9
2990,Tier_3,10023,0,27.5,24,25057.5,0,9
2991,Tier_3,10006,0,25.2,17,25015,0,9
2992,Tier_3,10004,12,23.5,14,25010,0,9
2993,Tier_3,10013,31,24.9,22,25032.5,0,9
2994,Tier_3,10000,0,22.3,13,25000,0,9
2995,Tier_3,9999,16,26.7,17,24997.5,0,9
2996,Tier_3,9999,15,23.1,15,24997.5,0,9
2997,Tier_3,9993,13,24.5,19,24982.5,0,9
2998,Tier_3,9997,18,21.9,14,24992.5,0,9
2999,Tier_3,10002,17,25,12,25005,0,9
3000,Tier_3,9986,0,22.8,16,24965,0,9
3001,Tier_3,9975,0,23.3,11,24937.5,0,9
3002,Tier_3,9984,27,24.1,18,24960,0,9
3003,Tier_3,10022,53,20.5,15,25055,0,9
3004,Tier_3,10023,14,25.9,13,25057.5,0,9
3005,Tier_3,10006,0,22,17,25015,0,9
3006,Tier_3,9987,0,23.5,19,24967.5,0,9
3007,Tier_3,9990,17,21.1,14,24975,0,9
3008,Tier_3,10004,29,24.8,15,25010,0,9
3009,Tier_3,9993,0,20.2,11,24982.5,0,9
3010,Tier_3,9990,15,23.9,18,24975,0,9
3011,Tier_3,9993,19,25.5,16,24982.5,0,9
3012,Tier_3,9999,18,22.5,12,24997.5,0,9
3013,Tier_3,9996,14,23,17,24990,0,9
3014,Tier_3,9983,0,21.5,13,24957.5,0,9
3015,Tier_3,9985,17,24.3,15,24962.5,0,9
3016,Tier_3,10017,43,20.8,11,25042.5,0,9
3017,Tier_3,9998,0,23.7,19,24995,0,9
3018,Tier_3,10021,37,25.2,14,25052.5,0,9
3019,Tier_3,10023,18,22.3,16,25057.5,0,9
3020,Tier_3,10021,11,23.9,13,25052.5,0,9
3021,Tier_3,10017,15,24.1,19,25042.5,0,9
3022,Tier_3,10014,12,21.5,15,25035,0,9
3023,Tier_3,10029,33,25.8,18,25072.5,0,9
3024,Tier_3,10047,29,22.3,11,25117.5,0,9
3025,Tier_3,10032,0,20.7,15,25080,0,9
3026,Tier_3,10032,17,23.1,17,25080,0,9
3027,Tier_3,10029,10,24.5,13,25072.5,0,9
3028,Tier_3,10025,12,21.1,16,25062.5,0,9
3029,Tier_3,10024,13,23.8,14,25060,0,9
3030,Tier_3,10038,33,20.2,19,25095,0,9
3031,Tier_3,10023,0,22.9,15,25057.5,0,9
3032,Tier_3,10011,0,25,12,25027.5,0,9
3033,Tier_3,10010,16,21.8,17,25025,0,9
3034,Tier_3,10025,28,24.2,13,25062.5,0,9
3035,Tier_3,10007,0,20.5,18,25017.5,0,9
3036,Tier_3,10025,33,23.5,15,25062.5,0,9
3037,Tier_3,10039,25,22.1,11,25097.5,0,9
3038,Tier_3,10023,0,24.9,16,25057.5,0,9
3039,Tier_3,10025,16,21,14,25062.5,0,9
3040,Tier_3,10006,0,23.3,19,25015,0,9
3041,Tier_3,10021,30,20,15,25052.5,0,9
3042,Tier_3,10004,0,25.5,17,25010,0,9
3043,Tier_3,10006,15,22.5,13,25015,0,9
3044,Tier_3,10026,36,23,16,25065,0,9
3045,Tier_3,10022,15,23.8,19,25055,0,9
3046,Tier_3,10044,35,24.1,13,25110,0,9
3047,Tier_3,10028,0,25.5,16,25070,0,9
3048,Tier_3,10017,0,23,11,25042.5,0,9
3049,Tier_3,10043,43,24.8,17,25107.5,0,9
3050,Tier_3,10045,17,22.5,15,25112.5,0,9
3051,Tier_3,10043,18,25.1,20,25107.5,0,9
3052,Tier_3,10029,0,23.5,14,25072.5,0,9
3053,Tier_3,10022,11,24.3,18,25055,0,9
3054,Tier_3,10020,13,22.9,15,25050,0,9
3055,Tier_3,10035,34,25,19,25087.5,0,9
3056,Tier_3,10023,0,23.3,12,25057.5,0,9
3057,Tier_3,10023,16,24.6,16,25057.5,0,9
3058,Tier_3,10024,14,22.1,13,25060,0,9
3059,Tier_3,10018,12,25.2,18,25045,0,9
3060,Tier_3,10032,31,23.7,17,25080,0,9
3061,Tier_3,10040,19,24,11,25100,0,9
3062,Tier_3,10021,0,23.1,19,25052.5,0,9
3063,Tier_3,10039,33,25.8,15,25097.5,0,9
3064,Tier_3,10025,0,22.8,14,25062.5,0,9
3065,Tier_3,10023,15,24.5,17,25057.5,0,9
3066,Tier_3,10007,0,23.2,16,25017.5,0,9
3067,Tier_3,10007,18,25.3,18,25017.5,0,9
3068,Tier_3,10008,14,22.6,13,25020,0,9
3069,Tier_3,10005,17,24.9,20,25012.5,0,9
3070,Tier_3,10012,19,26.1,12,25030,0,9
3071,Tier_3,10009,12,18.5,15,25022.5,0,9
3072,Tier_3,10013,14,23.9,10,25032.5,0,9
3073,Tier_3,10010,15,24.2,18,25025,0,9
3074,Tier_3,10017,18,19,11,25042.5,0,9
3075,Tier_3,10001,0,25.5,16,25002.5,0,9
3076,Tier_3,10029,37,22.8,9,25072.5,0,9
3077,Tier_3,10043,28,23.1,14,25107.5,0,9
3078,Tier_3,10026,0,21.7,17,25065,0,9
3079,Tier_3,10024,11,24,13,25060,0,9
3080,Tier_3,10041,32,20.5,15,25102.5,0,9
3081,Tier_3,10033,0,25.8,8,25082.5,0,9
3082,Tier_3,10038,17,22.3,12,25095,0,9
3083,Tier_3,10024,0,19.5,14,25060,0,9
3084,Tier_3,10041,34,23.5,17,25102.5,0,9
3085,Tier_3,10054,32,21.1,19,25135,0,9
3086,Tier_3,10043,0,24.5,11,25107.5,0,9
3087,Tier_3,10040,13,20,16,25100,0,9
3088,Tier_3,10030,0,23,10,25075,0,9
3089,Tier_3,10077,60,22.5,13,25192.5,0,9
3090,Tier_3,10068,0,18,9,25170,0,9
3091,Tier_3,10067,14,25,15,25167.5,0,9
3092,Tier_3,10066,17,21.5,18,25165,0,9
3093,Tier_3,10067,13,23.3,12,25167.5,0,9
3094,Tier_3,10070,19,20.8,16,25175,0,9
3095,Tier_3,10058,0,25.1,12,25145,0,9
3096,Tier_3,10071,32,22.9,19,25177.5,0,9
3097,Tier_3,10081,20,26.5,10,25202.5,0,9
3098,Tier_3,10065,0,23.1,16,25162.5,0,9
3099,Tier_3,10063,12,24.8,14,25157.5,0,9
3100,Tier_3,10090,45,21.3,18,25225,0,9
3101,Tier_3,10093,18,25.9,15,25232.5,0,9
3102,Tier_3,10082,0,22,11,25205,0,9
3103,Tier_3,10097,32,24.1,17,25242.5,0,9
3104,Tier_3,10101,17,23.5,13,25252.5,0,9
3105,Tier_3,10086,0,25.2,15,25215,0,9
3106,Tier_3,10094,18,21.8,10,25235,0,9
3107,Tier_3,10100,25,24.5,19,25250,0,9
3108,Tier_3,10112,28,22.7,16,25280,0,9
3109,Tier_3,10098,0,25,14,25245,0,9
3110,Tier_3,10095,14,23.9,17,25237.5,0,9
3111,Tier_3,10111,28,21.1,12,25277.5,0,9
3112,Tier_3,10096,0,26,15,25240,0,9
3113,Tier_3,10083,0,24,13,25207.5,0,9
3114,Tier_3,10084,19,22.5,18,25210,0,9
3115,Tier_3,10088,15,25.5,11,25220,0,9
3116,Tier_3,10103,30,23,15,25257.5,0,9
3117,Tier_3,10089,0,21.5,14,25222.5,0,9
3118,Tier_3,10070,0,24.9,19,25175,0,9
3119,Tier_3,10074,14,22.3,10,25185,0,9
3120,Tier_3,10075,17,23.8,16,25187.5,0,9
3121,Tier_3,10087,31,25.1,19,25217.5,0,9
3122,Tier_3,10073,0,22.5,14,25182.5,0,9
3123,Tier_3,10075,19,24.9,17,25187.5,0,9
3124,Tier_3,10091,29,23.1,13,25227.5,0,9
3125,Tier_3,10076,0,24,15,25190,0,9
3126,Tier_3,10058,0,21.7,18,25145,0,9
3127,Tier_3,10075,28,22.9,11,25187.5,0,9
3128,Tier_3,10085,26,25.5,16,25212.5,0,9
3129,Tier_3,10065,0,23.3,20,25162.5,0,9
3130,Tier_3,10070,17,24.1,12,25175,0,9
3131,Tier_3,10084,29,21,15,25210,0,9
3132,Tier_3,10085,11,23.6,10,25212.5,0,9
3133,Tier_3,10068,0,24.5,17,25170,0,9
3134,Tier_3,10088,33,22,13,25220,0,9
3135,Tier_3,10069,0,23,19,25172.5,0,9
3136,Tier_3,10074,19,25.3,14,25185,0,9
3137,Tier_3,10070,14,21.5,18,25175,0,9
3138,Tier_3,10076,17,23.5,11,25190,0,9
3139,Tier_3,10088,28,24.8,16,25220,0,9
3140,Tier_3,10075,0,22.2,13,25187.5,0,9
3141,Tier_3,10083,28,23.7,20,25207.5,0,9
3142,Tier_3,10068,0,24.3,15,25170,0,9
3143,Tier_3,10068,17,22.8,17,25170,0,9
3144,Tier_3,10089,39,25,18,25222.5,0,9
3145,Tier_3,10078,0,19.5,11,25195,0,9
3146,Tier_3,10071,12,22.8,19,25177.5,0,9
3147,Tier_3,10064,10,25.1,17,25160,0,9
3148,Tier_3,10092,40,18.3,12,25230,0,9
3149,Tier_3,10096,19,24.9,15,25240,0,9
3150,Tier_3,10099,13,20.2,10,25247.5,0,9
3151,Tier_3,10081,0,23.5,18,25202.5,0,9
3152,Tier_3,10106,38,21.7,13,25265,0,9
3153,Tier_3,10090,0,25.8,16,25225,0,9
3154,Tier_3,10110,31,19.1,11,25275,0,9
3155,Tier_3,10091,0,22.3,19,25227.5,0,9
3156,Tier_3,10095,19,20.5,15,25237.5,0,9
3157,Tier_3,10101,20,23.1,14,25252.5,0,9
3158,Tier_3,10107,18,18.9,12,25267.5,0,9
3159,Tier_3,10113,23,24.5,17,25282.5,0,9
3160,Tier_3,10095,0,21,18,25237.5,0,9
3161,Tier_3,10094,15,25.5,16,25235,0,9
3162,Tier_3,10107,23,19.8,10,25267.5,0,9
3163,Tier_3,10094,0,22.7,13,25235,0,9
3164,Tier_3,10096,17,20.1,15,25240,0,9
3165,Tier_3,10116,39,23.9,19,25290,0,9
3166,Tier_3,10146,44,18,14,25365,0,9
3167,Tier_3,10128,0,25,18,25320,0,9
3168,Tier_3,10116,0,21.5,12,25290,0,9
3169,Tier_3,10134,34,22.9,16,25335,0,9
3170,Tier_3,10139,19,23.1,14,25347.5,0,9
3171,Tier_3,10120,0,26.5,19,25300,0,9
3172,Tier_3,10118,11,22.9,13,25295,0,9
3173,Tier_3,10116,14,28,16,25290,0,9
3174,Tier_3,10130,25,25.3,11,25325,0,9
3175,Tier_3,10132,17,24.7,15,25330,0,9
3176,Tier_3,10130,16,21.8,18,25325,0,9
3177,Tier_3,10154,37,27.1,13,25385,0,9
3178,Tier_3,10137,0,23.5,17,25342.5,0,9
3179,Tier_3,10138,15,29.2,14,25345,0,9
3180,Tier_3,10130,11,24.1,19,25325,0,9
3181,Tier_3,10137,17,20.5,10,25342.5,0,9
3182,Tier_3,10133,12,26.8,16,25332.5,0,9
3183,Tier_3,10131,13,23.9,15,25327.5,0,9
3184,Tier_3,10148,29,28.5,12,25370,0,9
3185,Tier_3,10134,0,21.2,14,25335,0,9
3186,Tier_3,10131,14,25,17,25327.5,0,9
3187,Tier_3,10133,15,22.7,13,25332.5,0,9
3188,Tier_3,10118,0,27.8,15,25295,0,9
3189,Tier_3,10116,16,24.4,18,25290,0,9
3190,Tier_3,10119,13,20.1,10,25297.5,0,9
3191,Tier_3,10104,0,26,15,25260,0,9
3192,Tier_3,10119,32,23.2,17,25297.5,0,9
3193,Tier_3,10121,18,29.5,16,25302.5,0,9
3194,Tier_3,10108,0,21,13,25270,0,9
3195,Tier_3,10105,15,25.1,18,25262.5,0,9
3196,Tier_3,10092,0,23.8,13,25230,0,9
3197,Tier_3,10088,11,25.5,15,25220,0,9
3198,Tier_3,10083,14,24.9,19,25207.5,0,9
3199,Tier_3,10082,10,23.1,11,25205,0,9
3200,Tier_3,10085,19,25.2,16,25212.5,0,9
3201,Tier_3,10106,31,24.5,10,25265,0,9
3202,Tier_3,10114,25,23.3,17,25285,0,9
3203,Tier_3,10100,0,25.8,14,25250,0,9
3204,Tier_3,10124,33,24.1,9,25310,0,9
3205,Tier_3,10106,0,23.5,18,25265,0,9
3206,Tier_3,10108,18,25,16,25270,0,9
3207,Tier_3,10115,20,24.7,13,25287.5,0,9
3208,Tier_3,10112,12,23.9,15,25280,0,9
3209,Tier_3,10115,15,25.3,12,25287.5,0,9
3210,Tier_3,10130,32,24.4,17,25325,0,9
3211,Tier_3,10132,16,23.7,14,25330,0,9
3212,Tier_3,10134,13,25.6,11,25335,0,9
3213,Tier_3,10134,19,24.2,19,25335,0,9
3214,Tier_3,10119,0,23,15,25297.5,0,9
3215,Tier_3,10144,35,25.1,10,25360,0,9
3216,Tier_3,10142,14,24.8,16,25355,0,9
3217,Tier_3,10144,15,23.2,13,25360,0,9
3218,Tier_3,10126,0,25.4,18,25315,0,9
3219,Tier_3,10109,0,24.6,17,25272.5,0,9
3220,Tier_3,10126,28,24.1,11,25315,0,9
3221,Tier_3,10108,0,23.5,18,25270,0,9
3222,Tier_3,10109,14,24.9,13,25272.5,0,9
3223,Tier_3,10143,50,25.2,16,25357.5,0,9
3224,Tier_3,10129,0,22.8,14,25322.5,0,9
3225,Tier_3,10159,49,24.5,19,25397.5,0,9
3226,Tier_3,10144,0,23.1,15,25360,0,9
3227,Tier_3,10132,0,25.5,12,25330,0,9
3228,Tier_3,10126,11,22.3,17,25315,0,9
3229,Tier_3,10147,31,24,10,25367.5,0,9
3230,Tier_3,10134,0,23.9,13,25335,0,9
3231,Tier_3,10137,18,25.8,15,25342.5,0,9
3232,Tier_3,10152,29,22.1,14,25380,0,9
3233,Tier_3,10133,0,24.7,19,25332.5,0,9
3234,Tier_3,10149,33,23.3,17,25372.5,0,9
3235,Tier_3,10148,15,25.1,16,25370,0,9
3236,Tier_3,10138,0,22.5,10,25345,0,9
3237,Tier_3,10157,34,24.3,15,25392.5,0,9
3238,Tier_3,10158,13,23.7,12,25395,0,9
3239,Tier_3,10140,0,25,18,25350,0,9
3240,Tier_3,10155,29,22.9,14,25387.5,0,9
3241,Tier_3,10159,17,24.2,13,25397.5,0,9
3242,Tier_3,10142,0,23,17,25355,0,9
3243,Tier_3,10139,12,25.3,15,25347.5,0,9
3244,Tier_3,10164,36,22.7,11,25410,0,9
3245,Tier_3,10159,12,24.7,17,25397.5,0,9
3246,Tier_3,10149,0,25.1,10,25372.5,0,9
3247,Tier_3,10166,33,23.9,16,25415,0,9
3248,Tier_3,10164,11,26.3,13,25410,0,9
3249,Tier_3,10174,29,24.1,19,25435,0,9
3250,Tier_3,10170,14,23.5,18,25425,0,9
3251,Tier_3,10155,0,25.8,15,25387.5,0,9
3252,Tier_3,10141,0,22.9,14,25352.5,0,9
3253,Tier_3,10166,36,24.5,11,25415,0,9
3254,Tier_3,10182,33,23.1,17,25455,0,9
3255,Tier_3,10166,0,25.5,16,25415,0,9
3256,Tier_3,10153,0,24,13,25382.5,0,9
3257,Tier_3,10158,23,23.8,18,25395,0,9
3258,Tier_3,10168,30,26.1,20,25420,0,9
3259,Tier_3,10153,0,22.5,15,25382.5,0,9
3260,Tier_3,10155,19,24.3,17,25387.5,0,9
3261,Tier_3,10160,17,25.9,12,25400,0,9
3262,Tier_3,10154,13,23.2,19,25385,0,9
3263,Tier_3,10158,18,24.8,14,25395,0,9
3264,Tier_3,10157,15,23,16,25392.5,0,9
3265,Tier_3,10166,27,25.3,18,25415,0,9
3266,Tier_3,10145,0,24.6,21,25362.5,0,9
3267,Tier_3,10146,14,23.7,13,25365,0,9
3268,Tier_3,10150,19,25,15,25375,0,9
3269,Tier_3,10133,0,22.7,17,25332.5,0,9
3270,Tier_3,10138,18,22.5,13,25345,0,9
3271,Tier_3,10150,27,25.1,15,25375,0,9
3272,Tier_3,10138,0,20.8,12,25345,0,9
3273,Tier_3,10138,17,23.9,17,25345,0,9
3274,Tier_3,10158,30,24.3,10,25395,0,9
3275,Tier_3,10160,16,21.5,14,25400,0,9
3276,Tier_3,10144,0,25.8,16,25360,0,9
3277,Tier_3,10171,45,22.1,18,25427.5,0,9
3278,Tier_3,10156,0,23.5,15,25390,0,9
3279,Tier_3,10145,0,24.7,11,25362.5,0,9
3280,Tier_3,10144,12,20.1,13,25360,0,9
3281,Tier_3,10176,46,23.1,14,25440,0,9
3282,Tier_3,10157,0,21.9,19,25392.5,0,9
3283,Tier_3,10141,0,25.5,16,25352.5,0,9
3284,Tier_3,10159,35,22.8,17,25397.5,0,9
3285,Tier_3,10167,18,24,10,25417.5,0,9
3286,Tier_3,10152,0,23.3,15,25380,0,9
3287,Tier_3,10166,26,21.2,12,25415,0,9
3288,Tier_3,10166,13,25,13,25415,0,9
3289,Tier_3,10152,0,22.6,14,25380,0,9
3290,Tier_3,10158,17,23.8,11,25395,0,9
3291,Tier_3,10171,31,20.5,18,25427.5,0,9
3292,Tier_3,10188,32,24.5,15,25470,0,9
3293,Tier_3,10210,32,21,10,25525,0,9
3294,Tier_3,10193,0,23,17,25482.5,0,9
3295,Tier_3,10182,0,21.5,11,25455,0,9
3296,Tier_3,10178,14,28.9,18,25445,0,9
3297,Tier_3,10195,32,19.1,15,25487.5,0,9
3298,Tier_3,10194,11,25.5,12,25485,0,9
3299,Tier_3,10196,19,15.8,17,25490,0,9
3300,Tier_3,10201,18,22.3,13,25502.5,0,9
3301,Tier_3,10185,0,27.1,16,25462.5,0,9
3302,Tier_3,10204,29,20.4,10,25510,0,9
3303,Tier_3,10190,0,23.6,14,25475,0,9
3304,Tier_3,10215,44,18.5,19,25537.5,0,9
3305,Tier_3,10204,0,24.1,11,25510,0,9
3306,Tier_3,10187,0,26.8,17,25467.5,0,9
3307,Tier_3,10191,19,19.9,15,25477.5,0,9
3308,Tier_3,10197,18,21.2,12,25492.5,0,9
3309,Tier_3,10227,43,23.5,13,25567.5,0,9
3310,Tier_3,10211,0,25,16,25527.5,0,9
3311,Tier_3,10212,19,16.7,18,25530,0,9
3312,Tier_3,10215,17,22.9,14,25537.5,0,9
3313,Tier_3,10215,15,20.1,15,25537.5,0,9
3314,Tier_3,10232,27,27.4,10,25580,0,9
3315,Tier_3,10224,11,18,19,25560,0,9
3316,Tier_3,10244,31,24.5,11,25610,0,9
3317,Tier_3,10265,34,21.8,13,25662.5,0,9
3318,Tier_3,10249,0,23,16,25622.5,0,9
3319,Tier_3,10232,0,26.3,17,25580,0,9
3320,Tier_3,10214,0,95.5,18,25535,0,9
3321,Tier_3,10202,0,101.2,12,25505,0,9
3322,Tier_3,10236,49,78.9,15,25590,0,9
3323,Tier_3,10226,0,115,10,25565,0,9
3324,Tier_3,10227,18,88.3,17,25567.5,0,9
3325,Tier_3,10226,13,99.1,14,25565,0,9
3326,Tier_3,10207,0,105.7,19,25517.5,0,9
3327,Tier_3,10226,30,72.2,11,25565,0,9
3328,Tier_3,10245,32,119.5,13,25612.5,0,9
3329,Tier_3,10258,29,81.1,16,25645,0,9
3330,Tier_3,10246,0,108.4,12,25615,0,9
3331,Tier_3,10231,0,93,15,25577.5,0,9
3332,Tier_3,10221,0,112.8,10,25552.5,0,9
3333,Tier_3,10267,64,75.6,18,25667.5,0,9
3334,Tier_3,10253,0,103.3,14,25632.5,0,9
3335,Tier_3,10266,30,97.9,17,25665,0,9
3336,Tier_3,10253,0,110.1,13,25632.5,0,9
3337,Tier_3,10242,0,84.5,11,25605,0,9
3338,Tier_3,10226,0,107,16,25565,0,9
3339,Tier_3,10231,17,91.2,12,25577.5,0,9
3340,Tier_3,10226,14,118.9,19,25565,0,9
3341,Tier_3,10239,28,77.7,15,25597.5,0,9
3342,Tier_3,10229,0,102.5,10,25572.5,0,9
3343,Tier_3,10212,0,114.1,17,25530,0,9
3344,Tier_3,10199,0,96.6,13,25497.5,0,9
3345,Tier_3,10199,12,25.1,12,25497.5,0,9
3346,Tier_3,10184,0,22.8,15,25460,0,9
3347,Tier_3,10166,0,26.5,18,25415,0,9
3348,Tier_3,10152,0,24.1,14,25380,0,9
3349,Tier_3,10136,0,23.3,16,25340,0,9
3350,Tier_3,10119,0,25.9,17,25297.5,0,9
3351,Tier_3,10106,0,21,13,25265,0,9
3352,Tier_3,10091,0,27.2,15,25227.5,0,9
3353,Tier_3,10072,0,24.5,19,25180,0,9
3354,Tier_3,10056,0,22.1,16,25140,0,9
3355,Tier_3,10042,0,25.8,14,25105,0,9
3356,Tier_3,10025,0,23.9,17,25062.5,0,9
3357,Tier_3,10010,0,26.1,15,25025,0,9
3358,Tier_3,9997,0,21.5,13,24992.5,0,9
3359,Tier_3,9979,0,24.8,18,24947.5,0,9
3360,Tier_3,9962,0,22.9,17,24905,0,9
3361,Tier_3,9948,0,27.5,14,24870,0,9
3362,Tier_3,9932,0,23,16,24830,0,9
3363,Tier_3,9917,0,25.3,15,24792.5,0,9
3364,Tier_3,9904,0,21.8,13,24760,0,9
3365,Tier_3,9886,0,26.9,18,24715,0,9
3366,Tier_3,9869,0,24.2,17,24672.5,0,9
3367,Tier_3,9855,0,22.5,14,24637.5,0,9
3368,Tier_3,9839,0,25,16,24597.5,0,9
3369,Tier_3,9841,17,23.5,15,24602.5,0,9
3370,Tier_3,9843,16,24.1,14,24607.5,0,9
3371,Tier_3,9827,0,23.5,16,24567.5,0,9
3372,Tier_3,9859,45,25.8,13,24647.5,0,9
3373,Tier_3,9859,15,24.9,15,24647.5,0,9
3374,Tier_3,9841,0,22.3,18,24602.5,0,9
3375,Tier_3,9827,0,25.1,14,24567.5,0,9
3376,Tier_3,9846,36,23.7,17,24615,0,9
3377,Tier_3,9846,15,24.5,15,24615,0,9
3378,Tier_3,9834,0,22.9,12,24585,0,9
3379,Tier_3,9834,16,25.3,16,24585,0,9
3380,Tier_3,9850,29,23.1,13,24625,0,9
3381,Tier_3,9853,18,24,15,24632.5,0,9
3382,Tier_3,9839,0,25.5,14,24597.5,0,9
3383,Tier_3,9855,34,23.3,18,24637.5,0,9
3384,Tier_3,9854,14,24.7,15,24635,0,9
3385,Tier_3,9859,18,22.1,13,24647.5,0,9
3386,Tier_3,9861,19,25,17,24652.5,0,9
3387,Tier_3,9845,0,23.9,16,24612.5,0,9
3388,Tier_3,9844,13,24.2,14,24610,0,9
3389,Tier_3,9863,34,25.7,15,24657.5,0,9
3390,Tier_3,9866,15,22.8,12,24665,0,9
3391,Tier_3,9848,0,24.4,18,24620,0,9
3392,Tier_3,9849,16,23,15,24622.5,0,9
3393,Tier_3,9868,32,25.2,13,24670,0,9
3394,Tier_3,9869,18,24.6,17,24672.5,0,9
3395,Tier_3,9863,12,25.1,18,24657.5,0,9
3396,Tier_3,9860,11,22.9,14,24650,0,9
3397,Tier_3,9845,0,24.5,15,24612.5,0,9
3398,Tier_3,9864,32,21.8,13,24660,0,9
3399,Tier_3,9845,0,26.3,19,24612.5,0,9
3400,Tier_3,9860,32,23.5,17,24650,0,9
3401,Tier_3,9874,30,25,16,24685,0,9
3402,Tier_3,9862,0,20.1,12,24655,0,9
3403,Tier_3,9862,15,22.7,15,24655,0,9
3404,Tier_3,9861,18,24,19,24652.5,0,9
3405,Tier_3,9859,12,23.3,14,24647.5,0,9
3406,Tier_3,9861,19,25.5,17,24652.5,0,9
3407,Tier_3,9861,11,21.2,11,24652.5,0,9
3408,Tier_3,9862,17,23.9,16,24655,0,9
3409,Tier_3,9858,16,26.1,20,24645,0,9
3410,Tier_3,9845,0,22.5,13,24612.5,0,9
3411,Tier_3,9862,32,24.8,15,24655,0,9
3412,Tier_3,9865,15,20.9,12,24662.5,0,9
3413,Tier_3,9860,13,23.1,18,24650,0,9
3414,Tier_3,9843,0,25.2,17,24607.5,0,9
3415,Tier_3,9881,52,21.5,14,24702.5,0,9
3416,Tier_3,9865,0,24.3,16,24662.5,0,9
3417,Tier_3,9850,0,22,15,24625,0,9
3418,Tier_3,9845,14,23.8,19,24612.5,0,9
3419,Tier_3,9864,32,25.7,13,24660,0,9
3420,Tier_3,9883,31,26.1,12,24707.5,0,9
3421,Tier_3,9882,18,18.5,19,24705,0,9
3422,Tier_3,9880,13,31.9,15,24700,0,9
3423,Tier_3,9870,0,14.2,10,24675,0,9
3424,Tier_3,9867,14,22.7,17,24667.5,0,9
3425,Tier_3,9870,16,38,13,24675,0,9
3426,Tier_3,9881,32,15.5,21,24702.5,0,9
3427,Tier_3,9863,0,45.3,18,24657.5,0,9
3428,Tier_3,9896,48,11.8,15,24740,0,9
3429,Tier_3,9880,0,29.4,16,24700,0,9
3430,Tier_3,9869,0,21.1,11,24672.5,0,9
3431,Tier_3,9855,0,33.5,14,24637.5,0,9
3432,Tier_3,9883,47,19,19,24707.5,0,9
3433,Tier_3,9881,13,25.8,15,24702.5,0,9
3434,Tier_3,9869,0,36.2,12,24672.5,0,9
3435,Tier_3,9870,19,17.7,18,24675,0,9
3436,Tier_3,9890,33,28.1,13,24725,0,9
3437,Tier_3,9904,34,41,20,24760,0,9
3438,Tier_3,9889,0,12.9,15,24722.5,0,9
3439,Tier_3,9918,46,24.5,17,24795,0,9
3440,Tier_3,9930,28,30.1,16,24825,0,9
3441,Tier_3,9919,0,16.3,11,24797.5,0,9
3442,Tier_3,9930,30,35.7,19,24825,0,9
3443,Tier_3,9916,0,23.3,14,24790,0,9
3444,Tier_3,9901,0,27.9,15,24752.5,0,9
3445,Tier_3,9898,15,88.1,18,24745,0,9
3446,Tier_3,9902,17,105.3,13,24755,0,9
3447,Tier_3,9902,11,99.7,11,24755,0,9
3448,Tier_3,9886,0,74.5,16,24715,0,9
3449,Tier_3,9872,0,118.2,14,24680,0,9
3450,Tier_3,9853,0,79.1,19,24632.5,0,9
3451,Tier_3,9879,41,101.5,15,24697.5,0,9
3452,Tier_3,9867,0,91.3,12,24667.5,0,9
3453,Tier_3,9873,16,112.8,10,24682.5,0,9
3454,Tier_3,9871,15,77.6,17,24677.5,0,9
3455,Tier_3,9856,0,95.2,15,24640,0,9
3456,Tier_3,9845,0,108.9,11,24612.5,0,9
3457,Tier_3,9844,12,72.1,13,24610,0,9
3458,Tier_3,9846,18,115.4,16,24615,0,9
3459,Tier_3,9845,13,93.8,14,24612.5,0,9
3460,Tier_3,9827,0,76.3,18,24567.5,0,9
3461,Tier_3,9815,0,103.1,12,24537.5,0,9
3462,Tier_3,9805,0,119.5,10,24512.5,0,9
3463,Tier_3,9824,34,85.7,15,24560,0,9
3464,Tier_3,9818,11,98,17,24545,0,9
3465,Tier_3,9820,15,107.2,13,24550,0,9
3466,Tier_3,9823,17,73.5,14,24557.5,0,9
3467,Tier_3,9807,0,111,16,24517.5,0,9
3468,Tier_3,9796,0,90.1,11,24490,0,9
3469,Tier_3,9781,0,104.5,15,24452.5,0,9
3470,Tier_3,9807,37,95.1,11,24517.5,0,9
3471,Tier_3,9792,0,101.5,15,24480,0,9
3472,Tier_3,9812,33,78.3,13,24530,0,9
3473,Tier_3,9800,0,115.9,12,24500,0,9
3474,Tier_3,9783,0,88.2,17,24457.5,0,9
3475,Tier_3,9773,0,109.1,10,24432.5,0,9
3476,Tier_3,9757,0,92.4,16,24392.5,0,9
3477,Tier_3,9743,0,75.6,14,24357.5,0,9
3478,Tier_3,9765,40,118,18,24412.5,0,9
3479,Tier_3,9754,0,83.5,11,24385,0,9
3480,Tier_3,9739,0,99.7,15,24347.5,0,9
3481,Tier_3,9726,0,72.1,13,24315,0,9
3482,Tier_3,9709,0,105.3,17,24272.5,0,9
3483,Tier_3,9699,0,111.2,10,24247.5,0,9
3484,Tier_3,9685,0,90.8,14,24212.5,0,9
3485,Tier_3,9673,0,77.9,12,24182.5,0,9
3486,Tier_3,9658,0,103.1,15,24145,0,9
3487,Tier_3,9647,0,95.6,11,24117.5,0,9
3488,Tier_3,9631,0,85.2,16,24077.5,0,9
3489,Tier_3,9618,0,119.3,13,24045,0,9
3490,Tier_3,9601,0,76.4,17,24002.5,0,9
3491,Tier_3,9591,0,108.7,10,23977.5,0,9
3492,Tier_3,9577,0,91.5,14,23942.5,0,9
3493,Tier_3,9562,0,80.2,15,23905,0,9
3494,Tier_3,9550,0,113,12,23875,0,9
3495,Tier_3,9538,0,27.5,12,23845,0,9
3496,Tier_3,9521,0,23.1,17,23802.5,0,9
3497,Tier_3,9511,0,25.8,10,23777.5,0,9
3498,Tier_3,9492,0,22,19,23730,0,9
3499,Tier_3,9478,0,28.9,14,23695,0,9
3500,Tier_3,9463,0,24.3,15,23657.5,0,9
3501,Tier_3,9452,0,20.5,11,23630,0,9
3502,Tier_3,9434,0,26.1,18,23585,0,9
3503,Tier_3,9418,0,23.8,16,23545,0,9
3504,Tier_3,9405,0,21.9,13,23512.5,0,9
3505,Tier_3,9390,0,29.2,15,23475,0,9
3506,Tier_3,9371,0,24.5,19,23427.5,0,9
3507,Tier_3,9360,0,22.7,11,23400,0,9
3508,Tier_3,9346,0,26.3,14,23365,0,9
3509,Tier_3,9329,0,23.5,17,23322.5,0,9
3510,Tier_3,9316,0,20.1,13,23290,0,9
3511,Tier_3,9301,0,27,15,23252.5,0,9
3512,Tier_3,9283,0,25.5,18,23207.5,0,9
3513,Tier_3,9271,0,22.2,12,23177.5,0,9
3514,Tier_3,9255,0,28,16,23137.5,0,9
3515,Tier_3,9242,0,24.8,13,23105,0,9
3516,Tier_3,9225,0,21.5,17,23062.5,0,9
3517,Tier_3,9215,0,23.3,10,23037.5,0,9
3518,Tier_3,9196,0,26.9,19,22990,0,9
3519,Tier_3,9197,15,25.1,14,22992.5,0,9
3520,Tier_3,9190,11,24.8,18,22975,0,9
3521,Tier_3,9188,13,21.5,15,22970,0,9
3522,Tier_3,9175,0,25.1,13,22937.5,0,9
3523,Tier_3,9199,40,22.9,16,22997.5,0,9
3524,Tier_3,9201,19,23.5,17,23002.5,0,9
3525,Tier_3,9186,0,24,15,22965,0,9
3526,Tier_3,9181,14,20.5,19,22952.5,0,9
3527,Tier_3,9186,17,25.5,12,22965,0,9
3528,Tier_3,9213,41,21,14,23032.5,0,9
3529,Tier_3,9195,0,23.1,18,22987.5,0,9
3530,Tier_3,9217,37,24.5,15,23042.5,0,9
3531,Tier_3,9201,0,22,16,23002.5,0,9
3532,Tier_3,9184,0,25.8,17,22960,0,9
3533,Tier_3,9189,18,23.3,13,22972.5,0,9
3534,Tier_3,9210,41,21.8,20,23025,0,9
3535,Tier_3,9209,14,24.1,15,23022.5,0,9
3536,Tier_3,9195,0,20,14,22987.5,0,9
3537,Tier_3,9177,0,23.9,18,22942.5,0,9
3538,Tier_3,9219,58,25,16,23047.5,0,9
3539,Tier_3,9204,0,22.5,15,23010,0,9
3540,Tier_3,9218,26,21.2,12,23045,0,9
3541,Tier_3,9199,0,24.7,19,22997.5,0,9
3542,Tier_3,9203,17,23,13,23007.5,0,9
3543,Tier_3,9198,12,25.2,17,22995,0,9
3544,Tier_3,9195,13,22.8,16,22987.5,0,9
3545,Tier_3,9215,38,26.1,18,23037.5,0,9
3546,Tier_3,9239,35,23.5,11,23097.5,0,9
3547,Tier_3,9234,15,28.9,20,23085,0,9
3548,Tier_3,9230,11,22.3,15,23075,0,9
3549,Tier_3,9250,33,25,13,23125,0,9
3550,Tier_3,9232,1,21.7,19,23080,0,9
3551,Tier_3,9223,1,29.1,10,23057.5,0,9
3552,Tier_3,9222,16,24.5,17,23055,0,9
3553,Tier_3,9238,28,20.8,12,23095,0,9
3554,Tier_3,9226,10,27.5,22,23065,0,9
3555,Tier_3,9210,0,23,16,23025,0,9
3556,Tier_3,9242,46,25.8,14,23105,0,9
3557,Tier_3,9227,0,21.1,15,23067.5,0,9
3558,Tier_3,9227,18,28,18,23067.5,0,9
3559,Tier_3,9230,12,24.3,9,23075,0,9
3560,Tier_3,9217,0,22.9,13,23042.5,0,9
3561,Tier_3,9243,46,26.5,20,23107.5,0,9
3562,Tier_3,9234,2,20.1,11,23085,0,9
3563,Tier_3,9230,13,23.8,17,23075,0,9
3564,Tier_3,9215,0,27.2,15,23037.5,0,9
3565,Tier_3,9212,16,21.5,19,23030,0,9
3566,Tier_3,9219,19,29.5,12,23047.5,0,9
3567,Tier_3,9218,15,24,16,23045,0,9
3568,Tier_3,9223,19,22.7,14,23057.5,0,9
3569,Tier_3,9205,0,25.3,18,23012.5,0,9
3570,Tier_3,9222,30,25.1,13,23055,0,9
3571,Tier_3,9220,14,21.3,16,23050,0,9
3572,Tier_3,9219,16,28.9,17,23047.5,0,9
3573,Tier_3,9206,1,23.5,14,23015,0,9
3574,Tier_3,9222,35,20.2,19,23055,0,9
3575,Tier_3,9208,1,26.7,15,23020,0,9
3576,Tier_3,9231,36,22.8,13,23077.5,0,9
3577,Tier_3,9213,0,24.1,18,23032.5,0,9
3578,Tier_3,9228,31,21.9,16,23070,0,9
3579,Tier_3,9214,0,27.5,14,23035,0,9
3580,Tier_3,9213,14,23.1,15,23032.5,0,9
3581,Tier_3,9196,0,20.5,17,22990,0,9
3582,Tier_3,9225,42,25.8,13,23062.5,0,9
3583,Tier_3,9231,25,22.3,19,23077.5,0,9
3584,Tier_3,9216,1,24.9,16,23040,0,9
3585,Tier_3,9201,0,21.1,15,23002.5,0,9
3586,Tier_3,9201,17,28.1,17,23002.5,0,9
3587,Tier_3,9238,51,20.8,14,23095,0,9
3588,Tier_3,9220,0,23.7,18,23050,0,9
3589,Tier_3,9209,2,22.5,13,23022.5,0,9
3590,Tier_3,9190,0,26.2,19,22975,0,9
3591,Tier_3,9218,44,21.5,16,23045,0,9
3592,Tier_3,9222,19,24.5,15,23055,0,9
3593,Tier_3,9205,0,20,17,23012.5,0,9
3594,Tier_3,9226,34,25.3,13,23065,0,9
3595,Tier_3,9226,17,25.1,17,23065,0,9
3596,Tier_3,9233,19,22.8,12,23082.5,0,9
3597,Tier_3,9230,16,23.5,19,23075,0,9
3598,Tier_3,9215,0,24.9,15,23037.5,0,9
3599,Tier_3,9219,17,21.3,13,23047.5,0,9
3600,Tier_3,9220,19,23,18,23050,0,9
3601,Tier_3,9246,48,25.5,22,23115,0,9
3602,Tier_3,9250,14,20.1,10,23125,0,9
3603,Tier_3,9251,16,23.8,15,23127.5,0,9
3604,Tier_3,9237,0,24.2,14,23092.5,0,9
3605,Tier_3,9238,17,21.9,16,23095,0,9
3606,Tier_3,9237,19,22.5,20,23092.5,0,9
3607,Tier_3,9243,15,25,9,23107.5,0,9
3608,Tier_3,9261,33,20.7,15,23152.5,0,9
3609,Tier_3,9258,14,23.1,17,23145,0,9
3610,Tier_3,9245,0,24.5,13,23112.5,0,9
3611,Tier_3,9244,17,21.5,18,23110,0,9
3612,Tier_3,9243,15,23.3,16,23107.5,0,9
3613,Tier_3,9266,37,22,14,23165,0,9
3614,Tier_3,9261,16,24,21,23152.5,0,9
3615,Tier_3,9250,0,20.5,11,23125,0,9
3616,Tier_3,9264,29,23.7,15,23160,0,9
3617,Tier_3,9247,0,21,17,23117.5,0,9
3618,Tier_3,9224,0,25.3,23,23060,0,9
3619,Tier_3,9244,30,22.9,10,23110,0,9
3620,Tier_3,9252,26,25.1,18,23130,0,9
3621,Tier_3,9256,18,22.8,14,23140,0,9
3622,Tier_3,9252,12,28.5,16,23130,0,9
3623,Tier_3,9267,27,20.3,12,23167.5,0,9
3624,Tier_3,9252,0,24.9,15,23130,0,9
3625,Tier_3,9233,0,21.7,19,23082.5,0,9
3626,Tier_3,9220,0,26.2,13,23050,0,9
3627,Tier_3,9254,51,23.5,17,23135,0,9
3628,Tier_3,9274,31,24,11,23185,0,9
3629,Tier_3,9273,14,20.8,15,23182.5,0,9
3630,Tier_3,9255,0,27.1,18,23137.5,0,9
3631,Tier_3,9241,0,21.4,14,23102.5,0,9
3632,Tier_3,9251,26,25.5,16,23127.5,0,9
3633,Tier_3,9253,17,22.3,15,23132.5,0,9
3634,Tier_3,9247,11,23.9,17,23117.5,0,9
3635,Tier_3,9275,40,26.8,12,23187.5,0,9
3636,Tier_3,9256,0,20.1,19,23140,0,9
3637,Tier_3,9243,0,24.5,13,23107.5,0,9
3638,Tier_3,9262,34,21.9,15,23155,0,9
3639,Tier_3,9251,0,28,11,23127.5,0,9
3640,Tier_3,9249,14,22.6,16,23122.5,0,9
3641,Tier_3,9235,0,23.1,14,23087.5,0,9
3642,Tier_3,9228,10,25,17,23070,0,9
3643,Tier_3,9247,37,20.5,18,23117.5,0,9
3644,Tier_3,9250,15,24.2,12,23125,0,9
3645,Tier_3,9243,12,25.3,19,23107.5,0,9
3646,Tier_3,9230,0,20.1,13,23075,0,9
3647,Tier_3,9230,16,26.8,16,23075,0,9
3648,Tier_3,9216,0,23.5,14,23040,0,9
3649,Tier_3,9213,14,22.9,17,23032.5,0,9
3650,Tier_3,9224,26,25,15,23060,0,9
3651,Tier_3,9219,13,21.2,18,23047.5,0,9
3652,Tier_3,9254,46,27.1,11,23135,0,9
3653,Tier_3,9238,0,24.4,16,23095,0,9
3654,Tier_3,9219,0,23.8,19,23047.5,0,9
3655,Tier_3,9218,11,25.9,12,23045,0,9
3656,Tier_3,9218,15,21.5,15,23045,0,9
3657,Tier_3,9213,12,26.3,17,23032.5,0,9
3658,Tier_3,9220,27,22.1,20,23050,0,9
3659,Tier_3,9207,0,24,13,23017.5,0,9
3660,Tier_3,9206,17,23,18,23015,0,9
3661,Tier_3,9200,10,25.5,16,23000,0,9
3662,Tier_3,9197,16,20.5,19,22992.5,0,9
3663,Tier_3,9213,31,27.5,15,23032.5,0,9
3664,Tier_3,9214,12,22.5,11,23035,0,9
3665,Tier_3,9200,0,24.1,14,23000,0,9
3666,Tier_3,9197,14,21.8,17,22992.5,0,9
3667,Tier_3,9213,29,26,13,23032.5,0,9
3668,Tier_3,9208,16,23.3,21,23020,0,9
3669,Tier_3,9196,0,26.1,12,22990,0,9
3670,Tier_3,9197,16,23.5,15,22992.5,0,9
3671,Tier_3,9187,0,25.8,10,22967.5,0,9
3672,Tier_3,9220,52,22.9,19,23050,0,9
3673,Tier_3,9207,0,24.1,13,23017.5,0,9
3674,Tier_3,9208,17,21.7,16,23020,0,9
3675,Tier_3,9213,16,23.3,11,23032.5,0,9
3676,Tier_3,9199,0,24.9,14,22997.5,0,9
3677,Tier_3,9196,15,20.5,18,22990,0,9
3678,Tier_3,9216,35,25.2,15,23040,0,9
3679,Tier_3,9217,13,23.8,12,23042.5,0,9
3680,Tier_3,9219,19,21.1,17,23047.5,0,9
3681,Tier_3,9219,14,24.5,14,23047.5,0,9
3682,Tier_3,9226,18,22.3,11,23065,0,9
3683,Tier_3,9258,48,23,16,23145,0,9
3684,Tier_3,9245,0,25.5,13,23112.5,0,9
3685,Tier_3,9230,0,20.1,15,23075,0,9
3686,Tier_3,9225,13,23.9,18,23062.5,0,9
3687,Tier_3,9229,14,21.5,10,23072.5,0,9
3688,Tier_3,9232,17,24.8,14,23080,0,9
3689,Tier_3,9230,15,22.7,17,23075,0,9
3690,Tier_3,9215,0,23.1,15,23037.5,0,9
3691,Tier_3,9239,35,25,11,23097.5,0,9
3692,Tier_3,9220,0,21.9,19,23050,0,9
3693,Tier_3,9218,14,24.2,16,23045,0,9
3694,Tier_3,9213,11,22.5,16,23032.5,0,9
3695,Tier_3,9226,31,24.1,18,23065,0,9
3696,Tier_3,9226,14,20.8,14,23065,0,9
3697,Tier_3,9250,43,25.3,19,23125,0,9
3698,Tier_3,9252,17,23.9,15,23130,0,9
3699,Tier_3,9235,0,21.1,17,23087.5,0,9
3700,Tier_3,9222,0,24.5,13,23055,0,9
3701,Tier_3,9238,34,22.7,18,23095,0,9
3702,Tier_3,9222,0,20.3,16,23055,0,9
3703,Tier_3,9234,26,25.8,14,23085,0,9
3704,Tier_3,9229,14,23.1,19,23072.5,0,9
3705,Tier_3,9251,37,21.5,15,23127.5,0,9
3706,Tier_3,9256,17,24.9,12,23140,0,9
3707,Tier_3,9238,0,22.3,18,23095,0,9
3708,Tier_3,9221,0,20.1,17,23052.5,0,9
3709,Tier_3,9220,12,23.5,13,23050,0,9
3710,Tier_3,9231,26,21.9,15,23077.5,0,9
3711,Tier_3,9215,0,24.7,16,23037.5,0,9
3712,Tier_3,9209,13,22.1,19,23022.5,0,9
3713,Tier_3,9229,34,20.5,14,23072.5,0,9
3714,Tier_3,9229,17,25.1,17,23072.5,0,9
3715,Tier_3,9214,0,23.3,15,23035,0,9
3716,Tier_3,9228,32,21.7,18,23070,0,9
3717,Tier_3,9242,27,22.9,13,23105,0,9
3718,Tier_3,9226,0,24.3,16,23065,0,9
3719,Tier_3,9228,15,25.3,13,23070,0,9
3720,Tier_3,9228,19,22.1,19,23070,0,9
3721,Tier_3,9216,0,27.8,12,23040,0,9
3722,Tier_3,9246,45,23.5,15,23115,0,9
3723,Tier_3,9235,0,24.9,11,23087.5,0,9
3724,Tier_3,9249,30,20.3,16,23122.5,0,9
3725,Tier_3,9231,0,26.7,18,23077.5,0,9
3726,Tier_3,9221,0,23.1,10,23052.5,0,9
3727,Tier_3,9242,35,25.5,14,23105,0,9
3728,Tier_3,9239,14,21.9,17,23097.5,0,9
3729,Tier_3,9253,27,24,13,23132.5,0,9
3730,Tier_3,9234,0,28.2,19,23085,0,9
3731,Tier_3,9232,13,22.5,15,23080,0,9
3732,Tier_3,9239,19,25,12,23097.5,0,9
3733,Tier_3,9255,30,20.8,14,23137.5,0,9
3734,Tier_3,9256,18,26.1,17,23140,0,9
3735,Tier_3,9245,0,23.9,11,23112.5,0,9
3736,Tier_3,9241,12,24.5,16,23102.5,0,9
3737,Tier_3,9228,0,27.1,13,23070,0,9
3738,Tier_3,9243,33,21.5,18,23107.5,0,9
3739,Tier_3,9246,13,25.8,10,23115,0,9
3740,Tier_3,9245,14,23.3,15,23112.5,0,9
3741,Tier_3,9233,0,24.2,12,23082.5,0,9
3742,Tier_3,9249,30,27.5,14,23122.5,0,9
3743,Tier_3,9230,0,22.8,19,23075,0,9
3744,Tier_3,9254,40,22.1,16,23135,0,9
3745,Tier_3,9242,0,25.5,12,23105,0,9
3746,Tier_3,9237,10,19.8,15,23092.5,0,9
3747,Tier_3,9218,0,24.3,19,23045,0,9
3748,Tier_3,9224,17,21,11,23060,0,9
3749,Tier_3,9250,40,23.9,14,23125,0,9
3750,Tier_3,9259,25,20.5,16,23147.5,0,9
3751,Tier_3,9246,0,25.1,13,23115,0,9
3752,Tier_3,9243,14,22.7,17,23107.5,0,9
3753,Tier_3,9268,40,18.3,15,23170,0,9
3754,Tier_3,9273,23,24.9,18,23182.5,0,9
3755,Tier_3,9263,0,20.1,10,23157.5,0,9
3756,Tier_3,9249,0,23.5,14,23122.5,0,9
3757,Tier_3,9247,18,21.2,20,23117.5,0,9
3758,Tier_3,9251,20,25.8,16,23127.5,0,9
3759,Tier_3,9253,17,22.9,15,23132.5,0,9
3760,Tier_3,9295,55,19.5,13,23237.5,0,9
3761,Tier_3,9278,0,24.1,17,23195,0,9
3762,Tier_3,9259,0,21.7,19,23147.5,0,9
3763,Tier_3,9270,22,23.3,11,23175,0,9
3764,Tier_3,9267,12,20.8,15,23167.5,0,9
3765,Tier_3,9285,30,25,12,23212.5,0,9
3766,Tier_3,9310,43,22.4,18,23275,0,9
3767,Tier_3,9294,0,19.9,16,23235,0,9
3768,Tier_3,9279,0,24.5,15,23197.5,0,9
3769,Tier_3,9277,10,23.5,12,23192.5,0,9
3770,Tier_3,9291,31,25.1,17,23227.5,0,9
3771,Tier_3,9330,53,22.9,14,23325,0,9
3772,Tier_3,9314,0,24.5,16,23285,0,9
3773,Tier_3,9316,17,21.8,15,23290,0,9
3774,Tier_3,9298,0,23.3,18,23245,0,9
3775,Tier_3,9315,30,25.5,13,23287.5,0,9
3776,Tier_3,9311,15,22.1,19,23277.5,0,9
3777,Tier_3,9300,0,24.8,11,23250,0,9
3778,Tier_3,9306,22,21,16,23265,0,9
3779,Tier_3,9308,16,23.9,14,23270,0,9
3780,Tier_3,9325,29,25.3,12,23312.5,0,9
3781,Tier_3,9308,0,22.5,17,23270,0,9
3782,Tier_3,9310,17,24.1,15,23275,0,9
3783,Tier_3,9292,0,21.5,18,23230,0,9
3784,Tier_3,9310,31,23,13,23275,0,9
3785,Tier_3,9325,31,25,16,23312.5,0,9
3786,Tier_3,9320,12,22.8,17,23300,0,9
3787,Tier_3,9327,17,24.3,10,23317.5,0,9
3788,Tier_3,9327,15,21.2,15,23317.5,0,9
3789,Tier_3,9308,0,23.7,19,23270,0,9
3790,Tier_3,9310,13,25.8,11,23275,0,9
3791,Tier_3,9296,0,22.3,14,23240,0,9
3792,Tier_3,9294,14,24.9,16,23235,0,9
3793,Tier_3,9300,18,21.9,12,23250,0,9
3794,Tier_3,9302,15,26.1,13,23255,0,9
3795,Tier_3,9309,24,23.9,17,23272.5,0,9
3796,Tier_3,9313,19,25.5,15,23282.5,0,9
3797,Tier_3,9318,16,22.8,11,23295,0,9
3798,Tier_3,9319,17,24.3,16,23297.5,0,9
3799,Tier_3,9315,15,26.7,19,23287.5,0,9
3800,Tier_3,9302,0,23.1,13,23255,0,9
3801,Tier_3,9301,14,25.9,15,23252.5,0,9
3802,Tier_3,9299,12,22.5,14,23247.5,0,9
3803,Tier_3,9315,34,24.9,18,23287.5,0,9
3804,Tier_3,9303,0,27.2,12,23257.5,0,9
3805,Tier_3,9314,27,23.5,16,23285,0,9
3806,Tier_3,9308,13,26.3,19,23270,0,9
3807,Tier_3,9309,14,22.1,13,23272.5,0,9
3808,Tier_3,9292,0,25,17,23230,0,9
3809,Tier_3,9312,35,24,15,23280,0,9
3810,Tier_3,9306,15,27.5,21,23265,0,9
3811,Tier_3,9303,11,23.3,14,23257.5,0,9
3812,Tier_3,9285,0,26.9,18,23212.5,0,9
3813,Tier_3,9307,33,22.9,11,23267.5,0,9
3814,Tier_3,9291,0,25.1,16,23227.5,0,9
3815,Tier_3,9285,13,24.5,19,23212.5,0,9
3816,Tier_3,9285,12,23.8,12,23212.5,0,9
3817,Tier_3,9287,17,26,15,23217.5,0,9
3818,Tier_3,9274,0,22.7,13,23185,0,9
3819,Tier_3,9268,12,24.7,18,23170,0,9
3820,Tier_3,9285,31,25.1,14,23212.5,0,9
3821,Tier_3,9266,0,22.3,19,23165,0,9
3822,Tier_3,9287,33,23.5,12,23217.5,0,9
3823,Tier_3,9282,11,24,16,23205,0,9
3824,Tier_3,9284,13,21.9,11,23210,0,9
3825,Tier_3,9269,0,25.5,15,23172.5,0,9
3826,Tier_3,9274,18,23.1,13,23185,0,9
3827,Tier_3,9274,17,22.8,17,23185,0,9
3828,Tier_3,9280,20,24.5,14,23200,0,9
3829,Tier_3,9286,25,21.1,19,23215,0,9
3830,Tier_3,9275,0,23.9,11,23187.5,0,9
3831,Tier_3,9276,16,25,15,23190,0,9
3832,Tier_3,9277,17,22.5,16,23192.5,0,9
3833,Tier_3,9299,32,24.3,10,23247.5,0,9
3834,Tier_3,9294,12,23,17,23235,0,9
3835,Tier_3,9282,0,21.5,12,23205,0,9
3836,Tier_3,9281,13,25.2,14,23202.5,0,9
3837,Tier_3,9263,0,22,18,23157.5,0,9
3838,Tier_3,9269,19,24.8,13,23172.5,0,9
3839,Tier_3,9303,49,23.3,15,23257.5,0,9
3840,Tier_3,9303,11,21.7,11,23257.5,0,9
3841,Tier_3,9301,14,25.8,16,23252.5,0,9
3842,Tier_3,9284,0,22.7,17,23210,0,9
3843,Tier_3,9302,32,24.1,14,23255,0,9
3844,Tier_3,9306,16,26.8,12,23265,0,9
3845,Tier_3,9298,11,21.5,19,23245,0,9
3846,Tier_3,9318,35,28.1,15,23295,0,9
3847,Tier_3,9320,13,23.9,11,23300,0,9
3848,Tier_3,9307,0,20.5,13,23267.5,0,9
3849,Tier_3,9309,19,25.3,17,23272.5,0,9
3850,Tier_3,9326,27,22.1,10,23315,0,9
3851,Tier_3,9324,14,27.7,16,23310,0,9
3852,Tier_3,9326,16,24.5,14,23315,0,9
3853,Tier_3,9308,0,21,18,23270,0,9
3854,Tier_3,9322,23,29.2,9,23305,0,9
3855,Tier_3,9307,0,23,15,23267.5,0,9
3856,Tier_3,9312,17,26,12,23280,0,9
3857,Tier_3,9342,43,20.8,13,23355,0,9
3858,Tier_3,9328,0,25.5,14,23320,0,9
3859,Tier_3,9327,16,22.7,17,23317.5,0,9
3860,Tier_3,9317,0,27.1,10,23292.5,0,9
3861,Tier_3,9321,15,23.5,11,23302.5,0,9
3862,Tier_3,9334,29,21.9,16,23335,0,9
3863,Tier_3,9338,19,28.8,15,23345,0,9
3864,Tier_3,9319,0,24.1,19,23297.5,0,9
3865,Tier_3,9319,13,22.5,13,23297.5,0,9
3866,Tier_3,9305,0,26.3,14,23262.5,0,9
3867,Tier_3,9339,44,20.1,10,23347.5,0,9
3868,Tier_3,9343,16,23.3,12,23357.5,0,9
3869,Tier_3,9331,0,78.5,12,23327.5,0,9
3870,Tier_3,9316,0,91.2,15,23290,0,9
3871,Tier_3,9337,31,72.1,10,23342.5,0,9
3872,Tier_3,9336,12,115.8,13,23340,0,9
3873,Tier_3,9325,0,88.3,11,23312.5,0,9
3874,Tier_3,9366,55,105,14,23415,0,9
3875,Tier_3,9354,0,95.5,12,23385,0,9
3876,Tier_3,9352,13,120,15,23380,0,9
3877,Tier_3,9342,0,75.2,10,23355,0,9
3878,Tier_3,9362,33,101.1,13,23405,0,9
3879,Tier_3,9366,15,82.9,11,23415,0,9
3880,Tier_3,9352,0,99,14,23380,0,9
3881,Tier_3,9340,0,76.5,12,23350,0,9
3882,Tier_3,9358,33,110.3,15,23395,0,9
3883,Tier_3,9359,11,85.1,10,23397.5,0,9
3884,Tier_3,9378,32,93.4,13,23445,0,9
3885,Tier_3,9380,13,79.8,11,23450,0,9
3886,Tier_3,9366,0,108.7,14,23415,0,9
3887,Tier_3,9391,37,81.5,12,23477.5,0,9
3888,Tier_3,9394,18,97.6,15,23485,0,9
3889,Tier_3,9384,0,74.3,10,23460,0,9
3890,Tier_3,9371,0,112.5,13,23427.5,0,9
3891,Tier_3,9375,15,90.1,11,23437.5,0,9
3892,Tier_3,9392,31,83.2,14,23480,0,9
3893,Tier_3,9380,0,103.5,12,23450,0,9
3894,Tier_3,9367,0,23.5,13,23417.5,0,9
3895,Tier_3,9350,0,26.1,17,23375,0,9
3896,Tier_3,9336,0,20.9,14,23340,0,9
3897,Tier_3,9320,0,24.3,16,23300,0,9
3898,Tier_3,9309,0,22.8,11,23272.5,0,9
3899,Tier_3,9294,0,25.5,15,23235,0,9
3900,Tier_3,9276,0,23.1,18,23190,0,9
3901,Tier_3,9264,0,21.7,12,23160,0,9
3902,Tier_3,9248,0,27.8,16,23120,0,9
3903,Tier_3,9235,0,22.2,13,23087.5,0,9
3904,Tier_3,9216,0,24.9,19,23040,0,9
3905,Tier_3,9201,0,20.1,15,23002.5,0,9
3906,Tier_3,9191,0,23.6,10,22977.5,0,9
3907,Tier_3,9174,0,25.3,17,22935,0,9
3908,Tier_3,9160,0,21.1,14,22900,0,9
3909,Tier_3,9144,0,23.9,16,22860,0,9
3910,Tier_3,9131,0,26.7,13,22827.5,0,9
3911,Tier_3,9116,0,22.5,15,22790,0,9
3912,Tier_3,9098,0,24.1,18,22745,0,9
3913,Tier_3,9087,0,20.5,11,22717.5,0,9
3914,Tier_3,9073,0,23.2,14,22682.5,0,9
3915,Tier_3,9054,0,25.9,19,22635,0,9
3916,Tier_3,9042,0,21.3,12,22605,0,9
3917,Tier_3,9043,18,23.7,17,22607.5,0,9
3918,Tier_3,9044,16,22.9,15,22610,0,9
3919,Tier_3,9032,0,23.5,12,22580,0,9
3920,Tier_3,9014,0,24.1,18,22535,0,9
3921,Tier_3,9043,44,22.8,15,22607.5,0,9
3922,Tier_3,9033,0,25,10,22582.5,0,9
3923,Tier_3,9048,32,23.3,17,22620,0,9
3924,Tier_3,9034,0,21.9,14,22585,0,9
3925,Tier_3,9057,42,24.5,19,22642.5,0,9
3926,Tier_3,9048,0,22.1,9,22620,0,9
3927,Tier_3,9035,0,23.8,13,22587.5,0,9
3928,Tier_3,9019,0,25.2,16,22547.5,0,9
3929,Tier_3,9035,31,21.5,15,22587.5,0,9
3930,Tier_3,9053,29,23,11,22632.5,0,9
3931,Tier_3,9034,0,24.8,19,22585,0,9
3932,Tier_3,9038,18,22.5,14,22595,0,9
3933,Tier_3,9069,48,23.1,17,22672.5,0,9
3934,Tier_3,9061,0,25.5,8,22652.5,0,9
3935,Tier_3,9048,0,21,13,22620,0,9
3936,Tier_3,9047,17,23.9,18,22617.5,0,9
3937,Tier_3,9073,41,24.3,15,22682.5,0,9
3938,Tier_3,9057,0,22.7,16,22642.5,0,9
3939,Tier_3,9045,0,23.2,12,22612.5,0,9
3940,Tier_3,9035,0,25.1,10,22587.5,0,9
3941,Tier_3,9067,49,21.8,17,22667.5,0,9
3942,Tier_3,9052,0,23.6,15,22630,0,9
3943,Tier_3,9059,18,24,11,22647.5,0,9
3944,Tier_3,9083,36,25.1,12,22707.5,0,9
3945,Tier_3,9064,0,22.8,19,22660,0,9
3946,Tier_3,9085,35,24.5,14,22712.5,0,9
3947,Tier_3,9081,12,23,16,22702.5,0,9
3948,Tier_3,9081,11,25.9,11,22702.5,0,9
3949,Tier_3,9086,23,21.5,18,22715,0,9
3950,Tier_3,9071,0,24.1,15,22677.5,0,9
3951,Tier_3,9095,37,23.3,13,22737.5,0,9
3952,Tier_3,9078,0,25.5,17,22695,0,9
3953,Tier_3,9086,27,22,19,22715,0,9
3954,Tier_3,9085,15,24.8,16,22712.5,0,9
3955,Tier_3,9073,0,23.5,12,22682.5,0,9
3956,Tier_3,9115,57,21.9,15,22787.5,0,9
3957,Tier_3,9098,0,25.2,17,22745,0,9
3958,Tier_3,9085,0,23.8,13,22712.5,0,9
3959,Tier_3,9067,0,22.5,18,22667.5,0,9
3960,Tier_3,9082,29,24.3,14,22705,0,9
3961,Tier_3,9101,35,21.1,16,22752.5,0,9
3962,Tier_3,9106,16,25,11,22765,0,9
3963,Tier_3,9109,18,23.1,15,22772.5,0,9
3964,Tier_3,9090,0,24,19,22725,0,9
3965,Tier_3,9090,13,22.7,13,22725,0,9
3966,Tier_3,9093,20,25.8,17,22732.5,0,9
3967,Tier_3,9094,15,23.9,14,22735,0,9
3968,Tier_3,9093,15,21.8,16,22732.5,0,9
3969,Tier_3,9100,18,22.5,11,22750,0,9
3970,Tier_3,9119,34,26.1,15,22797.5,0,9
3971,Tier_3,9120,14,20.8,13,22800,0,9
3972,Tier_3,9101,0,23.9,19,22752.5,0,9
3973,Tier_3,9093,0,27.5,8,22732.5,0,9
3974,Tier_3,9131,52,21.1,14,22827.5,0,9
3975,Tier_3,9129,20,24.3,22,22822.5,0,9
3976,Tier_3,9113,0,23.2,16,22782.5,0,9
3977,Tier_3,9095,0,25.9,18,22737.5,0,9
3978,Tier_3,9093,23,20.1,25,22732.5,0,9
3979,Tier_3,9114,33,26.7,12,22785,0,9
3980,Tier_3,9099,0,22.9,15,22747.5,0,9
3981,Tier_3,9103,13,23.5,9,22757.5,0,9
3982,Tier_3,9131,49,25,21,22827.5,0,9
3983,Tier_3,9117,0,21.8,14,22792.5,0,9
3984,Tier_3,9117,17,24.1,17,22792.5,0,9
3985,Tier_3,9107,0,26.3,10,22767.5,0,9
3986,Tier_3,9095,12,20.5,24,22737.5,0,9
3987,Tier_3,9095,15,22.1,15,22737.5,0,9
3988,Tier_3,9116,32,25.5,11,22790,0,9
3989,Tier_3,9096,0,23,20,22740,0,9
3990,Tier_3,9098,15,27.1,13,22745,0,9
3991,Tier_3,9115,35,21.5,18,22787.5,0,9
3992,Tier_3,9129,31,24.7,17,22822.5,0,9
3993,Tier_3,9113,0,22.3,16,22782.5,0,9
3994,Tier_3,9099,0,24.1,14,22747.5,0,9
3995,Tier_3,9098,17,22.5,18,22745,0,9
3996,Tier_3,9119,33,25.8,12,22797.5,0,9
3997,Tier_3,9104,0,23,15,22760,0,9
3998,Tier_3,9110,22,24.5,16,22775,0,9
3999,Tier_3,9137,38,21.9,11,22842.5,0,9
4000,Tier_3,9118,0,26.3,19,22795,0,9
4001,Tier_3,9115,10,23.1,13,22787.5,0,9
4002,Tier_3,9098,0,25,17,22745,0,9
4003,Tier_3,9119,35,22.7,14,22797.5,0,9
4004,Tier_3,9103,0,24.9,16,22757.5,0,9
4005,Tier_3,9116,26,23.5,13,22790,0,9
4006,Tier_3,9138,37,25.2,15,22845,0,9
4007,Tier_3,9140,20,21,18,22850,0,9
4008,Tier_3,9146,18,23.8,12,22865,0,9
4009,Tier_3,9148,17,24,15,22870,0,9
4010,Tier_3,9137,0,22.1,11,22842.5,0,9
4011,Tier_3,9136,13,26.5,14,22840,0,9
4012,Tier_3,9140,21,23.3,17,22850,0,9
4013,Tier_3,9140,16,24.8,16,22850,0,9
4014,Tier_3,9139,12,21.5,13,22847.5,0,9
4015,Tier_3,9139,15,25.5,15,22847.5,0,9
4016,Tier_3,9120,0,22.9,19,22800,0,9
4017,Tier_3,9152,44,23.2,12,22880,0,9
4018,Tier_3,9154,16,24.3,14,22885,0,9
4019,Tier_3,9142,0,24.5,12,22855,0,9
4020,Tier_3,9140,13,18.1,15,22850,0,9
4021,Tier_3,9134,12,25.9,18,22835,0,9
4022,Tier_3,9156,32,12.3,10,22890,0,9
4023,Tier_3,9142,0,20.7,14,22855,0,9
4024,Tier_3,9141,10,23.1,11,22852.5,0,9
4025,Tier_3,9122,0,15.5,19,22805,0,9
4026,Tier_3,9138,29,28,13,22845,0,9
4027,Tier_3,9140,18,19.9,16,22850,0,9
4028,Tier_3,9142,19,21.4,17,22855,0,9
4029,Tier_3,9157,27,11.2,12,22892.5,0,9
4030,Tier_3,9142,0,26.8,15,22855,0,9
4031,Tier_3,9144,13,17.7,11,22860,0,9
4032,Tier_3,9150,24,22.5,18,22875,0,9
4033,Tier_3,9153,17,13.9,14,22882.5,0,9
4034,Tier_3,9162,22,24.1,13,22905,0,9
4035,Tier_3,9157,12,19,17,22892.5,0,9
4036,Tier_3,9161,16,25.2,12,22902.5,0,9
4037,Tier_3,9161,15,15.1,15,22902.5,0,9
4038,Tier_3,9179,37,20.3,19,22947.5,0,9
4039,Tier_3,9183,14,23.5,10,22957.5,0,9
4040,Tier_3,9200,30,12.7,13,23000,0,9
4041,Tier_3,9217,33,21.1,16,23042.5,0,9
4042,Tier_3,9221,15,24.9,11,23052.5,0,9
4043,Tier_3,9221,17,18.5,17,23052.5,0,9
4044,Tier_3,9221,18,22.5,18,23052.5,0,9
4045,Tier_3,9206,0,27.1,15,23015,0,9
4046,Tier_3,9195,0,18.8,11,22987.5,0,9
4047,Tier_3,9242,66,24,19,23105,0,9
4048,Tier_3,9229,0,21.3,13,23072.5,0,9
4049,Tier_3,9249,36,26.9,16,23122.5,0,9
4050,Tier_3,9237,0,20.5,12,23092.5,0,9
4051,Tier_3,9222,0,23.5,15,23055,0,9
4052,Tier_3,9219,14,25.1,17,23047.5,0,9
4053,Tier_3,9223,18,21.9,14,23057.5,0,9
4054,Tier_3,9262,57,24.5,18,23155,0,9
4055,Tier_3,9251,0,20.1,11,23127.5,0,9
4056,Tier_3,9238,0,22.8,13,23095,0,9
4057,Tier_3,9241,19,26.3,16,23102.5,0,9
4058,Tier_3,9260,38,23.1,19,23150,0,9
4059,Tier_3,9245,0,21,15,23112.5,0,9
4060,Tier_3,9228,0,25.8,17,23070,0,9
4061,Tier_3,9254,38,20.9,12,23135,0,9
4062,Tier_3,9259,19,22.2,14,23147.5,0,9
4063,Tier_3,9256,15,24.8,18,23140,0,9
4064,Tier_3,9243,0,21.5,13,23107.5,0,9
4065,Tier_3,9242,15,23.9,16,23105,0,9
4066,Tier_3,9239,16,26,19,23097.5,0,9
4067,Tier_3,9240,16,20.3,15,23100,0,9
4068,Tier_3,9229,0,22.7,11,23072.5,0,9
4069,Tier_3,9235,18,25.1,12,23087.5,0,9
4070,Tier_3,9237,17,22.8,15,23092.5,0,9
4071,Tier_3,9230,11,23.5,18,23075,0,9
4072,Tier_3,9232,12,25.9,10,23080,0,9
4073,Tier_3,9218,0,20.1,14,23045,0,9
4074,Tier_3,9209,0,24.3,9,23022.5,0,9
4075,Tier_3,9234,41,21.5,16,23085,0,9
4076,Tier_3,9231,14,23,17,23077.5,0,9
4077,Tier_3,9239,19,26.2,11,23097.5,0,9
4078,Tier_3,9241,15,22.1,13,23102.5,0,9
4079,Tier_3,9240,18,24.8,19,23100,0,9
4080,Tier_3,9245,13,21.9,8,23112.5,0,9
4081,Tier_3,9247,17,23.3,15,23117.5,0,9
4082,Tier_3,9250,15,25.5,12,23125,0,9
4083,Tier_3,9250,14,20.5,14,23125,0,9
4084,Tier_3,9245,11,22.9,16,23112.5,0,9
4085,Tier_3,9232,0,24,13,23080,0,9
4086,Tier_3,9259,37,23.7,10,23147.5,0,9
4087,Tier_3,9255,13,25,17,23137.5,0,9
4088,Tier_3,9256,16,21.1,15,23140,0,9
4089,Tier_3,9252,14,24.1,18,23130,0,9
4090,Tier_3,9241,0,22.5,11,23102.5,0,9
4091,Tier_3,9242,15,23.8,14,23105,0,9
4092,Tier_3,9246,17,26,13,23115,0,9
4093,Tier_3,9267,36,21.7,15,23167.5,0,9
4094,Tier_3,9265,16,24.3,18,23162.5,0,9
4095,Tier_3,9268,15,22.1,12,23170,0,9
4096,Tier_3,9253,0,25.9,15,23132.5,0,9
4097,Tier_3,9253,13,21.5,13,23132.5,0,9
4098,Tier_3,9260,23,23,16,23150,0,9
4099,Tier_3,9259,18,24.8,19,23147.5,0,9
4100,Tier_3,9265,16,20.5,10,23162.5,0,9
4101,Tier_3,9251,0,23.3,14,23127.5,0,9
4102,Tier_3,9244,10,22.7,17,23110,0,9
4103,Tier_3,9265,32,21.1,11,23162.5,0,9
4104,Tier_3,9281,32,24.1,16,23202.5,0,9
4105,Tier_3,9266,0,23.5,15,23165,0,9
4106,Tier_3,9254,0,20.8,12,23135,0,9
4107,Tier_3,9255,14,22.3,13,23137.5,0,9
4108,Tier_3,9250,13,25.1,18,23125,0,9
4109,Tier_3,9268,35,21.9,17,23170,0,9
4110,Tier_3,9269,11,23.8,10,23172.5,0,9
4111,Tier_3,9255,0,24.5,14,23137.5,0,9
4112,Tier_3,9266,27,20.1,16,23165,0,9
4113,Tier_3,9272,17,22.9,11,23180,0,9
4114,Tier_3,9257,0,23.1,15,23142.5,0,9
4115,Tier_3,9275,31,21.7,13,23187.5,0,9
4116,Tier_3,9256,0,24.9,19,23140,0,9
4117,Tier_3,9262,18,22.5,12,23155,0,9
4118,Tier_3,9282,34,23.6,14,23205,0,9
4119,Tier_3,9287,17,19.5,12,23217.5,0,9
4120,Tier_3,9283,13,25.1,17,23207.5,0,9
4121,Tier_3,9287,14,18.8,10,23217.5,0,9
4122,Tier_3,9277,15,23.5,25,23192.5,0,9
4123,Tier_3,9263,0,20.3,14,23157.5,0,9
4124,Tier_3,9300,53,26.9,16,23250,0,9
4125,Tier_3,9296,15,21,19,23240,0,9
4126,Tier_3,9281,0,24.7,15,23202.5,0,9
4127,Tier_3,9286,16,22.1,11,23215,0,9
4128,Tier_3,9287,14,23.3,13,23217.5,0,9
4129,Tier_3,9301,35,25.8,21,23252.5,0,9
4130,Tier_3,9283,0,19.9,18,23207.5,0,9
4131,Tier_3,9293,19,21.5,9,23232.5,0,9
4132,Tier_3,9293,15,24.1,15,23232.5,0,9
4133,Tier_3,9291,15,23,17,23227.5,0,9
4134,Tier_3,9284,13,26.2,20,23210,0,9
4135,Tier_3,9287,17,20.7,14,23217.5,0,9
4136,Tier_3,9287,16,22.8,16,23217.5,0,9
4137,Tier_3,9307,32,24.5,12,23267.5,0,9
4138,Tier_3,9285,0,25.5,22,23212.5,0,9
4139,Tier_3,9303,33,21.9,15,23257.5,0,9
4140,Tier_3,9305,15,23.9,13,23262.5,0,9
4141,Tier_3,9302,15,20.1,18,23255,0,9
4142,Tier_3,9308,16,25.3,10,23270,0,9
4143,Tier_3,9302,11,22.6,17,23255,0,9
4144,Tier_3,9289,0,26.9,13,23222.5,0,9
4145,Tier_3,9291,19,21.1,17,23227.5,0,9
4146,Tier_3,9315,35,27.5,11,23287.5,0,9
4147,Tier_3,9300,0,20.3,15,23250,0,9
4148,Tier_3,9284,0,23.8,16,23210,0,9
4149,Tier_3,9289,17,24.1,12,23222.5,0,9
4150,Tier_3,9287,16,28,18,23217.5,0,9
4151,Tier_3,9324,52,21.5,15,23310,0,9
4152,Tier_3,9314,0,25.6,10,23285,0,9
4153,Tier_3,9307,12,22.9,19,23267.5,0,9
4154,Tier_3,9293,0,24.5,14,23232.5,0,9
4155,Tier_3,9302,25,20.1,16,23255,0,9
4156,Tier_3,9336,47,23.3,13,23340,0,9
4157,Tier_3,9321,0,27.1,15,23302.5,0,9
4158,Tier_3,9304,0,21.9,17,23260,0,9
4159,Tier_3,9310,17,25.8,11,23275,0,9
4160,Tier_3,9317,21,23.5,14,23292.5,0,9
4161,Tier_3,9347,48,26.3,18,23367.5,0,9
4162,Tier_3,9335,0,20.9,12,23337.5,0,9
4163,Tier_3,9319,0,24.8,16,23297.5,0,9
4164,Tier_3,9344,38,22.1,13,23360,0,9
4165,Tier_3,9329,0,28.5,15,23322.5,0,9
4166,Tier_3,9349,34,21.7,14,23372.5,0,9
4167,Tier_3,9360,28,23.1,17,23400,0,9
4168,Tier_3,9350,0,25,10,23375,0,9
4169,Tier_3,9235,0,27.1,115,23087.5,0,9
4170,Tier_3,9137,0,19.5,98,22842.5,0,9
4171,Tier_3,9021,18,22.8,134,22552.5,0,9
4172,Tier_3,8919,19,24,121,22297.5,0,9
4173,Tier_3,8861,27,20.3,85,22152.5,0,9
4174,Tier_3,8731,12,25.5,142,21827.5,0,9
4175,Tier_3,8643,17,21.1,105,21607.5,0,9
4176,Tier_3,8531,18,23.9,130,21327.5,0,9
4177,Tier_3,8441,0,26.7,90,21102.5,0,9
4178,Tier_3,8365,42,18.9,118,20912.5,0,9
4179,Tier_3,8254,14,24.5,125,20635,0,9
4180,Tier_3,8125,19,21.5,148,20312.5,0,9
4181,Tier_3,8023,0,23.2,102,20057.5,0,9
4182,Tier_3,7913,0,25,110,19782.5,0,9
4183,Tier_3,7838,13,19.8,88,19595,0,9
4184,Tier_3,7734,31,22.1,135,19335,0,9
4185,Tier_3,7618,12,24.9,128,19045,0,9
4186,Tier_3,7537,14,20,95,18842.5,0,9
4187,Tier_3,7440,18,23.5,115,18600,0,9
4188,Tier_3,7364,32,21.8,108,18410,0,9
4189,Tier_3,7232,0,25.3,132,18080,0,9
4190,Tier_3,7171,31,19.1,92,17927.5,0,9
4191,Tier_3,7051,0,24.2,120,17627.5,0,9
4192,Tier_3,6951,0,22.5,100,17377.5,0,9
4193,Tier_3,6872,38,23,117,17180,0,9
4194,Tier_3,6873,15,23.5,14,17182.5,0,9
4195,Tier_3,6861,0,24.1,12,17152.5,0,9
4196,Tier_3,6894,49,25.8,16,17235,0,9
4197,Tier_3,6892,13,22.9,15,17230,0,9
4198,Tier_3,6881,0,26.3,11,17202.5,0,9
4199,Tier_3,6862,0,21.7,19,17155,0,9
4200,Tier_3,6890,41,24.9,13,17225,0,9
4201,Tier_3,6873,0,23.1,17,17182.5,0,9
4202,Tier_3,6883,20,25.5,10,17207.5,0,9
4203,Tier_3,6897,32,22.3,18,17242.5,0,9
4204,Tier_3,6913,31,24.4,15,17282.5,0,9
4205,Tier_3,6899,0,26.1,14,17247.5,0,9
4206,Tier_3,6914,31,21.1,16,17285,0,9
4207,Tier_3,6918,17,23.7,13,17295,0,9
4208,Tier_3,6906,0,25.9,12,17265,0,9
4209,Tier_3,6904,13,22.8,15,17260,0,9
4210,Tier_3,6924,31,24.6,11,17310,0,9
4211,Tier_3,6924,18,23.3,18,17310,0,9
4212,Tier_3,6910,0,25.2,14,17275,0,9
4213,Tier_3,6900,0,21.9,10,17250,0,9
4214,Tier_3,6918,35,23.8,17,17295,0,9
4215,Tier_3,6919,17,24.5,16,17297.5,0,9
4216,Tier_3,6923,19,22.6,15,17307.5,0,9
4217,Tier_3,6911,0,26,12,17277.5,0,9
4218,Tier_3,6914,16,23.2,13,17285,0,9
4219,Tier_3,6922,19,22.5,11,17305,0,9
4220,Tier_3,6924,17,27.1,15,17310,0,9
4221,Tier_3,6922,18,19.8,20,17305,0,9
4222,Tier_3,6924,15,24.3,13,17310,0,9
4223,Tier_3,6906,0,20.5,18,17265,0,9
4224,Tier_3,6925,30,25.9,11,17312.5,0,9
4225,Tier_3,6943,34,23.1,16,17357.5,0,9
4226,Tier_3,6924,0,26.8,19,17310,0,9
4227,Tier_3,6930,18,21.2,12,17325,0,9
4228,Tier_3,6945,30,24.5,15,17362.5,0,9
4229,Tier_3,6928,0,20.1,17,17320,0,9
4230,Tier_3,6914,0,25.5,14,17285,0,9
4231,Tier_3,6926,31,23.9,19,17315,0,9
4232,Tier_3,6933,17,21.7,10,17332.5,0,9
4233,Tier_3,6915,0,24.8,18,17287.5,0,9
4234,Tier_3,6933,33,22.3,15,17332.5,0,9
4235,Tier_3,6948,28,25.1,13,17370,0,9
4236,Tier_3,6932,0,20.9,16,17330,0,9
4237,Tier_3,6931,16,23.5,17,17327.5,0,9
4238,Tier_3,6938,18,26.2,11,17345,0,9
4239,Tier_3,6956,32,21.9,14,17390,0,9
4240,Tier_3,6937,0,24.1,19,17342.5,0,9
4241,Tier_3,6974,49,22.8,12,17435,0,9
4242,Tier_3,6958,0,25.3,16,17395,0,9
4243,Tier_3,6974,31,20.3,15,17435,0,9
4244,Tier_3,6962,0,78.3,12,17405,0,9
4245,Tier_3,6947,0,105.1,15,17367.5,0,9
4246,Tier_3,6957,21,88.9,11,17392.5,0,9
4247,Tier_3,6956,12,112.5,13,17390,0,9
4248,Tier_3,6972,30,95.2,14,17430,0,9
4249,Tier_3,6982,22,77.6,12,17455,0,9
4250,Tier_3,6977,10,99,15,17442.5,0,9
4251,Tier_3,6964,0,118.3,13,17410,0,9
4252,Tier_3,6970,16,83.1,10,17425,0,9
4253,Tier_3,6969,14,90.5,15,17422.5,0,9
4254,Tier_3,6973,15,101.2,11,17432.5,0,9
4255,Tier_3,6977,18,72.9,14,17442.5,0,9
4256,Tier_3,6990,25,115.7,12,17475,0,9
4257,Tier_3,6991,14,92.3,13,17477.5,0,9
4258,Tier_3,6995,19,79.1,15,17487.5,0,9
4259,Tier_3,6984,0,108.4,11,17460,0,9
4260,Tier_3,6987,17,85.5,14,17467.5,0,9
4261,Tier_3,7008,33,110,12,17520,0,9
4262,Tier_3,6995,0,98.7,13,17487.5,0,9
4263,Tier_3,6997,17,75.3,15,17492.5,0,9
4264,Tier_3,7036,49,103.6,10,17590,0,9
4265,Tier_3,7025,0,89.1,11,17562.5,0,9
4266,Tier_3,7011,0,117.2,14,17527.5,0,9
4267,Tier_3,7010,11,94.5,12,17525,0,9
4268,Tier_3,6997,0,76.8,13,17492.5,0,9
4269,Tier_3,6983,0,25.1,14,17457.5,0,9
4270,Tier_3,6967,0,22.8,16,17417.5,0,9
4271,Tier_3,6949,0,24.5,18,17372.5,0,9
4272,Tier_3,6936,0,21.3,13,17340,0,9
4273,Tier_3,6921,0,26,15,17302.5,0,9
4274,Tier_3,6904,0,23.9,17,17260,0,9
4275,Tier_3,6893,0,25.5,11,17232.5,0,9
4276,Tier_3,6874,0,20.1,19,17185,0,9
4277,Tier_3,6859,0,24.1,15,17147.5,0,9
4278,Tier_3,6843,0,23.3,16,17107.5,0,9
4279,Tier_3,6829,0,25.8,14,17072.5,0,9
4280,Tier_3,6812,0,21.9,17,17030,0,9
4281,Tier_3,6799,0,23.5,13,16997.5,0,9
4282,Tier_3,6781,0,26.2,18,16952.5,0,9
4283,Tier_3,6766,0,22.5,15,16915,0,9
4284,Tier_3,6754,0,24.8,12,16885,0,9
4285,Tier_3,6735,0,20.9,19,16837.5,0,9
4286,Tier_3,6719,0,23.1,16,16797.5,0,9
4287,Tier_3,6706,0,25.7,13,16765,0,9
4288,Tier_3,6692,0,21.5,14,16730,0,9
4289,Tier_3,6675,0,24.3,17,16687.5,0,9
4290,Tier_3,6660,0,22.1,15,16650,0,9
4291,Tier_3,6642,0,26.5,18,16605,0,9
4292,Tier_3,6631,0,23.7,11,16577.5,0,9
4293,Tier_3,6644,32,20.5,19,16610,0,9
4294,Tier_3,6649,18,24.5,13,16622.5,0,9
4295,Tier_3,6642,12,22.1,19,16605,0,9
4296,Tier_3,6645,20,25.8,17,16612.5,0,9
4297,Tier_3,6630,0,20.3,15,16575,0,9
4298,Tier_3,6630,14,23.9,14,16575,0,9
4299,Tier_3,6633,19,21.7,16,16582.5,0,9
4300,Tier_3,6621,0,24.1,12,16552.5,0,9
4301,Tier_3,6653,47,23,15,16632.5,0,9
4302,Tier_3,6646,11,25.5,18,16615,0,9
4303,Tier_3,6635,0,22.8,11,16587.5,0,9
4304,Tier_3,6618,0,20,17,16545,0,9
4305,Tier_3,6653,48,23.5,13,16632.5,0,9
4306,Tier_3,6655,18,21.2,16,16637.5,0,9
4307,Tier_3,6640,0,24.8,15,16600,0,9
4308,Tier_3,6641,19,22.5,18,16602.5,0,9
4309,Tier_3,6656,29,23.3,14,16640,0,9
4310,Tier_3,6661,17,20.9,12,16652.5,0,9
4311,Tier_3,6642,0,25,19,16605,0,9
4312,Tier_3,6638,13,21.5,17,16595,0,9
4313,Tier_3,6669,46,23.1,15,16672.5,0,9
4314,Tier_3,6656,0,24.3,13,16640,0,9
4315,Tier_3,6640,0,22,16,16600,0,9
4316,Tier_3,6643,14,20.5,11,16607.5,0,9
4317,Tier_3,6670,45,23.8,18,16675,0,9
4318,Tier_3,6672,16,21,14,16680,0,9
4319,Tier_3,6661,0,95.1,11,16652.5,0,9
4320,Tier_3,6646,0,105.3,15,16615,0,9
4321,Tier_3,6645,11,78.9,12,16612.5,0,9
4322,Tier_3,6660,29,112,14,16650,0,9
4323,Tier_3,6647,0,88.5,13,16617.5,0,9
4324,Tier_3,6683,47,101.2,11,16707.5,0,9
4325,Tier_3,6667,0,99,16,16667.5,0,9
4326,Tier_3,6667,10,118.5,10,16667.5,0,9
4327,Tier_3,6664,12,72.3,15,16660,0,9
4328,Tier_3,6669,17,108.7,12,16672.5,0,9
4329,Tier_3,6675,19,92.4,13,16687.5,0,9
4330,Tier_3,6678,17,115.1,14,16695,0,9
4331,Tier_3,6680,13,75.9,11,16700,0,9
4332,Tier_3,6690,25,103,15,16725,0,9
4333,Tier_3,6680,0,120,10,16700,0,9
4334,Tier_3,6683,16,97.5,13,16707.5,0,9
4335,Tier_3,6673,2,110.2,12,16682.5,0,9
4336,Tier_3,6704,45,77.1,14,16760,0,9
4337,Tier_3,6710,17,106.5,11,16775,0,9
4338,Tier_3,6709,14,119.8,15,16772.5,0,9
4339,Tier_3,6709,13,94.3,13,16772.5,0,9
4340,Tier_3,6697,0,102.7,12,16742.5,0,9
4341,Tier_3,6698,15,111.5,14,16745,0,9
4342,Tier_3,6688,0,85.6,10,16720,0,9
4343,Tier_3,6678,1,98,11,16695,0,9
4344,Tier_3,6664,0,98.1,14,16660,0,9
4345,Tier_3,6648,0,105.5,16,16620,0,9
4346,Tier_3,6637,1,88.3,12,16592.5,0,9
4347,Tier_3,6622,0,75.1,15,16555,0,9
4348,Tier_3,6611,0,112.9,11,16527.5,0,9
4349,Tier_3,6597,0,90.2,14,16492.5,0,9
4350,Tier_3,6584,0,101.7,13,16460,0,9
4351,Tier_3,6569,0,118.5,15,16422.5,0,9
4352,Tier_3,6559,0,77,10,16397.5,0,9
4353,Tier_3,6544,0,95.3,15,16360,0,9
4354,Tier_3,6533,1,108.1,12,16332.5,0,9
4355,Tier_3,6519,0,72.5,14,16297.5,0,9
4356,Tier_3,6503,0,115,16,16257.5,0,9
4357,Tier_3,6492,0,99.8,11,16230,0,9
4358,Tier_3,6479,0,81.2,13,16197.5,0,9
4359,Tier_3,6464,0,103.4,15,16160,0,9
4360,Tier_3,6450,0,119.1,14,16125,0,9
4361,Tier_3,6440,0,78.9,10,16100,0,9
4362,Tier_3,6425,0,92.6,15,16062.5,0,9
4363,Tier_3,6413,0,106,12,16032.5,0,9
4364,Tier_3,6400,0,110.5,13,16000,0,9
4365,Tier_3,6385,0,74.3,15,15962.5,0,9
4366,Tier_3,6374,0,97.2,11,15935,0,9
4367,Tier_3,6360,0,120,14,15900,0,9
4368,Tier_3,6344,0,85.5,16,15860,0,9
4369,Tier_3,6332,1,25.7,13,15830,0,9
4370,Tier_3,6313,0,21.3,19,15782.5,0,9
4371,Tier_3,6296,0,28.9,17,15740,0,9
4372,Tier_3,6281,0,18.5,15,15702.5,0,9
4373,Tier_3,6269,0,23.1,12,15672.5,0,9
4374,Tier_3,6249,0,26.4,20,15622.5,0,9
4375,Tier_3,6233,0,22.8,16,15582.5,0,9
4376,Tier_3,6220,0,25.2,13,15550,0,9
4377,Tier_3,6202,0,20.1,18,15505,0,9
4378,Tier_3,6187,0,27.5,15,15467.5,0,9
4379,Tier_3,6168,0,23.9,19,15420,0,9
4380,Tier_3,6154,0,24.1,14,15385,0,9
4381,Tier_3,6143,0,21.6,11,15357.5,0,9
4382,Tier_3,6126,0,29.3,17,15315,0,9
4383,Tier_3,6110,0,22,16,15275,0,9
4384,Tier_3,6095,0,25.8,15,15237.5,0,9
4385,Tier_3,6082,0,20.5,13,15205,0,9
4386,Tier_3,6064,0,27.1,18,15160,0,9
4387,Tier_3,6045,0,23.3,19,15112.5,0,9
4388,Tier_3,6030,0,26.8,15,15075,0,9
4389,Tier_3,6018,0,24.5,12,15045,0,9
4390,Tier_3,6024,22,21.9,16,15060,0,9
4391,Tier_3,6018,11,28.1,17,15045,0,9
4392,Tier_3,6004,0,22.5,14,15010,0,9
4393,Tier_3,5991,0,25,13,14977.5,0,9
4394,Tier_3,5973,0,25.1,18,14932.5,0,9
4395,Tier_3,5976,18,22.8,15,14940,0,9
4396,Tier_3,5965,10,24.5,21,14912.5,0,9
4397,Tier_3,5963,12,23.3,14,14907.5,0,9
4398,Tier_3,5965,14,26.7,12,14912.5,0,9
4399,Tier_3,5945,0,21.9,20,14862.5,0,9
4400,Tier_3,5963,34,24,16,14907.5,0,9
4401,Tier_3,5962,16,23.5,17,14905,0,9
4402,Tier_3,5943,0,25.8,19,14857.5,0,9
4403,Tier_3,5966,36,20.5,13,14915,0,9
4404,Tier_3,5963,13,23.1,16,14907.5,0,9
4405,Tier_3,5975,34,24.9,22,14937.5,0,9
4406,Tier_3,5977,17,21.1,15,14942.5,0,9
4407,Tier_3,5957,0,25.3,20,14892.5,0,9
4408,Tier_3,5943,0,22,14,14857.5,0,9
4409,Tier_3,5925,0,24.1,18,14812.5,0,9
4410,Tier_3,5939,33,23.8,19,14847.5,0,9
4411,Tier_3,5941,18,25.5,16,14852.5,0,9
4412,Tier_3,5941,13,21.5,13,14852.5,0,9
4413,Tier_3,5946,26,23,21,14865,0,9
4414,Tier_3,5943,12,24.2,15,14857.5,0,9
4415,Tier_3,5945,19,22.5,17,14862.5,0,9
4416,Tier_3,5933,0,26.1,12,14832.5,0,9
4417,Tier_3,5914,0,23.9,19,14785,0,9
4418,Tier_3,5929,29,20.9,14,14822.5,0,9
4419,Tier_3,5951,34,25.1,12,14877.5,0,9
4420,Tier_3,5970,34,23.8,15,14925,0,9
4421,Tier_3,5971,18,24.5,17,14927.5,0,9
4422,Tier_3,5958,0,22.9,13,14895,0,9
4423,Tier_3,5954,12,25.5,16,14885,0,9
4424,Tier_3,5954,14,23.1,14,14885,0,9
4425,Tier_3,5963,27,24,18,14907.5,0,9
4426,Tier_3,5951,0,21.7,12,14877.5,0,9
4427,Tier_3,5961,29,26.2,19,14902.5,0,9
4428,Tier_3,5963,17,23.3,15,14907.5,0,9
4429,Tier_3,5946,0,22.5,17,14865,0,9
4430,Tier_3,5964,31,24.8,13,14910,0,9
4431,Tier_3,5946,0,21,18,14865,0,9
4432,Tier_3,5951,19,25.9,14,14877.5,0,9
4433,Tier_3,5951,16,23.5,16,14877.5,0,9
4434,Tier_3,5961,29,24.1,19,14902.5,0,9
4435,Tier_3,5950,0,22.1,11,14875,0,9
4436,Tier_3,5953,18,26,15,14882.5,0,9
4437,Tier_3,5972,31,21.4,12,14930,0,9
4438,Tier_3,5968,14,24.9,18,14920,0,9
4439,Tier_3,5967,13,23,14,14917.5,0,9
4440,Tier_3,5947,0,25.8,20,14867.5,0,9
4441,Tier_3,5949,15,22.7,13,14872.5,0,9
4442,Tier_3,5943,11,23.6,17,14857.5,0,9
4443,Tier_3,5927,0,24.3,16,14817.5,0,9
4444,Tier_3,5944,34,25.1,17,14860,0,9
4445,Tier_3,5962,29,23.5,11,14905,0,9
4446,Tier_3,5943,0,26,19,14857.5,0,9
4447,Tier_3,5946,16,24.8,13,14865,0,9
4448,Tier_3,5943,13,22.9,16,14857.5,0,9
4449,Tier_3,5960,32,25.5,15,14900,0,9
4450,Tier_3,5948,0,23.1,12,14870,0,9
4451,Tier_3,5960,33,27.2,21,14900,0,9
4452,Tier_3,5962,16,24,14,14905,0,9
4453,Tier_3,5962,18,22.5,18,14905,0,9
4454,Tier_3,5946,0,25.8,16,14865,0,9
4455,Tier_3,5951,15,23.9,10,14877.5,0,9
4456,Tier_3,5934,0,26.5,17,14835,0,9
4457,Tier_3,5943,29,24.1,20,14857.5,0,9
4458,Tier_3,5976,48,23.3,15,14940,0,9
4459,Tier_3,5963,0,25,13,14907.5,0,9
4460,Tier_3,5949,0,22.7,14,14872.5,0,9
4461,Tier_3,5927,0,27.8,22,14817.5,0,9
4462,Tier_3,5947,31,24.5,11,14867.5,0,9
4463,Tier_3,5946,17,23,18,14865,0,9
4464,Tier_3,5945,14,26.1,15,14862.5,0,9
4465,Tier_3,5932,0,24.3,13,14830,0,9
4466,Tier_3,5950,35,25.9,17,14875,0,9
4467,Tier_3,5945,15,22.1,20,14862.5,0,9
4468,Tier_3,5929,0,23.7,16,14822.5,0,9
4469,Tier_3,5943,27,24.8,13,14857.5,0,9
4470,Tier_3,5924,0,22.1,19,14810,0,9
4471,Tier_3,5923,14,25.5,15,14807.5,0,9
4472,Tier_3,5935,28,23,16,14837.5,0,9
4473,Tier_3,5928,11,26.3,18,14820,0,9
4474,Tier_3,5911,0,21.7,17,14777.5,0,9
4475,Tier_3,5930,33,24.1,14,14825,0,9
4476,Tier_3,5928,13,25.9,15,14820,0,9
4477,Tier_3,5909,0,23.5,19,14772.5,0,9
4478,Tier_3,5916,19,20.4,12,14790,0,9
4479,Tier_3,5912,12,24.9,16,14780,0,9
4480,Tier_3,5909,15,21.1,18,14772.5,0,9
4481,Tier_3,5930,34,25,13,14825,0,9
4482,Tier_3,5929,14,22.8,15,14822.5,0,9
4483,Tier_3,5927,15,23.3,17,14817.5,0,9
4484,Tier_3,5924,11,26.1,14,14810,0,9
4485,Tier_3,5908,0,24.5,16,14770,0,9
4486,Tier_3,5919,30,20.9,19,14797.5,0,9
4487,Tier_3,5904,0,25.2,15,14760,0,9
4488,Tier_3,5893,0,23.8,11,14732.5,0,9
4489,Tier_3,5924,49,21.5,18,14810,0,9
4490,Tier_3,5925,14,24,13,14812.5,0,9
4491,Tier_3,5908,0,25.7,17,14770,0,9
4492,Tier_3,5940,46,22.3,14,14850,0,9
4493,Tier_3,5925,0,23.1,15,14812.5,0,9
4494,Tier_3,5923,17,23.7,19,14807.5,0,9
4495,Tier_3,5930,19,25.1,12,14825,0,9
4496,Tier_3,5929,16,22.9,17,14822.5,0,9
4497,Tier_3,5926,12,24.5,15,14815,0,9
4498,Tier_3,5928,15,21.3,13,14820,0,9
4499,Tier_3,5937,25,23.8,16,14842.5,0,9
4500,Tier_3,5919,0,20.5,18,14797.5,0,9
4501,Tier_3,5932,27,26.2,14,14830,0,9
4502,Tier_3,5939,18,22.1,11,14847.5,0,9
4503,Tier_3,5924,0,24.9,15,14810,0,9
4504,Tier_3,5924,17,21.8,17,14810,0,9
4505,Tier_3,5924,12,23.3,12,14810,0,9
4506,Tier_3,5943,35,20.1,16,14857.5,0,9
4507,Tier_3,5943,13,25.5,13,14857.5,0,9
4508,Tier_3,5928,0,22.7,15,14820,0,9
4509,Tier_3,5927,18,23.1,19,14817.5,0,9
4510,Tier_3,5928,15,20.9,14,14820,0,9
4511,Tier_3,5928,16,24.1,16,14820,0,9
4512,Tier_3,5946,31,21.5,13,14865,0,9
4513,Tier_3,5935,0,23.5,11,14837.5,0,9
4514,Tier_3,5947,29,22.3,17,14867.5,0,9
4515,Tier_3,5929,0,25.8,18,14822.5,0,9
4516,Tier_3,5927,12,21,14,14817.5,0,9
4517,Tier_3,5927,15,23,15,14817.5,0,9
4518,Tier_3,5929,18,20.3,16,14822.5,0,9
4519,Tier_3,5953,35,23.7,11,14882.5,0,9
4520,Tier_3,5964,30,25.1,19,14910,0,9
4521,Tier_3,5963,14,22.9,15,14907.5,0,9
4522,Tier_3,5950,0,24.5,13,14875,0,9
4523,Tier_3,5951,17,23.1,16,14877.5,0,9
4524,Tier_3,5946,13,24.8,18,14865,0,9
4525,Tier_3,5932,0,22.3,14,14830,0,9
4526,Tier_3,5947,32,25.5,17,14867.5,0,9
4527,Tier_3,5953,18,23.5,12,14882.5,0,9
4528,Tier_3,5973,35,24.1,15,14932.5,0,9
4529,Tier_3,5962,0,22.7,11,14905,0,9
4530,Tier_3,5943,0,24.9,19,14857.5,0,9
4531,Tier_3,5960,33,23.3,16,14900,0,9
4532,Tier_3,5963,16,25.8,13,14907.5,0,9
4533,Tier_3,5960,14,22.1,17,14900,0,9
4534,Tier_3,5964,19,24.3,15,14910,0,9
4535,Tier_3,5967,17,23.9,14,14917.5,0,9
4536,Tier_3,5965,16,25.3,18,14912.5,0,9
4537,Tier_3,5980,31,22.5,16,14950,0,9
4538,Tier_3,5982,17,24.7,15,14955,0,9
4539,Tier_3,5970,0,23.1,12,14925,0,9
4540,Tier_3,5967,14,25.9,17,14917.5,0,9
4541,Tier_3,5969,15,22.9,13,14922.5,0,9
4542,Tier_3,5951,0,24.5,18,14877.5,0,9
4543,Tier_3,5953,18,23.5,16,14882.5,0,9
4544,Tier_3,5947,12,25.1,18,14867.5,0,9
4545,Tier_3,5951,15,22.8,11,14877.5,0,9
4546,Tier_3,5972,37,24.5,16,14930,0,9
4547,Tier_3,5963,11,23.3,20,14907.5,0,9
4548,Tier_3,5949,0,26,14,14872.5,0,9
4549,Tier_3,5951,19,21.9,17,14877.5,0,9
4550,Tier_3,5941,0,25.5,10,14852.5,0,9
4551,Tier_3,5933,14,23,22,14832.5,0,9
4552,Tier_3,5965,47,24.1,15,14912.5,0,9
4553,Tier_3,5946,0,22.5,19,14865,0,9
4554,Tier_3,5954,17,25.8,9,14885,0,9
4555,Tier_3,5969,31,23.5,16,14922.5,0,9
4556,Tier_3,5948,0,24.9,21,14870,0,9
4557,Tier_3,5935,0,21.1,13,14837.5,0,9
4558,Tier_3,5951,33,26.5,17,14877.5,0,9
4559,Tier_3,5966,30,23.8,15,14915,0,9
4560,Tier_3,5956,0,22.2,10,14890,0,9
4561,Tier_3,5948,15,25,23,14870,0,9
4562,Tier_3,5947,13,24,14,14867.5,0,9
4563,Tier_3,5946,17,21.5,18,14865,0,9
4564,Tier_3,5944,14,23.1,16,14860,0,9
4565,Tier_3,5933,0,25.2,11,14832.5,0,9
4566,Tier_3,5948,35,22,20,14870,0,9
4567,Tier_3,5948,15,24.3,15,14870,0,9
4568,Tier_3,5943,12,23.9,17,14857.5,0,9
4569,Tier_3,5948,17,25.1,12,14870,0,9
4570,Tier_3,5962,33,19.3,19,14905,0,9
4571,Tier_3,5964,16,28.5,14,14910,0,9
4572,Tier_3,5947,0,23.9,17,14867.5,0,9
4573,Tier_3,5937,0,21,10,14842.5,0,9
4574,Tier_3,5948,32,26.7,21,14870,0,9
4575,Tier_3,5949,17,22.5,16,14872.5,0,9
4576,Tier_3,5961,25,24.1,13,14902.5,0,9
4577,Tier_3,5946,0,20.8,15,14865,0,9
4578,Tier_3,5940,12,27.3,18,14850,0,9
4579,Tier_3,5944,15,23,11,14860,0,9
4580,Tier_3,5940,10,21.5,14,14850,0,9
4581,Tier_3,5939,18,25.8,19,14847.5,0,9
4582,Tier_3,5937,11,22.1,13,14842.5,0,9
4583,Tier_3,5934,14,24.5,17,14835,0,9
4584,Tier_3,5935,16,20.3,15,14837.5,0,9
4585,Tier_3,5930,17,26,22,14825,0,9
4586,Tier_3,5952,32,23.5,10,14880,0,9
4587,Tier_3,5951,15,21.8,16,14877.5,0,9
4588,Tier_3,5956,18,24.8,13,14890,0,9
4589,Tier_3,5954,15,22.9,17,14885,0,9
4590,Tier_3,5945,10,27.1,19,14862.5,0,9
4591,Tier_3,5948,14,20.5,11,14870,0,9
4592,Tier_3,5950,16,23.3,14,14875,0,9
4593,Tier_3,5932,0,25.5,18,14830,0,9
4594,Tier_3,5945,31,25.1,18,14862.5,0,9
4595,Tier_3,5930,0,20.8,15,14825,0,9
4596,Tier_3,5934,16,24.5,12,14835,0,9
4597,Tier_3,5931,14,21.3,17,14827.5,0,9
4598,Tier_3,5924,12,26,19,14810,0,9
4599,Tier_3,5924,11,22.9,11,14810,0,9
4600,Tier_3,5925,17,25.5,16,14812.5,0,9
4601,Tier_3,5931,19,23.1,13,14827.5,0,9
4602,Tier_3,5950,33,20.1,14,14875,0,9
4603,Tier_3,5930,0,27.2,20,14825,0,9
4604,Tier_3,5948,28,23.8,10,14870,0,9
4605,Tier_3,5953,20,24,15,14882.5,0,9
4606,Tier_3,5935,0,21.5,18,14837.5,0,9
4607,Tier_3,5951,29,25.9,13,14877.5,0,9
4608,Tier_3,5934,0,22.3,17,14835,0,9
4609,Tier_3,5927,12,23.5,19,14817.5,0,9
4610,Tier_3,5925,14,20.5,16,14812.5,0,9
4611,Tier_3,5946,32,26.5,11,14865,0,9
4612,Tier_3,5946,18,24.1,18,14865,0,9
4613,Tier_3,5940,15,21,21,14850,0,9
4614,Tier_3,5928,0,25,12,14820,0,9
4615,Tier_3,5930,17,22,15,14825,0,9
4616,Tier_3,5935,18,23.3,13,14837.5,0,9
4617,Tier_3,5931,16,20.9,20,14827.5,0,9
4618,Tier_3,5926,14,24.8,19,14815,0,9
4619,Tier_3,5945,31,23.8,12,14862.5,0,9
4620,Tier_3,5945,15,25.1,15,14862.5,0,9
4621,Tier_3,5928,0,22.5,17,14820,0,9
4622,Tier_3,5946,31,24.9,13,14865,0,9
4623,Tier_3,5930,0,23.1,16,14825,0,9
4624,Tier_3,5952,33,25.8,11,14880,0,9
4625,Tier_3,5934,0,21,18,14835,0,9
4626,Tier_3,5935,15,23.3,14,14837.5,0,9
4627,Tier_3,5920,0,24.5,15,14800,0,9
4628,Tier_3,5939,29,22.7,10,14847.5,0,9
4629,Tier_3,5935,15,23.9,19,14837.5,0,9
4630,Tier_3,5972,50,25.5,13,14930,0,9
4631,Tier_3,5956,0,21.8,16,14890,0,9
4632,Tier_3,5941,0,23,15,14852.5,0,9
4633,Tier_3,5953,32,24.1,20,14882.5,0,9
4634,Tier_3,5960,19,22.2,12,14900,0,9
4635,Tier_3,5945,0,25,15,14862.5,0,9
4636,Tier_3,5945,17,23.5,17,14862.5,0,9
4637,Tier_3,5960,29,24.7,14,14900,0,9
4638,Tier_3,5962,18,21.5,16,14905,0,9
4639,Tier_3,5973,29,23.7,18,14932.5,0,9
4640,Tier_3,5962,0,25.3,11,14905,0,9
4641,Tier_3,5947,0,22.9,15,14867.5,0,9
4642,Tier_3,5928,0,24.3,19,14820,0,9
4643,Tier_3,5963,48,23.6,13,14907.5,0,9
4644,Tier_3,5946,0,23.5,17,14865,0,9
4645,Tier_3,5952,18,25.1,12,14880,0,9
4646,Tier_3,5969,36,20.9,19,14922.5,0,9
4647,Tier_3,5968,14,24.8,15,14920,0,9
4648,Tier_3,5954,0,21.3,14,14885,0,9
4649,Tier_3,5953,15,26,16,14882.5,0,9
4650,Tier_3,5948,13,23.7,18,14870,0,9
4651,Tier_3,5965,28,22.5,11,14912.5,0,9
4652,Tier_3,5950,0,25.9,15,14875,0,9
4653,Tier_3,5972,35,21.1,13,14930,0,9
4654,Tier_3,5955,0,24.2,17,14887.5,0,9
4655,Tier_3,5960,15,23.1,10,14900,0,9
4656,Tier_3,5968,27,25.5,19,14920,0,9
4657,Tier_3,5971,19,20.3,16,14927.5,0,9
4658,Tier_3,5957,0,22.8,14,14892.5,0,9
4659,Tier_3,5946,0,26.5,11,14865,0,9
4660,Tier_3,5977,49,21.7,18,14942.5,0,9
4661,Tier_3,5962,0,24,15,14905,0,9
4662,Tier_3,5964,14,23.3,12,14910,0,9
4663,Tier_3,5964,17,25.8,17,14910,0,9
4664,Tier_3,5967,16,21.9,13,14917.5,0,9
4665,Tier_3,5963,12,22.2,16,14907.5,0,9
4666,Tier_3,5968,19,24.5,14,14920,0,9
4667,Tier_3,5984,35,20.1,19,14960,0,9
4668,Tier_3,5987,18,23.9,15,14967.5,0,9
4669,Tier_3,5990,19,24.1,16,14975,0,9
4670,Tier_3,5992,15,23.5,13,14980,0,9
4671,Tier_3,5974,0,25.8,18,14935,0,9
4672,Tier_3,5974,11,22.9,11,14935,0,9
4673,Tier_3,5971,17,24.5,20,14927.5,0,9
4674,Tier_3,5997,41,23.1,15,14992.5,0,9
4675,Tier_3,5998,13,25,12,14995,0,9
4676,Tier_3,5979,0,24.8,19,14947.5,0,9
4677,Tier_3,5973,15,22.3,21,14932.5,0,9
4678,Tier_3,6001,42,24.9,14,15002.5,0,9
4679,Tier_3,5984,0,23.8,17,14960,0,9
4680,Tier_3,5974,0,25.5,10,14935,0,9
4681,Tier_3,5971,19,24,22,14927.5,0,9
4682,Tier_3,5997,41,22.7,15,14992.5,0,9
4683,Tier_3,5979,0,24.3,18,14947.5,0,9
4684,Tier_3,5968,0,23,11,14920,0,9
4685,Tier_3,5987,44,25.1,25,14967.5,0,9
4686,Tier_3,5984,11,23.3,14,14960,0,9
4687,Tier_3,6005,40,24.7,19,15012.5,0,9
4688,Tier_3,5992,0,22,13,14980,0,9
4689,Tier_3,5992,20,25.2,20,14980,0,9
4690,Tier_3,5990,15,23.6,17,14975,0,9
4691,Tier_3,5978,0,24.4,12,14945,0,9
4692,Tier_3,5971,16,22.5,23,14927.5,0,9
4693,Tier_3,5973,18,24.6,16,14932.5,0,9
4694,Tier_3,5977,15,98.3,11,14942.5,0,9
4695,Tier_3,5975,13,105.1,15,14937.5,0,9
4696,Tier_3,5965,0,78.9,10,14912.5,0,9
4697,Tier_3,6003,56,112.5,18,15007.5,0,9
4698,Tier_3,5990,0,72.1,13,14975,0,9
4699,Tier_3,5993,20,95,17,14982.5,0,9
4700,Tier_3,5995,14,118.2,12,14987.5,0,9
4701,Tier_3,5997,17,101.5,15,14992.5,0,9
4702,Tier_3,5983,0,88.3,14,14957.5,0,9
4703,Tier_3,6005,33,92.7,11,15012.5,0,9
4704,Tier_3,5989,0,115.4,16,14972.5,0,9
4705,Tier_3,6011,35,75.6,13,15027.5,0,9
4706,Tier_3,6008,12,108,15,15020,0,9
4707,Tier_3,6026,30,99.1,12,15065,0,9
4708,Tier_3,6009,0,110.3,17,15022.5,0,9
4709,Tier_3,6010,15,73.5,14,15025,0,9
4710,Tier_3,6035,36,103.2,11,15087.5,0,9
4711,Tier_3,6019,0,119.8,16,15047.5,0,9
4712,Tier_3,6024,18,97.4,13,15060,0,9
4713,Tier_3,6009,0,106.7,15,15022.5,0,9
4714,Tier_3,6053,56,76.1,12,15132.5,0,9
4715,Tier_3,6049,13,111,17,15122.5,0,9
4716,Tier_3,6035,0,94.5,14,15087.5,0,9
4717,Tier_3,6024,0,102.8,11,15060,0,9
4718,Tier_3,6024,15,113.3,15,15060,0,9
4719,Tier_3,6006,0,23.5,18,15015,0,9
4720,Tier_3,5993,0,24.1,13,14982.5,0,9
4721,Tier_3,5977,0,22.8,16,14942.5,0,9
4722,Tier_3,5966,0,25,11,14915,0,9
4723,Tier_3,5951,0,23.3,15,14877.5,0,9
4724,Tier_3,5934,0,24.5,17,14835,0,9
4725,Tier_3,5921,0,21.9,13,14802.5,0,9
4726,Tier_3,5902,0,23.1,19,14755,0,9
4727,Tier_3,5888,0,25.2,14,14720,0,9
4728,Tier_3,5870,0,22.5,18,14675,0,9
4729,Tier_3,5858,0,24,12,14645,0,9
4730,Tier_3,5843,0,23.7,15,14607.5,0,9
4731,Tier_3,5826,0,21.1,17,14565,0,9
4732,Tier_3,5815,0,24.8,11,14537.5,0,9
4733,Tier_3,5802,0,22.3,13,14505,0,9
4734,Tier_3,5786,0,23.9,16,14465,0,9
4735,Tier_3,5767,0,25.5,19,14417.5,0,9
4736,Tier_3,5753,0,21.5,14,14382.5,0,9
4737,Tier_3,5735,0,23,18,14337.5,0,9
4738,Tier_3,5720,0,24.2,15,14300,0,9
4739,Tier_3,5703,0,22.9,17,14257.5,0,9
4740,Tier_3,5692,0,23.6,11,14230,0,9
4741,Tier_3,5679,0,25,13,14197.5,0,9
4742,Tier_3,5663,0,21.7,16,14157.5,0,9
4743,Tier_3,5661,17,23.4,19,14152.5,0,9
4744,Tier_3,5674,27,23.7,14,14185,0,9
4745,Tier_3,5655,0,24.1,19,14137.5,0,9
4746,Tier_3,5661,19,25.8,13,14152.5,0,9
4747,Tier_3,5679,34,23.2,16,14197.5,0,9
4748,Tier_3,5678,14,24.9,15,14195,0,9
4749,Tier_3,5676,15,26.5,17,14190,0,9
4750,Tier_3,5681,17,24,12,14202.5,0,9
4751,Tier_3,5663,0,23.5,18,14157.5,0,9
4752,Tier_3,5679,27,25.1,11,14197.5,0,9
4753,Tier_3,5676,16,22.9,19,14190,0,9
4754,Tier_3,5681,19,24.5,14,14202.5,0,9
4755,Tier_3,5681,15,23,15,14202.5,0,9
4756,Tier_3,5664,0,25.5,17,14160,0,9
4757,Tier_3,5669,18,24.2,13,14172.5,0,9
4758,Tier_3,5684,33,23.8,18,14210,0,9
4759,Tier_3,5672,0,26.1,12,14180,0,9
4760,Tier_3,5669,13,24.7,16,14172.5,0,9
4761,Tier_3,5662,12,22.5,19,14155,0,9
4762,Tier_3,5681,33,25.3,14,14202.5,0,9
4763,Tier_3,5670,0,23.3,11,14175,0,9
4764,Tier_3,5691,36,24.8,15,14227.5,0,9
4765,Tier_3,5678,0,26,13,14195,0,9
4766,Tier_3,5690,30,23.1,18,14225,0,9
4767,Tier_3,5673,0,24.3,17,14182.5,0,9
4768,Tier_3,5673,12,25.7,12,14182.5,0,9
4769,Tier_3,5672,15,25.1,16,14180,0,9
4770,Tier_3,5679,18,23.8,11,14197.5,0,9
4771,Tier_3,5662,0,24.5,17,14155,0,9
4772,Tier_3,5660,11,22.9,13,14150,0,9
4773,Tier_3,5656,14,25.5,18,14140,0,9
4774,Tier_3,5657,16,23.1,15,14142.5,0,9
4775,Tier_3,5661,23,24,19,14152.5,0,9
4776,Tier_3,5662,15,22.5,14,14155,0,9
4777,Tier_3,5667,17,25.3,12,14167.5,0,9
4778,Tier_3,5682,31,23.5,16,14205,0,9
4779,Tier_3,5662,0,24.1,20,14155,0,9
4780,Tier_3,5652,0,22.8,10,14130,0,9
4781,Tier_3,5646,11,25,17,14115,0,9
4782,Tier_3,5662,30,23.3,14,14155,0,9
4783,Tier_3,5659,18,24.8,21,14147.5,0,9
4784,Tier_3,5644,0,22,15,14110,0,9
4785,Tier_3,5659,28,25.2,13,14147.5,0,9
4786,Tier_3,5658,17,23.9,18,14145,0,9
4787,Tier_3,5652,10,24.6,16,14130,0,9
4788,Tier_3,5641,0,22.2,11,14102.5,0,9
4789,Tier_3,5655,28,25.4,14,14137.5,0,9
4790,Tier_3,5636,0,23.6,19,14090,0,9
4791,Tier_3,5653,29,24.3,12,14132.5,0,9
4792,Tier_3,5638,0,22.7,15,14095,0,9
4793,Tier_3,5621,0,25,17,14052.5,0,9
4794,Tier_3,5643,41,23.5,19,14107.5,0,9
4795,Tier_3,5664,36,28.1,15,14160,0,9
4796,Tier_3,5647,0,24.9,17,14117.5,0,9
4797,Tier_3,5648,14,20.3,13,14120,0,9
4798,Tier_3,5644,16,25.7,20,14110,0,9
4799,Tier_3,5667,39,22.5,16,14167.5,0,9
4800,Tier_3,5646,0,27.8,21,14115,0,9
4801,Tier_3,5628,0,23.1,18,14070,0,9
4802,Tier_3,5642,28,26.5,14,14105,0,9
4803,Tier_3,5655,35,24,22,14137.5,0,9
4804,Tier_3,5638,0,21.9,17,14095,0,9
4805,Tier_3,5634,15,28.5,19,14085,0,9
4806,Tier_3,5653,34,25.1,15,14132.5,0,9
4807,Tier_3,5633,0,23.3,20,14082.5,0,9
4808,Tier_3,5636,19,27,16,14090,0,9
4809,Tier_3,5623,0,22.8,13,14057.5,0,9
4810,Tier_3,5648,46,24.5,21,14120,0,9
4811,Tier_3,5630,0,29.2,18,14075,0,9
4812,Tier_3,5633,17,23.7,14,14082.5,0,9
4813,Tier_3,5610,0,26.8,23,14025,0,9
4814,Tier_3,5626,33,21,17,14065,0,9
4815,Tier_3,5635,29,25.5,20,14087.5,0,9
4816,Tier_3,5620,0,28.9,15,14050,0,9
4817,Tier_3,5612,11,24.2,19,14030,0,9
4818,Tier_3,5632,36,22.1,16,14080,0,9
4819,Tier_3,5616,0,24.7,16,14040,0,9
4820,Tier_3,5605,0,20.1,11,14012.5,0,9
4821,Tier_3,5615,29,23.5,19,14037.5,0,9
4822,Tier_3,5600,0,25.9,15,14000,0,9
4823,Tier_3,5599,12,21.3,13,13997.5,0,9
4824,Tier_3,5616,34,22.8,17,14040,0,9
4825,Tier_3,5598,0,23.1,18,13995,0,9
4826,Tier_3,5599,15,24.5,14,13997.5,0,9
4827,Tier_3,5604,20,20.5,15,14010,0,9
4828,Tier_3,5620,32,21.9,16,14050,0,9
4829,Tier_3,5608,0,23.9,12,14020,0,9
4830,Tier_3,5607,18,22.3,19,14017.5,0,9
4831,Tier_3,5604,12,24.1,15,14010,0,9
4832,Tier_3,5604,11,23.2,11,14010,0,9
4833,Tier_3,5608,17,21.5,13,14020,0,9
4834,Tier_3,5609,19,25,18,14022.5,0,9
4835,Tier_3,5624,29,20.8,14,14060,0,9
4836,Tier_3,5620,13,23.7,17,14050,0,9
4837,Tier_3,5604,0,22.9,16,14010,0,9
4838,Tier_3,5585,0,24.3,19,13962.5,0,9
4839,Tier_3,5573,0,21.1,12,13932.5,0,9
4840,Tier_3,5627,69,23.4,15,14067.5,0,9
4841,Tier_3,5645,35,20.3,17,14112.5,0,9
4842,Tier_3,5632,0,22.5,13,14080,0,9
4843,Tier_3,5614,0,23,18,14035,0,9
4844,Tier_3,5626,30,23.5,18,14065,0,9
4845,Tier_3,5640,27,24.1,13,14100,0,9
4846,Tier_3,5625,0,21.9,15,14062.5,0,9
4847,Tier_3,5641,26,25.8,10,14102.5,0,9
4848,Tier_3,5655,31,23.3,17,14137.5,0,9
4849,Tier_3,5643,0,22.7,12,14107.5,0,9
4850,Tier_3,5658,30,24.5,15,14145,0,9
4851,Tier_3,5639,0,23.1,19,14097.5,0,9
4852,Tier_3,5646,18,25,11,14115,0,9
4853,Tier_3,5646,14,22.3,14,14115,0,9
4854,Tier_3,5630,0,24.8,16,14075,0,9
4855,Tier_3,5658,41,23.9,13,14145,0,9
4856,Tier_3,5655,12,21.5,15,14137.5,0,9
4857,Tier_3,5638,0,25.2,17,14095,0,9
4858,Tier_3,5628,0,23.7,10,14070,0,9
4859,Tier_3,5631,17,22.1,14,14077.5,0,9
4860,Tier_3,5660,48,24.3,19,14150,0,9
4861,Tier_3,5666,18,23,12,14165,0,9
4862,Tier_3,5665,15,21,16,14162.5,0,9
4863,Tier_3,5668,14,24.9,11,14170,0,9
4864,Tier_3,5664,11,23.6,15,14160,0,9
4865,Tier_3,5646,0,22.5,18,14115,0,9
4866,Tier_3,5648,15,25.5,13,14120,0,9
4867,Tier_3,5631,0,23.2,17,14077.5,0,9
4868,Tier_3,5647,30,21.8,14,14117.5,0,9
4869,Tier_3,5643,15,22.5,19,14107.5,0,9
4870,Tier_3,5632,0,26.1,11,14080,0,9
4871,Tier_3,5630,14,20.8,16,14075,0,9
4872,Tier_3,5628,16,24.9,18,14070,0,9
4873,Tier_3,5626,11,23.3,13,14065,0,9
4874,Tier_3,5641,30,25.7,15,14102.5,0,9
4875,Tier_3,5639,15,21,17,14097.5,0,9
4876,Tier_3,5629,0,28.5,10,14072.5,0,9
4877,Tier_3,5620,10,22.1,19,14050,0,9
4878,Tier_3,5620,14,24,14,14050,0,9
4879,Tier_3,5636,31,25.3,15,14090,0,9
4880,Tier_3,5620,0,20.1,16,14050,0,9
4881,Tier_3,5618,15,23.8,17,14045,0,9
4882,Tier_3,5632,27,26.5,13,14080,0,9
4883,Tier_3,5637,17,21.5,12,14092.5,0,9
4884,Tier_3,5650,31,24.2,18,14125,0,9
4885,Tier_3,5636,0,27.9,14,14090,0,9
4886,Tier_3,5621,0,23,15,14052.5,0,9
4887,Tier_3,5617,16,22.8,20,14042.5,0,9
4888,Tier_3,5628,24,25,13,14070,0,9
4889,Tier_3,5612,0,20.5,16,14030,0,9
4890,Tier_3,5631,33,23.5,14,14077.5,0,9
4891,Tier_3,5637,17,28,11,14092.5,0,9
4892,Tier_3,5650,31,22.3,18,14125,0,9
4893,Tier_3,5548,0,23.5,102,13870,0,9
4894,Tier_3,5433,0,24.1,115,13582.5,0,9
4895,Tier_3,5335,0,21.8,98,13337.5,0,9
4896,Tier_3,5260,45,25.3,120,13150,0,9
4897,Tier_3,5191,16,22.9,85,12977.5,0,9
4898,Tier_3,5086,0,23.1,105,12715,0,9
4899,Tier_3,5012,18,20.5,92,12530,0,9
4900,Tier_3,4923,29,24.5,118,12307.5,0,9
4901,Tier_3,4793,0,23.8,130,11982.5,0,9
4902,Tier_3,4727,12,21.2,78,11817.5,0,9
4903,Tier_3,4626,0,24,101,11565,0,9
4904,Tier_3,4561,30,22.7,95,11402.5,0,9
4905,Tier_3,4466,30,23.3,125,11165,0,9
4906,Tier_3,4378,0,20.1,88,10945,0,9
4907,Tier_3,4268,0,25,110,10670,0,9
4908,Tier_3,4202,33,22.3,99,10505,0,9
4909,Tier_3,4100,33,24.8,135,10250,0,9
4910,Tier_3,4031,21,21.5,90,10077.5,0,9
4911,Tier_3,3903,0,23.9,128,9757.5,0,9
4912,Tier_3,3828,0,20.8,75,9570,0,9
4913,Tier_3,3743,27,24.2,112,9357.5,0,9
4914,Tier_3,3680,34,22,97,9200,0,9
4915,Tier_3,3587,0,23,93,8967.5,0,9
4916,Tier_3,3455,0,24.7,132,8637.5,0,9
4917,Tier_3,3404,31,21.9,82,8510,0,9
4918,Tier_3,3404,17,23.8,17,8510,0,9
4919,Tier_3,3416,27,25.1,15,8540,0,9
4920,Tier_3,3417,14,24.9,13,8542.5,0,9
4921,Tier_3,3433,34,21.5,18,8582.5,0,9
4922,Tier_3,3417,0,24.3,16,8542.5,0,9
4923,Tier_3,3418,13,26,12,8545,0,9
4924,Tier_3,3421,17,23.1,14,8552.5,0,9
4925,Tier_3,3421,19,25.5,19,8552.5,0,9
4926,Tier_3,3420,14,22.8,15,8550,0,9
4927,Tier_3,3434,31,24.1,17,8585,0,9
4928,Tier_3,3441,18,23.5,11,8602.5,0,9
4929,Tier_3,3425,0,25.8,16,8562.5,0,9
4930,Tier_3,3428,16,21.9,13,8570,0,9
4931,Tier_3,3413,0,24.5,15,8532.5,0,9
4932,Tier_3,3427,32,22.3,18,8567.5,0,9
4933,Tier_3,3426,13,25,14,8565,0,9
4934,Tier_3,3428,19,23,17,8570,0,9
4935,Tier_3,3431,18,24.7,15,8577.5,0,9
4936,Tier_3,3435,16,21.1,12,8587.5,0,9
4937,Tier_3,3436,17,26.2,16,8590,0,9
4938,Tier_3,3438,15,23.9,13,8595,0,9
4939,Tier_3,3437,14,25.3,15,8592.5,0,9
4940,Tier_3,3419,0,22.6,18,8547.5,0,9
4941,Tier_3,3424,19,24,14,8560,0,9
4942,Tier_3,3421,14,23.3,17,8552.5,0,9
4943,Tier_3,3419,15,23.5,17,8547.5,0,9
4944,Tier_3,3425,18,27.1,12,8562.5,0,9
4945,Tier_3,3421,11,24.9,15,8552.5,0,9
4946,Tier_3,3420,17,21.3,18,8550,0,9
4947,Tier_3,3426,19,25,13,8565,0,9
4948,Tier_3,3411,0,23.8,15,8527.5,0,9
4949,Tier_3,3419,27,26.5,19,8547.5,0,9
4950,Tier_3,3408,0,22.1,11,8520,0,9
4951,Tier_3,3426,34,25.5,16,8565,0,9
4952,Tier_3,3441,29,20.9,14,8602.5,0,9
4953,Tier_3,3424,0,24,17,8560,0,9
4954,Tier_3,3430,19,28.2,13,8575,0,9
4955,Tier_3,3440,28,22.7,18,8600,0,9
4956,Tier_3,3425,0,26,15,8562.5,0,9
4957,Tier_3,3438,25,21.5,12,8595,0,9
4958,Tier_3,3438,16,23.1,16,8595,0,9
4959,Tier_3,3419,0,25.8,19,8547.5,0,9
4960,Tier_3,3424,18,20.2,13,8560,0,9
4961,Tier_3,3407,0,24.5,17,8517.5,0,9
4962,Tier_3,3409,17,27.9,15,8522.5,0,9
4963,Tier_3,3432,34,23.3,11,8580,0,9
4964,Tier_3,3427,13,25.1,18,8567.5,0,9
4965,Tier_3,3442,31,21,16,8605,0,9
4966,Tier_3,3428,0,24.3,14,8570,0,9
4967,Tier_3,3445,30,22.9,13,8612.5,0,9
4968,Tier_3,3428,0,25.1,17,8570,0,9
4969,Tier_3,3415,0,22.5,13,8537.5,0,9
4970,Tier_3,3419,19,28.9,15,8547.5,0,9
4971,Tier_3,3415,15,24.3,19,8537.5,0,9
4972,Tier_3,3443,44,21,16,8607.5,0,9
4973,Tier_3,3441,12,26.7,14,8602.5,0,9
4974,Tier_3,3423,0,23.1,18,8557.5,0,9
4975,Tier_3,3430,18,20.5,11,8575,0,9
4976,Tier_3,3415,0,29.2,15,8537.5,0,9
4977,Tier_3,3438,36,24,13,8595,0,9
4978,Tier_3,3437,16,21.8,17,8592.5,0,9
4979,Tier_3,3438,13,27.5,12,8595,0,9
4980,Tier_3,3434,14,22.9,18,8585,0,9
4981,Tier_3,3436,17,25.6,15,8590,0,9
4982,Tier_3,3449,29,23.3,16,8622.5,0,9
4983,Tier_3,3435,0,28.1,14,8587.5,0,9
4984,Tier_3,3422,0,20.1,13,8555,0,9
4985,Tier_3,3436,33,24.5,19,8590,0,9
4986,Tier_3,3452,31,26,15,8630,0,9
4987,Tier_3,3435,0,21.3,17,8587.5,0,9
4988,Tier_3,3424,0,27.9,11,8560,0,9
4989,Tier_3,3428,17,22,13,8570,0,9
4990,Tier_3,3454,44,25.5,18,8635,0,9
4991,Tier_3,3456,18,23.8,16,8640,0,9
4992,Tier_3,3442,0,29.5,14,8605,0,9
4993,Tier_3,3457,28,25.1,13,8642.5,0,9
4994,Tier_3,3439,0,22.9,18,8597.5,0,9
4995,Tier_3,3467,39,26.3,11,8667.5,0,9
4996,Tier_3,3451,0,21.5,16,8627.5,0,9
4997,Tier_3,3444,12,23.8,19,8610,0,9
4998,Tier_3,3434,0,25.9,10,8585,0,9
4999,Tier_3,3431,11,22.1,14,8577.5,0,9
